<?xml version="1.0" encoding="UTF-8"?>
<TrainingCenterDatabase xmlns="http://www.garmin.com/xmlschemas/TrainingCenterDatabase/v2"
  xmlns:ns3="http://www.garmin.com/xmlschemas/ActivityExtension/v2">
  <Activities><Activity Sport="Biking">
    <Id>2024-07-15T17:46:40Z</Id>
    <Lap StartTime="2024-07-15T17:46:40Z">
      <TotalTimeSeconds>240</TotalTimeSeconds>
      <DistanceMeters>2000.30</DistanceMeters>
      <Intensity>Active</Intensity><TriggerMethod>Manual</TriggerMethod>
      <Track>
        <Trackpoint>
          <Time>2024-07-15T17:46:40Z</Time>
          <Position><LatitudeDegrees>50.3356000</LatitudeDegrees><LongitudeDegrees>6.9475000</LongitudeDegrees></Position>
          <AltitudeMeters>480.0</AltitudeMeters>
          <DistanceMeters>0.00</DistanceMeters>
          <Cadence>89</Cadence>
          <Extensions><ns3:TPX><ns3:Speed>12.291</ns3:Speed><ns3:Watts>205</ns3:Watts></ns3:TPX></Extensions>
        </Trackpoint>
        <Trackpoint>
          <Time>2024-07-15T17:46:41Z</Time>
          <Position><LatitudeDegrees>50.3356589</LatitudeDegrees><LongitudeDegrees>6.9476465</LongitudeDegrees></Position>
          <AltitudeMeters>480.2</AltitudeMeters>
          <DistanceMeters>12.29</DistanceMeters>
          <Cadence>89</Cadence>
          <Extensions><ns3:TPX><ns3:Speed>12.291</ns3:Speed><ns3:Watts>206</ns3:Watts></ns3:TPX></Extensions>
        </Trackpoint>
        <Trackpoint>
          <Time>2024-07-15T17:46:42Z</Time>
          <Position><LatitudeDegrees>50.3357178</LatitudeDegrees><LongitudeDegrees>6.9477927</LongitudeDegrees></Position>
          <AltitudeMeters>480.3</AltitudeMeters>
          <DistanceMeters>24.56</DistanceMeters>
          <Cadence>89</Cadence>
          <Extensions><ns3:TPX><ns3:Speed>12.264</ns3:Speed><ns3:Watts>208</ns3:Watts></ns3:TPX></Extensions>
        </Trackpoint>
        <Trackpoint>
          <Time>2024-07-15T17:46:43Z</Time>
          <Position><LatitudeDegrees>50.3357765</LatitudeDegrees><LongitudeDegrees>6.9479380</LongitudeDegrees></Position>
          <AltitudeMeters>480.5</AltitudeMeters>
          <DistanceMeters>36.77</DistanceMeters>
          <Cadence>89</Cadence>
          <Extensions><ns3:TPX><ns3:Speed>12.211</ns3:Speed><ns3:Watts>210</ns3:Watts></ns3:TPX></Extensions>
        </Trackpoint>
        <Trackpoint>
          <Time>2024-07-15T17:46:44Z</Time>
          <Position><LatitudeDegrees>50.3358352</LatitudeDegrees><LongitudeDegrees>6.9480822</LongitudeDegrees></Position>
          <AltitudeMeters>480.7</AltitudeMeters>
          <DistanceMeters>48.90</DistanceMeters>
          <Cadence>88</Cadence>
          <Extensions><ns3:TPX><ns3:Speed>12.132</ns3:Speed><ns3:Watts>212</ns3:Watts></ns3:TPX></Extensions>
        </Trackpoint>
        <Trackpoint>
          <Time>2024-07-15T17:46:45Z</Time>
          <Position><LatitudeDegrees>50.3358937</LatitudeDegrees><LongitudeDegrees>6.9482247</LongitudeDegrees></Position>
          <AltitudeMeters>480.9</AltitudeMeters>
          <DistanceMeters>60.93</DistanceMeters>
          <Cadence>88</Cadence>
          <Extensions><ns3:TPX><ns3:Speed>12.027</ns3:Speed><ns3:Watts>214</ns3:Watts></ns3:TPX></Extensions>
        </Trackpoint>
        <Trackpoint>
          <Time>2024-07-15T17:46:46Z</Time>
          <Position><LatitudeDegrees>50.3359520</LatitudeDegrees><LongitudeDegrees>6.9483652</LongitudeDegrees></Position>
          <AltitudeMeters>481.1</AltitudeMeters>
          <DistanceMeters>72.82</DistanceMeters>
          <Cadence>88</Cadence>
          <Extensions><ns3:TPX><ns3:Speed>11.897</ns3:Speed><ns3:Watts>216</ns3:Watts></ns3:TPX></Extensions>
        </Trackpoint>
        <Trackpoint>
          <Time>2024-07-15T17:46:47Z</Time>
          <Position><LatitudeDegrees>50.3360100</LatitudeDegrees><LongitudeDegrees>6.9485034</LongitudeDegrees></Position>
          <AltitudeMeters>481.3</AltitudeMeters>
          <DistanceMeters>84.56</DistanceMeters>
          <Cadence>88</Cadence>
          <Extensions><ns3:TPX><ns3:Speed>11.741</ns3:Speed><ns3:Watts>217</ns3:Watts></ns3:TPX></Extensions>
        </Trackpoint>
        <Trackpoint>
          <Time>2024-07-15T17:46:48Z</Time>
          <Position><LatitudeDegrees>50.3360678</LatitudeDegrees><LongitudeDegrees>6.9486389</LongitudeDegrees></Position>
          <AltitudeMeters>481.5</AltitudeMeters>
          <DistanceMeters>96.13</DistanceMeters>
          <Cadence>88</Cadence>
          <Extensions><ns3:TPX><ns3:Speed>11.561</ns3:Speed><ns3:Watts>219</ns3:Watts></ns3:TPX></Extensions>
        </Trackpoint>
        <Trackpoint>
          <Time>2024-07-15T17:46:49Z</Time>
          <Position><LatitudeDegrees>50.3361253</LatitudeDegrees><LongitudeDegrees>6.9487712</LongitudeDegrees></Position>
          <AltitudeMeters>481.7</AltitudeMeters>
          <DistanceMeters>107.48</DistanceMeters>
          <Cadence>88</Cadence>
          <Extensions><ns3:TPX><ns3:Speed>11.358</ns3:Speed><ns3:Watts>220</ns3:Watts></ns3:TPX></Extensions>
        </Trackpoint>
        <Trackpoint>
          <Time>2024-07-15T17:46:50Z</Time>
          <Position><LatitudeDegrees>50.3361823</LatitudeDegrees><LongitudeDegrees>6.9489000</LongitudeDegrees></Position>
          <AltitudeMeters>481.9</AltitudeMeters>
          <DistanceMeters>118.61</DistanceMeters>
          <Cadence>87</Cadence>
          <Extensions><ns3:TPX><ns3:Speed>11.131</ns3:Speed><ns3:Watts>222</ns3:Watts></ns3:TPX></Extensions>
        </Trackpoint>
        <Trackpoint>
          <Time>2024-07-15T17:46:51Z</Time>
          <Position><LatitudeDegrees>50.3362390</LatitudeDegrees><LongitudeDegrees>6.9490250</LongitudeDegrees></Position>
          <AltitudeMeters>482.1</AltitudeMeters>
          <DistanceMeters>129.50</DistanceMeters>
          <Cadence>87</Cadence>
          <Extensions><ns3:TPX><ns3:Speed>10.883</ns3:Speed><ns3:Watts>223</ns3:Watts></ns3:TPX></Extensions>
        </Trackpoint>
        <Trackpoint>
          <Time>2024-07-15T17:46:52Z</Time>
          <Position><LatitudeDegrees>50.3362953</LatitudeDegrees><LongitudeDegrees>6.9491458</LongitudeDegrees></Position>
          <AltitudeMeters>482.4</AltitudeMeters>
          <DistanceMeters>140.11</DistanceMeters>
          <Cadence>87</Cadence>
          <Extensions><ns3:TPX><ns3:Speed>10.613</ns3:Speed><ns3:Watts>224</ns3:Watts></ns3:TPX></Extensions>
        </Trackpoint>
        <Trackpoint>
          <Time>2024-07-15T17:46:53Z</Time>
          <Position><LatitudeDegrees>50.3363511</LatitudeDegrees><LongitudeDegrees>6.9492621</LongitudeDegrees></Position>
          <AltitudeMeters>482.6</AltitudeMeters>
          <DistanceMeters>150.43</DistanceMeters>
          <Cadence>87</Cadence>
          <Extensions><ns3:TPX><ns3:Speed>10.325</ns3:Speed><ns3:Watts>225</ns3:Watts></ns3:TPX></Extensions>
        </Trackpoint>
        <Trackpoint>
          <Time>2024-07-15T17:46:54Z</Time>
          <Position><LatitudeDegrees>50.3364063</LatitudeDegrees><LongitudeDegrees>6.9493736</LongitudeDegrees></Position>
          <AltitudeMeters>482.8</AltitudeMeters>
          <DistanceMeters>160.45</DistanceMeters>
          <Cadence>87</Cadence>
          <Extensions><ns3:TPX><ns3:Speed>10.017</ns3:Speed><ns3:Watts>226</ns3:Watts></ns3:TPX></Extensions>
        </Trackpoint>
        <Trackpoint>
          <Time>2024-07-15T17:46:55Z</Time>
          <Position><LatitudeDegrees>50.3364610</LatitudeDegrees><LongitudeDegrees>6.9494799</LongitudeDegrees></Position>
          <AltitudeMeters>483.0</AltitudeMeters>
          <DistanceMeters>170.15</DistanceMeters>
          <Cadence>86</Cadence>
          <Extensions><ns3:TPX><ns3:Speed>9.693</ns3:Speed><ns3:Watts>226</ns3:Watts></ns3:TPX></Extensions>
        </Trackpoint>
        <Trackpoint>
          <Time>2024-07-15T17:46:56Z</Time>
          <Position><LatitudeDegrees>50.3365152</LatitudeDegrees><LongitudeDegrees>6.9495808</LongitudeDegrees></Position>
          <AltitudeMeters>483.2</AltitudeMeters>
          <DistanceMeters>179.50</DistanceMeters>
          <Cadence>86</Cadence>
          <Extensions><ns3:TPX><ns3:Speed>9.354</ns3:Speed><ns3:Watts>227</ns3:Watts></ns3:TPX></Extensions>
        </Trackpoint>
        <Trackpoint>
          <Time>2024-07-15T17:46:57Z</Time>
          <Position><LatitudeDegrees>50.3365686</LatitudeDegrees><LongitudeDegrees>6.9496760</LongitudeDegrees></Position>
          <AltitudeMeters>483.4</AltitudeMeters>
          <DistanceMeters>188.50</DistanceMeters>
          <Cadence>86</Cadence>
          <Extensions><ns3:TPX><ns3:Speed>9.002</ns3:Speed><ns3:Watts>227</ns3:Watts></ns3:TPX></Extensions>
        </Trackpoint>
        <Trackpoint>
          <Time>2024-07-15T17:46:58Z</Time>
          <Position><LatitudeDegrees>50.3366215</LatitudeDegrees><LongitudeDegrees>6.9497652</LongitudeDegrees></Position>
          <AltitudeMeters>483.6</AltitudeMeters>
          <DistanceMeters>197.14</DistanceMeters>
          <Cadence>86</Cadence>
          <Extensions><ns3:TPX><ns3:Speed>8.638</ns3:Speed><ns3:Watts>227</ns3:Watts></ns3:TPX></Extensions>
        </Trackpoint>
        <Trackpoint>
          <Time>2024-07-15T17:46:59Z</Time>
          <Position><LatitudeDegrees>50.3366736</LatitudeDegrees><LongitudeDegrees>6.9498483</LongitudeDegrees></Position>
          <AltitudeMeters>483.8</AltitudeMeters>
          <DistanceMeters>205.41</DistanceMeters>
          <Cadence>86</Cadence>
          <Extensions><ns3:TPX><ns3:Speed>8.266</ns3:Speed><ns3:Watts>227</ns3:Watts></ns3:TPX></Extensions>
        </Trackpoint>
        <Trackpoint>
          <Time>2024-07-15T17:47:00Z</Time>
          <Position><LatitudeDegrees>50.3367250</LatitudeDegrees><LongitudeDegrees>6.9499249</LongitudeDegrees></Position>
          <AltitudeMeters>484.0</AltitudeMeters>
          <DistanceMeters>213.29</DistanceMeters>
          <Cadence>85</Cadence>
          <Extensions><ns3:TPX><ns3:Speed>7.887</ns3:Speed><ns3:Watts>226</ns3:Watts></ns3:TPX></Extensions>
        </Trackpoint>
        <Trackpoint>
          <Time>2024-07-15T17:47:01Z</Time>
          <Position><LatitudeDegrees>50.3367756</LatitudeDegrees><LongitudeDegrees>6.9499948</LongitudeDegrees></Position>
          <AltitudeMeters>484.2</AltitudeMeters>
          <DistanceMeters>220.80</DistanceMeters>
          <Cadence>85</Cadence>
          <Extensions><ns3:TPX><ns3:Speed>7.505</ns3:Speed><ns3:Watts>226</ns3:Watts></ns3:TPX></Extensions>
        </Trackpoint>
        <Trackpoint>
          <Time>2024-07-15T17:47:02Z</Time>
          <Position><LatitudeDegrees>50.3368254</LatitudeDegrees><LongitudeDegrees>6.9500579</LongitudeDegrees></Position>
          <AltitudeMeters>484.4</AltitudeMeters>
          <DistanceMeters>227.92</DistanceMeters>
          <Cadence>85</Cadence>
          <Extensions><ns3:TPX><ns3:Speed>7.124</ns3:Speed><ns3:Watts>226</ns3:Watts></ns3:TPX></Extensions>
        </Trackpoint>
        <Trackpoint>
          <Time>2024-07-15T17:47:03Z</Time>
          <Position><LatitudeDegrees>50.3368744</LatitudeDegrees><LongitudeDegrees>6.9501140</LongitudeDegrees></Position>
          <AltitudeMeters>484.6</AltitudeMeters>
          <DistanceMeters>234.67</DistanceMeters>
          <Cadence>85</Cadence>
          <Extensions><ns3:TPX><ns3:Speed>6.746</ns3:Speed><ns3:Watts>225</ns3:Watts></ns3:TPX></Extensions>
        </Trackpoint>
        <Trackpoint>
          <Time>2024-07-15T17:47:04Z</Time>
          <Position><LatitudeDegrees>50.3369225</LatitudeDegrees><LongitudeDegrees>6.9501630</LongitudeDegrees></Position>
          <AltitudeMeters>484.8</AltitudeMeters>
          <DistanceMeters>241.05</DistanceMeters>
          <Cadence>85</Cadence>
          <Extensions><ns3:TPX><ns3:Speed>6.377</ns3:Speed><ns3:Watts>224</ns3:Watts></ns3:TPX></Extensions>
        </Trackpoint>
        <Trackpoint>
          <Time>2024-07-15T17:47:05Z</Time>
          <Position><LatitudeDegrees>50.3369697</LatitudeDegrees><LongitudeDegrees>6.9502046</LongitudeDegrees></Position>
          <AltitudeMeters>484.9</AltitudeMeters>
          <DistanceMeters>247.07</DistanceMeters>
          <Cadence>84</Cadence>
          <Extensions><ns3:TPX><ns3:Speed>6.023</ns3:Speed><ns3:Watts>223</ns3:Watts></ns3:TPX></Extensions>
        </Trackpoint>
        <Trackpoint>
          <Time>2024-07-15T17:47:06Z</Time>
          <Position><LatitudeDegrees>50.3370160</LatitudeDegrees><LongitudeDegrees>6.9502388</LongitudeDegrees></Position>
          <AltitudeMeters>485.1</AltitudeMeters>
          <DistanceMeters>252.76</DistanceMeters>
          <Cadence>84</Cadence>
          <Extensions><ns3:TPX><ns3:Speed>5.688</ns3:Speed><ns3:Watts>222</ns3:Watts></ns3:TPX></Extensions>
        </Trackpoint>
        <Trackpoint>
          <Time>2024-07-15T17:47:07Z</Time>
          <Position><LatitudeDegrees>50.3370613</LatitudeDegrees><LongitudeDegrees>6.9502655</LongitudeDegrees></Position>
          <AltitudeMeters>485.3</AltitudeMeters>
          <DistanceMeters>258.14</DistanceMeters>
          <Cadence>84</Cadence>
          <Extensions><ns3:TPX><ns3:Speed>5.381</ns3:Speed><ns3:Watts>221</ns3:Watts></ns3:TPX></Extensions>
        </Trackpoint>
        <Trackpoint>
          <Time>2024-07-15T17:47:08Z</Time>
          <Position><LatitudeDegrees>50.3371055</LatitudeDegrees><LongitudeDegrees>6.9502847</LongitudeDegrees></Position>
          <AltitudeMeters>485.5</AltitudeMeters>
          <DistanceMeters>263.24</DistanceMeters>
          <Cadence>84</Cadence>
          <Extensions><ns3:TPX><ns3:Speed>5.108</ns3:Speed><ns3:Watts>220</ns3:Watts></ns3:TPX></Extensions>
        </Trackpoint>
        <Trackpoint>
          <Time>2024-07-15T17:47:09Z</Time>
          <Position><LatitudeDegrees>50.3371488</LatitudeDegrees><LongitudeDegrees>6.9502962</LongitudeDegrees></Position>
          <AltitudeMeters>485.6</AltitudeMeters>
          <DistanceMeters>268.12</DistanceMeters>
          <Cadence>83</Cadence>
          <Extensions><ns3:TPX><ns3:Speed>4.878</ns3:Speed><ns3:Watts>219</ns3:Watts></ns3:TPX></Extensions>
        </Trackpoint>
        <Trackpoint>
          <Time>2024-07-15T17:47:10Z</Time>
          <Position><LatitudeDegrees>50.3371910</LatitudeDegrees><LongitudeDegrees>6.9503000</LongitudeDegrees></Position>
          <AltitudeMeters>485.8</AltitudeMeters>
          <DistanceMeters>272.82</DistanceMeters>
          <HeartRateBpm><Value>128</Value></HeartRateBpm>
          <Cadence>83</Cadence>
          <Extensions><ns3:TPX><ns3:Speed>4.699</ns3:Speed><ns3:Watts>218</ns3:Watts></ns3:TPX></Extensions>
        </Trackpoint>
        <Trackpoint>
          <Time>2024-07-15T17:47:11Z</Time>
          <Position><LatitudeDegrees>50.3372321</LatitudeDegrees><LongitudeDegrees>6.9502962</LongitudeDegrees></Position>
          <AltitudeMeters>486.0</AltitudeMeters>
          <DistanceMeters>277.40</DistanceMeters>
          <HeartRateBpm><Value>129</Value></HeartRateBpm>
          <Cadence>83</Cadence>
          <Extensions><ns3:TPX><ns3:Speed>4.578</ns3:Speed><ns3:Watts>217</ns3:Watts></ns3:TPX></Extensions>
        </Trackpoint>
        <Trackpoint>
          <Time>2024-07-15T17:47:12Z</Time>
          <Position><LatitudeDegrees>50.3372721</LatitudeDegrees><LongitudeDegrees>6.9502847</LongitudeDegrees></Position>
          <AltitudeMeters>486.1</AltitudeMeters>
          <DistanceMeters>281.92</DistanceMeters>
          <HeartRateBpm><Value>131</Value></HeartRateBpm>
          <Cadence>83</Cadence>
          <Extensions><ns3:TPX><ns3:Speed>4.520</ns3:Speed><ns3:Watts>216</ns3:Watts></ns3:TPX></Extensions>
        </Trackpoint>
        <Trackpoint>
          <Time>2024-07-15T17:47:13Z</Time>
          <Position><LatitudeDegrees>50.3373109</LatitudeDegrees><LongitudeDegrees>6.9502655</LongitudeDegrees></Position>
          <AltitudeMeters>486.3</AltitudeMeters>
          <DistanceMeters>286.45</DistanceMeters>
          <HeartRateBpm><Value>132</Value></HeartRateBpm>
          <Cadence>82</Cadence>
          <Extensions><ns3:TPX><ns3:Speed>4.527</ns3:Speed><ns3:Watts>216</ns3:Watts></ns3:TPX></Extensions>
        </Trackpoint>
        <Trackpoint>
          <Time>2024-07-15T17:47:14Z</Time>
          <Position><LatitudeDegrees>50.3373486</LatitudeDegrees><LongitudeDegrees>6.9502388</LongitudeDegrees></Position>
          <AltitudeMeters>486.5</AltitudeMeters>
          <DistanceMeters>291.05</DistanceMeters>
          <HeartRateBpm><Value>133</Value></HeartRateBpm>
          <Cadence>82</Cadence>
          <Extensions><ns3:TPX><ns3:Speed>4.597</ns3:Speed><ns3:Watts>215</ns3:Watts></ns3:TPX></Extensions>
        </Trackpoint>
        <Trackpoint>
          <Time>2024-07-15T17:47:15Z</Time>
          <Position><LatitudeDegrees>50.3373850</LatitudeDegrees><LongitudeDegrees>6.9502046</LongitudeDegrees></Position>
          <AltitudeMeters>486.6</AltitudeMeters>
          <DistanceMeters>295.77</DistanceMeters>
          <HeartRateBpm><Value>135</Value></HeartRateBpm>
          <Cadence>82</Cadence>
          <Extensions><ns3:TPX><ns3:Speed>4.727</ns3:Speed><ns3:Watts>214</ns3:Watts></ns3:TPX></Extensions>
        </Trackpoint>
        <Trackpoint>
          <Time>2024-07-15T17:47:16Z</Time>
          <Position><LatitudeDegrees>50.3374203</LatitudeDegrees><LongitudeDegrees>6.9501630</LongitudeDegrees></Position>
          <AltitudeMeters>486.8</AltitudeMeters>
          <DistanceMeters>300.68</DistanceMeters>
          <HeartRateBpm><Value>136</Value></HeartRateBpm>
          <Cadence>82</Cadence>
          <Extensions><ns3:TPX><ns3:Speed>4.908</ns3:Speed><ns3:Watts>214</ns3:Watts></ns3:TPX></Extensions>
        </Trackpoint>
        <Trackpoint>
          <Time>2024-07-15T17:47:17Z</Time>
          <Position><LatitudeDegrees>50.3374543</LatitudeDegrees><LongitudeDegrees>6.9501140</LongitudeDegrees></Position>
          <AltitudeMeters>487.0</AltitudeMeters>
          <DistanceMeters>305.81</DistanceMeters>
          <HeartRateBpm><Value>138</Value></HeartRateBpm>
          <Cadence>82</Cadence>
          <Extensions><ns3:TPX><ns3:Speed>5.133</ns3:Speed><ns3:Watts>213</ns3:Watts></ns3:TPX></Extensions>
        </Trackpoint>
        <Trackpoint>
          <Time>2024-07-15T17:47:18Z</Time>
          <Position><LatitudeDegrees>50.3374870</LatitudeDegrees><LongitudeDegrees>6.9500579</LongitudeDegrees></Position>
          <AltitudeMeters>487.1</AltitudeMeters>
          <DistanceMeters>311.21</DistanceMeters>
          <HeartRateBpm><Value>139</Value></HeartRateBpm>
          <Cadence>81</Cadence>
          <Extensions><ns3:TPX><ns3:Speed>5.394</ns3:Speed><ns3:Watts>213</ns3:Watts></ns3:TPX></Extensions>
        </Trackpoint>
        <Trackpoint>
          <Time>2024-07-15T17:47:19Z</Time>
          <Position><LatitudeDegrees>50.3375184</LatitudeDegrees><LongitudeDegrees>6.9499948</LongitudeDegrees></Position>
          <AltitudeMeters>487.3</AltitudeMeters>
          <DistanceMeters>316.89</DistanceMeters>
          <HeartRateBpm><Value>140</Value></HeartRateBpm>
          <Cadence>81</Cadence>
          <Extensions><ns3:TPX><ns3:Speed>5.681</ns3:Speed><ns3:Watts>213</ns3:Watts></ns3:TPX></Extensions>
        </Trackpoint>
        <Trackpoint>
          <Time>2024-07-15T17:47:20Z</Time>
          <Position><LatitudeDegrees>50.3375486</LatitudeDegrees><LongitudeDegrees>6.9499249</LongitudeDegrees></Position>
          <AltitudeMeters>487.5</AltitudeMeters>
          <DistanceMeters>322.88</DistanceMeters>
          <HeartRateBpm><Value>141</Value></HeartRateBpm>
          <Cadence>81</Cadence>
          <Extensions><ns3:TPX><ns3:Speed>5.988</ns3:Speed><ns3:Watts>213</ns3:Watts></ns3:TPX></Extensions>
        </Trackpoint>
        <Trackpoint>
          <Time>2024-07-15T17:47:21Z</Time>
          <Position><LatitudeDegrees>50.3375773</LatitudeDegrees><LongitudeDegrees>6.9498483</LongitudeDegrees></Position>
          <AltitudeMeters>487.7</AltitudeMeters>
          <DistanceMeters>329.18</DistanceMeters>
          <HeartRateBpm><Value>142</Value></HeartRateBpm>
          <Cadence>81</Cadence>
          <Extensions><ns3:TPX><ns3:Speed>6.308</ns3:Speed><ns3:Watts>213</ns3:Watts></ns3:TPX></Extensions>
        </Trackpoint>
        <Trackpoint>
          <Time>2024-07-15T17:47:22Z</Time>
          <Position><LatitudeDegrees>50.3376048</LatitudeDegrees><LongitudeDegrees>6.9497652</LongitudeDegrees></Position>
          <AltitudeMeters>487.9</AltitudeMeters>
          <DistanceMeters>335.82</DistanceMeters>
          <HeartRateBpm><Value>143</Value></HeartRateBpm>
          <Cadence>80</Cadence>
          <Extensions><ns3:TPX><ns3:Speed>6.635</ns3:Speed><ns3:Watts>213</ns3:Watts></ns3:TPX></Extensions>
        </Trackpoint>
        <Trackpoint>
          <Time>2024-07-15T17:47:23Z</Time>
          <Position><LatitudeDegrees>50.3376308</LatitudeDegrees><LongitudeDegrees>6.9496760</LongitudeDegrees></Position>
          <AltitudeMeters>488.1</AltitudeMeters>
          <DistanceMeters>342.78</DistanceMeters>
          <HeartRateBpm><Value>143</Value></HeartRateBpm>
          <Cadence>80</Cadence>
          <Extensions><ns3:TPX><ns3:Speed>6.964</ns3:Speed><ns3:Watts>214</ns3:Watts></ns3:TPX></Extensions>
        </Trackpoint>
        <Trackpoint>
          <Time>2024-07-15T17:47:24Z</Time>
          <Position><LatitudeDegrees>50.3376555</LatitudeDegrees><LongitudeDegrees>6.9495808</LongitudeDegrees></Position>
          <AltitudeMeters>488.3</AltitudeMeters>
          <DistanceMeters>350.08</DistanceMeters>
          <HeartRateBpm><Value>143</Value></HeartRateBpm>
          <Cadence>80</Cadence>
          <Extensions><ns3:TPX><ns3:Speed>7.292</ns3:Speed><ns3:Watts>215</ns3:Watts></ns3:TPX></Extensions>
        </Trackpoint>
        <Trackpoint>
          <Time>2024-07-15T17:47:25Z</Time>
          <Position><LatitudeDegrees>50.3376787</LatitudeDegrees><LongitudeDegrees>6.9494799</LongitudeDegrees></Position>
          <AltitudeMeters>488.5</AltitudeMeters>
          <DistanceMeters>357.69</DistanceMeters>
          <HeartRateBpm><Value>144</Value></HeartRateBpm>
          <Cadence>80</Cadence>
          <Extensions><ns3:TPX><ns3:Speed>7.614</ns3:Speed><ns3:Watts>216</ns3:Watts></ns3:TPX></Extensions>
        </Trackpoint>
        <Trackpoint>
          <Time>2024-07-15T17:47:26Z</Time>
          <Position><LatitudeDegrees>50.3377006</LatitudeDegrees><LongitudeDegrees>6.9493736</LongitudeDegrees></Position>
          <AltitudeMeters>488.7</AltitudeMeters>
          <DistanceMeters>365.62</DistanceMeters>
          <HeartRateBpm><Value>143</Value></HeartRateBpm>
          <Cadence>79</Cadence>
          <Extensions><ns3:TPX><ns3:Speed>7.927</ns3:Speed><ns3:Watts>217</ns3:Watts></ns3:TPX></Extensions>
        </Trackpoint>
        <Trackpoint>
          <Time>2024-07-15T17:47:27Z</Time>
          <Position><LatitudeDegrees>50.3377209</LatitudeDegrees><LongitudeDegrees>6.9492621</LongitudeDegrees></Position>
          <AltitudeMeters>488.9</AltitudeMeters>
          <DistanceMeters>373.85</DistanceMeters>
          <HeartRateBpm><Value>143</Value></HeartRateBpm>
          <Cadence>79</Cadence>
          <Extensions><ns3:TPX><ns3:Speed>8.229</ns3:Speed><ns3:Watts>219</ns3:Watts></ns3:TPX></Extensions>
        </Trackpoint>
        <Trackpoint>
          <Time>2024-07-15T17:47:28Z</Time>
          <Position><LatitudeDegrees>50.3377399</LatitudeDegrees><LongitudeDegrees>6.9491458</LongitudeDegrees></Position>
          <AltitudeMeters>489.2</AltitudeMeters>
          <DistanceMeters>382.37</DistanceMeters>
          <HeartRateBpm><Value>143</Value></HeartRateBpm>
          <Cadence>79</Cadence>
          <Extensions><ns3:TPX><ns3:Speed>8.518</ns3:Speed><ns3:Watts>220</ns3:Watts></ns3:TPX></Extensions>
        </Trackpoint>
        <Trackpoint>
          <Time>2024-07-15T17:47:29Z</Time>
          <Position><LatitudeDegrees>50.3377573</LatitudeDegrees><LongitudeDegrees>6.9490250</LongitudeDegrees></Position>
          <AltitudeMeters>489.4</AltitudeMeters>
          <DistanceMeters>391.16</DistanceMeters>
          <HeartRateBpm><Value>142</Value></HeartRateBpm>
          <Cadence>79</Cadence>
          <Extensions><ns3:TPX><ns3:Speed>8.791</ns3:Speed><ns3:Watts>222</ns3:Watts></ns3:TPX></Extensions>
        </Trackpoint>
        <Trackpoint>
          <Time>2024-07-15T17:47:30Z</Time>
          <Position><LatitudeDegrees>50.3377733</LatitudeDegrees><LongitudeDegrees>6.9489000</LongitudeDegrees></Position>
          <AltitudeMeters>489.7</AltitudeMeters>
          <DistanceMeters>400.20</DistanceMeters>
          <HeartRateBpm><Value>142</Value></HeartRateBpm>
          <Cadence>79</Cadence>
          <Extensions><ns3:TPX><ns3:Speed>9.047</ns3:Speed><ns3:Watts>224</ns3:Watts></ns3:TPX></Extensions>
        </Trackpoint>
        <Trackpoint>
          <Time>2024-07-15T17:47:31Z</Time>
          <Position><LatitudeDegrees>50.3377878</LatitudeDegrees><LongitudeDegrees>6.9487712</LongitudeDegrees></Position>
          <AltitudeMeters>490.0</AltitudeMeters>
          <DistanceMeters>409.49</DistanceMeters>
          <HeartRateBpm><Value>141</Value></HeartRateBpm>
          <Cadence>78</Cadence>
          <Extensions><ns3:TPX><ns3:Speed>9.284</ns3:Speed><ns3:Watts>226</ns3:Watts></ns3:TPX></Extensions>
        </Trackpoint>
        <Trackpoint>
          <Time>2024-07-15T17:47:32Z</Time>
          <Position><LatitudeDegrees>50.3378008</LatitudeDegrees><LongitudeDegrees>6.9486389</LongitudeDegrees></Position>
          <AltitudeMeters>490.3</AltitudeMeters>
          <DistanceMeters>418.99</DistanceMeters>
          <HeartRateBpm><Value>140</Value></HeartRateBpm>
          <Cadence>78</Cadence>
          <Extensions><ns3:TPX><ns3:Speed>9.501</ns3:Speed><ns3:Watts>229</ns3:Watts></ns3:TPX></Extensions>
        </Trackpoint>
        <Trackpoint>
          <Time>2024-07-15T17:47:33Z</Time>
          <Position><LatitudeDegrees>50.3378123</LatitudeDegrees><LongitudeDegrees>6.9485034</LongitudeDegrees></Position>
          <AltitudeMeters>490.6</AltitudeMeters>
          <DistanceMeters>428.69</DistanceMeters>
          <HeartRateBpm><Value>140</Value></HeartRateBpm>
          <Cadence>78</Cadence>
          <Extensions><ns3:TPX><ns3:Speed>9.696</ns3:Speed><ns3:Watts>231</ns3:Watts></ns3:TPX></Extensions>
        </Trackpoint>
        <Trackpoint>
          <Time>2024-07-15T17:47:34Z</Time>
          <Position><LatitudeDegrees>50.3378223</LatitudeDegrees><LongitudeDegrees>6.9483652</LongitudeDegrees></Position>
          <AltitudeMeters>490.9</AltitudeMeters>
          <DistanceMeters>438.55</DistanceMeters>
          <HeartRateBpm><Value>139</Value></HeartRateBpm>
          <Cadence>78</Cadence>
          <Extensions><ns3:TPX><ns3:Speed>9.870</ns3:Speed><ns3:Watts>234</ns3:Watts></ns3:TPX></Extensions>
        </Trackpoint>
        <Trackpoint>
          <Time>2024-07-15T17:47:35Z</Time>
          <Position><LatitudeDegrees>50.3378308</LatitudeDegrees><LongitudeDegrees>6.9482247</LongitudeDegrees></Position>
          <AltitudeMeters>491.2</AltitudeMeters>
          <DistanceMeters>448.57</DistanceMeters>
          <HeartRateBpm><Value>139</Value></HeartRateBpm>
          <Cadence>77</Cadence>
          <Extensions><ns3:TPX><ns3:Speed>10.019</ns3:Speed><ns3:Watts>237</ns3:Watts></ns3:TPX></Extensions>
        </Trackpoint>
        <Trackpoint>
          <Time>2024-07-15T17:47:36Z</Time>
          <Position><LatitudeDegrees>50.3378377</LatitudeDegrees><LongitudeDegrees>6.9480822</LongitudeDegrees></Position>
          <AltitudeMeters>491.5</AltitudeMeters>
          <DistanceMeters>458.72</DistanceMeters>
          <HeartRateBpm><Value>138</Value></HeartRateBpm>
          <Cadence>77</Cadence>
          <Extensions><ns3:TPX><ns3:Speed>10.146</ns3:Speed><ns3:Watts>240</ns3:Watts></ns3:TPX></Extensions>
        </Trackpoint>
        <Trackpoint>
          <Time>2024-07-15T17:47:37Z</Time>
          <Position><LatitudeDegrees>50.3378431</LatitudeDegrees><LongitudeDegrees>6.9479380</LongitudeDegrees></Position>
          <AltitudeMeters>491.9</AltitudeMeters>
          <DistanceMeters>468.97</DistanceMeters>
          <HeartRateBpm><Value>138</Value></HeartRateBpm>
          <Cadence>77</Cadence>
          <Extensions><ns3:TPX><ns3:Speed>10.247</ns3:Speed><ns3:Watts>243</ns3:Watts></ns3:TPX></Extensions>
        </Trackpoint>
        <Trackpoint>
          <Time>2024-07-15T17:47:38Z</Time>
          <Position><LatitudeDegrees>50.3378469</LatitudeDegrees><LongitudeDegrees>6.9477927</LongitudeDegrees></Position>
          <AltitudeMeters>492.2</AltitudeMeters>
          <DistanceMeters>479.29</DistanceMeters>
          <HeartRateBpm><Value>138</Value></HeartRateBpm>
          <Cadence>77</Cadence>
          <Extensions><ns3:TPX><ns3:Speed>10.324</ns3:Speed><ns3:Watts>246</ns3:Watts></ns3:TPX></Extensions>
        </Trackpoint>
        <Trackpoint>
          <Time>2024-07-15T17:47:39Z</Time>
          <Position><LatitudeDegrees>50.3378492</LatitudeDegrees><LongitudeDegrees>6.9476465</LongitudeDegrees></Position>
          <AltitudeMeters>492.6</AltitudeMeters>
          <DistanceMeters>489.67</DistanceMeters>
          <HeartRateBpm><Value>138</Value></HeartRateBpm>
          <Cadence>77</Cadence>
          <Extensions><ns3:TPX><ns3:Speed>10.375</ns3:Speed><ns3:Watts>249</ns3:Watts></ns3:TPX></Extensions>
        </Trackpoint>
        <Trackpoint>
          <Time>2024-07-15T17:47:40Z</Time>
          <Position><LatitudeDegrees>50.3378500</LatitudeDegrees><LongitudeDegrees>6.9475000</LongitudeDegrees></Position>
          <AltitudeMeters>493.0</AltitudeMeters>
          <DistanceMeters>500.07</DistanceMeters>
          <HeartRateBpm><Value>139</Value></HeartRateBpm>
          <Cadence>76</Cadence>
          <Extensions><ns3:TPX><ns3:Speed>10.401</ns3:Speed><ns3:Watts>252</ns3:Watts></ns3:TPX></Extensions>
        </Trackpoint>
        <Trackpoint>
          <Time>2024-07-15T17:47:41Z</Time>
          <Position><LatitudeDegrees>50.3378492</LatitudeDegrees><LongitudeDegrees>6.9473535</LongitudeDegrees></Position>
          <AltitudeMeters>493.4</AltitudeMeters>
          <DistanceMeters>510.47</DistanceMeters>
          <HeartRateBpm><Value>139</Value></HeartRateBpm>
          <Cadence>76</Cadence>
          <Extensions><ns3:TPX><ns3:Speed>10.401</ns3:Speed><ns3:Watts>255</ns3:Watts></ns3:TPX></Extensions>
        </Trackpoint>
        <Trackpoint>
          <Time>2024-07-15T17:47:42Z</Time>
          <Position><LatitudeDegrees>50.3378469</LatitudeDegrees><LongitudeDegrees>6.9472073</LongitudeDegrees></Position>
          <AltitudeMeters>493.8</AltitudeMeters>
          <DistanceMeters>520.84</DistanceMeters>
          <HeartRateBpm><Value>140</Value></HeartRateBpm>
          <Cadence>76</Cadence>
          <Extensions><ns3:TPX><ns3:Speed>10.375</ns3:Speed><ns3:Watts>258</ns3:Watts></ns3:TPX></Extensions>
        </Trackpoint>
        <Trackpoint>
          <Time>2024-07-15T17:47:43Z</Time>
          <Position><LatitudeDegrees>50.3378431</LatitudeDegrees><LongitudeDegrees>6.9470620</LongitudeDegrees></Position>
          <AltitudeMeters>494.2</AltitudeMeters>
          <DistanceMeters>531.16</DistanceMeters>
          <HeartRateBpm><Value>141</Value></HeartRateBpm>
          <Cadence>76</Cadence>
          <Extensions><ns3:TPX><ns3:Speed>10.324</ns3:Speed><ns3:Watts>261</ns3:Watts></ns3:TPX></Extensions>
        </Trackpoint>
        <Trackpoint>
          <Time>2024-07-15T17:47:44Z</Time>
          <Position><LatitudeDegrees>50.3378377</LatitudeDegrees><LongitudeDegrees>6.9469178</LongitudeDegrees></Position>
          <AltitudeMeters>494.7</AltitudeMeters>
          <DistanceMeters>541.41</DistanceMeters>
          <HeartRateBpm><Value>142</Value></HeartRateBpm>
          <Cadence>76</Cadence>
          <Extensions><ns3:TPX><ns3:Speed>10.247</ns3:Speed><ns3:Watts>264</ns3:Watts></ns3:TPX></Extensions>
        </Trackpoint>
        <Trackpoint>
          <Time>2024-07-15T17:47:45Z</Time>
          <Position><LatitudeDegrees>50.3378308</LatitudeDegrees><LongitudeDegrees>6.9467753</LongitudeDegrees></Position>
          <AltitudeMeters>495.1</AltitudeMeters>
          <DistanceMeters>551.56</DistanceMeters>
          <HeartRateBpm><Value>143</Value></HeartRateBpm>
          <Cadence>75</Cadence>
          <Extensions><ns3:TPX><ns3:Speed>10.146</ns3:Speed><ns3:Watts>267</ns3:Watts></ns3:TPX></Extensions>
        </Trackpoint>
        <Trackpoint>
          <Time>2024-07-15T17:47:46Z</Time>
          <Position><LatitudeDegrees>50.3378223</LatitudeDegrees><LongitudeDegrees>6.9466348</LongitudeDegrees></Position>
          <AltitudeMeters>495.6</AltitudeMeters>
          <DistanceMeters>561.58</DistanceMeters>
          <HeartRateBpm><Value>144</Value></HeartRateBpm>
          <Cadence>75</Cadence>
          <Extensions><ns3:TPX><ns3:Speed>10.019</ns3:Speed><ns3:Watts>270</ns3:Watts></ns3:TPX></Extensions>
        </Trackpoint>
        <Trackpoint>
          <Time>2024-07-15T17:47:47Z</Time>
          <Position><LatitudeDegrees>50.3378123</LatitudeDegrees><LongitudeDegrees>6.9464966</LongitudeDegrees></Position>
          <AltitudeMeters>496.0</AltitudeMeters>
          <DistanceMeters>571.45</DistanceMeters>
          <HeartRateBpm><Value>146</Value></HeartRateBpm>
          <Cadence>75</Cadence>
          <Extensions><ns3:TPX><ns3:Speed>9.870</ns3:Speed><ns3:Watts>273</ns3:Watts></ns3:TPX></Extensions>
        </Trackpoint>
        <Trackpoint>
          <Time>2024-07-15T17:47:48Z</Time>
          <Position><LatitudeDegrees>50.3378008</LatitudeDegrees><LongitudeDegrees>6.9463611</LongitudeDegrees></Position>
          <AltitudeMeters>496.5</AltitudeMeters>
          <DistanceMeters>581.14</DistanceMeters>
          <HeartRateBpm><Value>147</Value></HeartRateBpm>
          <Cadence>75</Cadence>
          <Extensions><ns3:TPX><ns3:Speed>9.696</ns3:Speed><ns3:Watts>275</ns3:Watts></ns3:TPX></Extensions>
        </Trackpoint>
        <Trackpoint>
          <Time>2024-07-15T17:47:49Z</Time>
          <Position><LatitudeDegrees>50.3377878</LatitudeDegrees><LongitudeDegrees>6.9462288</LongitudeDegrees></Position>
          <AltitudeMeters>497.0</AltitudeMeters>
          <DistanceMeters>590.64</DistanceMeters>
          <HeartRateBpm><Value>149</Value></HeartRateBpm>
          <Cadence>75</Cadence>
          <Extensions><ns3:TPX><ns3:Speed>9.501</ns3:Speed><ns3:Watts>278</ns3:Watts></ns3:TPX></Extensions>
        </Trackpoint>
        <Trackpoint>
          <Time>2024-07-15T17:47:50Z</Time>
          <Position><LatitudeDegrees>50.3377733</LatitudeDegrees><LongitudeDegrees>6.9461000</LongitudeDegrees></Position>
          <AltitudeMeters>497.5</AltitudeMeters>
          <DistanceMeters>599.93</DistanceMeters>
          <HeartRateBpm><Value>150</Value></HeartRateBpm>
          <Cadence>75</Cadence>
          <Extensions><ns3:TPX><ns3:Speed>9.284</ns3:Speed><ns3:Watts>280</ns3:Watts></ns3:TPX></Extensions>
        </Trackpoint>
        <Trackpoint>
          <Time>2024-07-15T17:47:51Z</Time>
          <Position><LatitudeDegrees>50.3377573</LatitudeDegrees><LongitudeDegrees>6.9459750</LongitudeDegrees></Position>
          <AltitudeMeters>498.0</AltitudeMeters>
          <DistanceMeters>608.97</DistanceMeters>
          <HeartRateBpm><Value>152</Value></HeartRateBpm>
          <Cadence>75</Cadence>
          <Extensions><ns3:TPX><ns3:Speed>9.047</ns3:Speed><ns3:Watts>282</ns3:Watts></ns3:TPX></Extensions>
        </Trackpoint>
        <Trackpoint>
          <Time>2024-07-15T17:47:52Z</Time>
          <Position><LatitudeDegrees>50.3377399</LatitudeDegrees><LongitudeDegrees>6.9458542</LongitudeDegrees></Position>
          <AltitudeMeters>498.5</AltitudeMeters>
          <DistanceMeters>617.77</DistanceMeters>
          <HeartRateBpm><Value>153</Value></HeartRateBpm>
          <Cadence>74</Cadence>
          <Extensions><ns3:TPX><ns3:Speed>8.791</ns3:Speed><ns3:Watts>284</ns3:Watts></ns3:TPX></Extensions>
        </Trackpoint>
        <Trackpoint>
          <Time>2024-07-15T17:47:53Z</Time>
          <Position><LatitudeDegrees>50.3377209</LatitudeDegrees><LongitudeDegrees>6.9457379</LongitudeDegrees></Position>
          <AltitudeMeters>499.0</AltitudeMeters>
          <DistanceMeters>626.28</DistanceMeters>
          <HeartRateBpm><Value>155</Value></HeartRateBpm>
          <Cadence>74</Cadence>
          <Extensions><ns3:TPX><ns3:Speed>8.518</ns3:Speed><ns3:Watts>285</ns3:Watts></ns3:TPX></Extensions>
        </Trackpoint>
        <Trackpoint>
          <Time>2024-07-15T17:47:54Z</Time>
          <Position><LatitudeDegrees>50.3377006</LatitudeDegrees><LongitudeDegrees>6.9456264</LongitudeDegrees></Position>
          <AltitudeMeters>499.5</AltitudeMeters>
          <DistanceMeters>634.51</DistanceMeters>
          <HeartRateBpm><Value>156</Value></HeartRateBpm>
          <Cadence>74</Cadence>
          <Extensions><ns3:TPX><ns3:Speed>8.229</ns3:Speed><ns3:Watts>287</ns3:Watts></ns3:TPX></Extensions>
        </Trackpoint>
        <Trackpoint>
          <Time>2024-07-15T17:47:55Z</Time>
          <Position><LatitudeDegrees>50.3376787</LatitudeDegrees><LongitudeDegrees>6.9455201</LongitudeDegrees></Position>
          <AltitudeMeters>500.0</AltitudeMeters>
          <DistanceMeters>642.44</DistanceMeters>
          <HeartRateBpm><Value>157</Value></HeartRateBpm>
          <Cadence>74</Cadence>
          <Extensions><ns3:TPX><ns3:Speed>7.927</ns3:Speed><ns3:Watts>288</ns3:Watts></ns3:TPX></Extensions>
        </Trackpoint>
        <Trackpoint>
          <Time>2024-07-15T17:47:56Z</Time>
          <Position><LatitudeDegrees>50.3376555</LatitudeDegrees><LongitudeDegrees>6.9454192</LongitudeDegrees></Position>
          <AltitudeMeters>500.5</AltitudeMeters>
          <DistanceMeters>650.05</DistanceMeters>
          <HeartRateBpm><Value>157</Value></HeartRateBpm>
          <Cadence>74</Cadence>
          <Extensions><ns3:TPX><ns3:Speed>7.614</ns3:Speed><ns3:Watts>289</ns3:Watts></ns3:TPX></Extensions>
        </Trackpoint>
        <Trackpoint>
          <Time>2024-07-15T17:47:57Z</Time>
          <Position><LatitudeDegrees>50.3376308</LatitudeDegrees><LongitudeDegrees>6.9453240</LongitudeDegrees></Position>
          <AltitudeMeters>501.0</AltitudeMeters>
          <DistanceMeters>657.35</DistanceMeters>
          <HeartRateBpm><Value>158</Value></HeartRateBpm>
          <Cadence>74</Cadence>
          <Extensions><ns3:TPX><ns3:Speed>7.292</ns3:Speed><ns3:Watts>290</ns3:Watts></ns3:TPX></Extensions>
        </Trackpoint>
        <Trackpoint>
          <Time>2024-07-15T17:47:58Z</Time>
          <Position><LatitudeDegrees>50.3376048</LatitudeDegrees><LongitudeDegrees>6.9452348</LongitudeDegrees></Position>
          <AltitudeMeters>501.5</AltitudeMeters>
          <DistanceMeters>664.31</DistanceMeters>
          <HeartRateBpm><Value>158</Value></HeartRateBpm>
          <Cadence>74</Cadence>
          <Extensions><ns3:TPX><ns3:Speed>6.964</ns3:Speed><ns3:Watts>291</ns3:Watts></ns3:TPX></Extensions>
        </Trackpoint>
        <Trackpoint>
          <Time>2024-07-15T17:47:59Z</Time>
          <Position><LatitudeDegrees>50.3375773</LatitudeDegrees><LongitudeDegrees>6.9451517</LongitudeDegrees></Position>
          <AltitudeMeters>502.0</AltitudeMeters>
          <DistanceMeters>670.95</DistanceMeters>
          <HeartRateBpm><Value>158</Value></HeartRateBpm>
          <Cadence>73</Cadence>
          <Extensions><ns3:TPX><ns3:Speed>6.635</ns3:Speed><ns3:Watts>291</ns3:Watts></ns3:TPX></Extensions>
        </Trackpoint>
        <Trackpoint>
          <Time>2024-07-15T17:48:00Z</Time>
          <Position><LatitudeDegrees>50.3375486</LatitudeDegrees><LongitudeDegrees>6.9450751</LongitudeDegrees></Position>
          <AltitudeMeters>502.5</AltitudeMeters>
          <DistanceMeters>677.25</DistanceMeters>
          <HeartRateBpm><Value>158</Value></HeartRateBpm>
          <Cadence>73</Cadence>
          <Extensions><ns3:TPX><ns3:Speed>6.308</ns3:Speed><ns3:Watts>291</ns3:Watts></ns3:TPX></Extensions>
        </Trackpoint>
        <Trackpoint>
          <Time>2024-07-15T17:48:01Z</Time>
          <Position><LatitudeDegrees>50.3375184</LatitudeDegrees><LongitudeDegrees>6.9450052</LongitudeDegrees></Position>
          <AltitudeMeters>503.0</AltitudeMeters>
          <DistanceMeters>683.24</DistanceMeters>
          <HeartRateBpm><Value>158</Value></HeartRateBpm>
          <Cadence>73</Cadence>
          <Extensions><ns3:TPX><ns3:Speed>5.988</ns3:Speed><ns3:Watts>291</ns3:Watts></ns3:TPX></Extensions>
        </Trackpoint>
        <Trackpoint>
          <Time>2024-07-15T17:48:02Z</Time>
          <Position><LatitudeDegrees>50.3374870</LatitudeDegrees><LongitudeDegrees>6.9449421</LongitudeDegrees></Position>
          <AltitudeMeters>503.5</AltitudeMeters>
          <DistanceMeters>688.92</DistanceMeters>
          <HeartRateBpm><Value>158</Value></HeartRateBpm>
          <Cadence>73</Cadence>
          <Extensions><ns3:TPX><ns3:Speed>5.681</ns3:Speed><ns3:Watts>291</ns3:Watts></ns3:TPX></Extensions>
        </Trackpoint>
        <Trackpoint>
          <Time>2024-07-15T17:48:03Z</Time>
          <Position><LatitudeDegrees>50.3374543</LatitudeDegrees><LongitudeDegrees>6.9448860</LongitudeDegrees></Position>
          <AltitudeMeters>504.0</AltitudeMeters>
          <DistanceMeters>694.32</DistanceMeters>
          <HeartRateBpm><Value>157</Value></HeartRateBpm>
          <Cadence>73</Cadence>
          <Extensions><ns3:TPX><ns3:Speed>5.394</ns3:Speed><ns3:Watts>291</ns3:Watts></ns3:TPX></Extensions>
        </Trackpoint>
        <Trackpoint>
          <Time>2024-07-15T17:48:04Z</Time>
          <Position><LatitudeDegrees>50.3374203</LatitudeDegrees><LongitudeDegrees>6.9448370</LongitudeDegrees></Position>
          <AltitudeMeters>504.4</AltitudeMeters>
          <DistanceMeters>699.45</DistanceMeters>
          <HeartRateBpm><Value>156</Value></HeartRateBpm>
          <Cadence>73</Cadence>
          <Extensions><ns3:TPX><ns3:Speed>5.133</ns3:Speed><ns3:Watts>290</ns3:Watts></ns3:TPX></Extensions>
        </Trackpoint>
        <Trackpoint>
          <Time>2024-07-15T17:48:05Z</Time>
          <Position><LatitudeDegrees>50.3373850</LatitudeDegrees><LongitudeDegrees>6.9447954</LongitudeDegrees></Position>
          <AltitudeMeters>504.9</AltitudeMeters>
          <DistanceMeters>704.36</DistanceMeters>
          <HeartRateBpm><Value>156</Value></HeartRateBpm>
          <Cadence>73</Cadence>
          <Extensions><ns3:TPX><ns3:Speed>4.908</ns3:Speed><ns3:Watts>290</ns3:Watts></ns3:TPX></Extensions>
        </Trackpoint>
        <Trackpoint>
          <Time>2024-07-15T17:48:06Z</Time>
          <Position><LatitudeDegrees>50.3373486</LatitudeDegrees><LongitudeDegrees>6.9447612</LongitudeDegrees></Position>
          <AltitudeMeters>505.3</AltitudeMeters>
          <DistanceMeters>709.09</DistanceMeters>
          <HeartRateBpm><Value>155</Value></HeartRateBpm>
          <Cadence>73</Cadence>
          <Extensions><ns3:TPX><ns3:Speed>4.727</ns3:Speed><ns3:Watts>289</ns3:Watts></ns3:TPX></Extensions>
        </Trackpoint>
        <Trackpoint>
          <Time>2024-07-15T17:48:07Z</Time>
          <Position><LatitudeDegrees>50.3373109</LatitudeDegrees><LongitudeDegrees>6.9447345</LongitudeDegrees></Position>
          <AltitudeMeters>505.8</AltitudeMeters>
          <DistanceMeters>713.68</DistanceMeters>
          <HeartRateBpm><Value>154</Value></HeartRateBpm>
          <Cadence>73</Cadence>
          <Extensions><ns3:TPX><ns3:Speed>4.597</ns3:Speed><ns3:Watts>288</ns3:Watts></ns3:TPX></Extensions>
        </Trackpoint>
        <Trackpoint>
          <Time>2024-07-15T17:48:08Z</Time>
          <Position><LatitudeDegrees>50.3372721</LatitudeDegrees><LongitudeDegrees>6.9447153</LongitudeDegrees></Position>
          <AltitudeMeters>506.2</AltitudeMeters>
          <DistanceMeters>718.21</DistanceMeters>
          <HeartRateBpm><Value>153</Value></HeartRateBpm>
          <Cadence>73</Cadence>
          <Extensions><ns3:TPX><ns3:Speed>4.527</ns3:Speed><ns3:Watts>288</ns3:Watts></ns3:TPX></Extensions>
        </Trackpoint>
        <Trackpoint>
          <Time>2024-07-15T17:48:09Z</Time>
          <Position><LatitudeDegrees>50.3372321</LatitudeDegrees><LongitudeDegrees>6.9447038</LongitudeDegrees></Position>
          <AltitudeMeters>506.6</AltitudeMeters>
          <DistanceMeters>722.73</DistanceMeters>
          <HeartRateBpm><Value>153</Value></HeartRateBpm>
          <Cadence>73</Cadence>
          <Extensions><ns3:TPX><ns3:Speed>4.520</ns3:Speed><ns3:Watts>287</ns3:Watts></ns3:TPX></Extensions>
        </Trackpoint>
        <Trackpoint>
          <Time>2024-07-15T17:48:10Z</Time>
          <Position><LatitudeDegrees>50.3371910</LatitudeDegrees><LongitudeDegrees>6.9447000</LongitudeDegrees></Position>
          <AltitudeMeters>507.0</AltitudeMeters>
          <DistanceMeters>727.31</DistanceMeters>
          <HeartRateBpm><Value>152</Value></HeartRateBpm>
          <Cadence>73</Cadence>
          <Extensions><ns3:TPX><ns3:Speed>4.578</ns3:Speed><ns3:Watts>286</ns3:Watts></ns3:TPX></Extensions>
        </Trackpoint>
        <Trackpoint>
          <Time>2024-07-15T17:48:11Z</Time>
          <Position><LatitudeDegrees>50.3371488</LatitudeDegrees><LongitudeDegrees>6.9447038</LongitudeDegrees></Position>
          <AltitudeMeters>507.4</AltitudeMeters>
          <DistanceMeters>732.01</DistanceMeters>
          <HeartRateBpm><Value>152</Value></HeartRateBpm>
          <Cadence>73</Cadence>
          <Extensions><ns3:TPX><ns3:Speed>4.699</ns3:Speed><ns3:Watts>285</ns3:Watts></ns3:TPX></Extensions>
        </Trackpoint>
        <Trackpoint>
          <Time>2024-07-15T17:48:12Z</Time>
          <Position><LatitudeDegrees>50.3371055</LatitudeDegrees><LongitudeDegrees>6.9447153</LongitudeDegrees></Position>
          <AltitudeMeters>507.8</AltitudeMeters>
          <DistanceMeters>736.89</DistanceMeters>
          <HeartRateBpm><Value>152</Value></HeartRateBpm>
          <Cadence>73</Cadence>
          <Extensions><ns3:TPX><ns3:Speed>4.878</ns3:Speed><ns3:Watts>284</ns3:Watts></ns3:TPX></Extensions>
        </Trackpoint>
        <Trackpoint>
          <Time>2024-07-15T17:48:13Z</Time>
          <Position><LatitudeDegrees>50.3370613</LatitudeDegrees><LongitudeDegrees>6.9447345</LongitudeDegrees></Position>
          <AltitudeMeters>508.1</AltitudeMeters>
          <DistanceMeters>741.99</DistanceMeters>
          <HeartRateBpm><Value>152</Value></HeartRateBpm>
          <Cadence>73</Cadence>
          <Extensions><ns3:TPX><ns3:Speed>5.108</ns3:Speed><ns3:Watts>283</ns3:Watts></ns3:TPX></Extensions>
        </Trackpoint>
        <Trackpoint>
          <Time>2024-07-15T17:48:14Z</Time>
          <Position><LatitudeDegrees>50.3370160</LatitudeDegrees><LongitudeDegrees>6.9447612</LongitudeDegrees></Position>
          <AltitudeMeters>508.4</AltitudeMeters>
          <DistanceMeters>747.38</DistanceMeters>
          <HeartRateBpm><Value>152</Value></HeartRateBpm>
          <Cadence>73</Cadence>
          <Extensions><ns3:TPX><ns3:Speed>5.381</ns3:Speed><ns3:Watts>282</ns3:Watts></ns3:TPX></Extensions>
        </Trackpoint>
        <Trackpoint>
          <Time>2024-07-15T17:48:15Z</Time>
          <Position><LatitudeDegrees>50.3369697</LatitudeDegrees><LongitudeDegrees>6.9447954</LongitudeDegrees></Position>
          <AltitudeMeters>508.7</AltitudeMeters>
          <DistanceMeters>753.06</DistanceMeters>
          <HeartRateBpm><Value>152</Value></HeartRateBpm>
          <Cadence>73</Cadence>
          <Extensions><ns3:TPX><ns3:Speed>5.688</ns3:Speed><ns3:Watts>281</ns3:Watts></ns3:TPX></Extensions>
        </Trackpoint>
        <Trackpoint>
          <Time>2024-07-15T17:48:16Z</Time>
          <Position><LatitudeDegrees>50.3369225</LatitudeDegrees><LongitudeDegrees>6.9448370</LongitudeDegrees></Position>
          <AltitudeMeters>509.0</AltitudeMeters>
          <DistanceMeters>759.09</DistanceMeters>
          <HeartRateBpm><Value>153</Value></HeartRateBpm>
          <Cadence>73</Cadence>
          <Extensions><ns3:TPX><ns3:Speed>6.023</ns3:Speed><ns3:Watts>280</ns3:Watts></ns3:TPX></Extensions>
        </Trackpoint>
        <Trackpoint>
          <Time>2024-07-15T17:48:17Z</Time>
          <Position><LatitudeDegrees>50.3368744</LatitudeDegrees><LongitudeDegrees>6.9448860</LongitudeDegrees></Position>
          <AltitudeMeters>509.3</AltitudeMeters>
          <DistanceMeters>765.46</DistanceMeters>
          <HeartRateBpm><Value>153</Value></HeartRateBpm>
          <Cadence>73</Cadence>
          <Extensions><ns3:TPX><ns3:Speed>6.377</ns3:Speed><ns3:Watts>279</ns3:Watts></ns3:TPX></Extensions>
        </Trackpoint>
        <Trackpoint>
          <Time>2024-07-15T17:48:18Z</Time>
          <Position><LatitudeDegrees>50.3368254</LatitudeDegrees><LongitudeDegrees>6.9449421</LongitudeDegrees></Position>
          <AltitudeMeters>509.6</AltitudeMeters>
          <DistanceMeters>772.21</DistanceMeters>
          <HeartRateBpm><Value>154</Value></HeartRateBpm>
          <Cadence>73</Cadence>
          <Extensions><ns3:TPX><ns3:Speed>6.746</ns3:Speed><ns3:Watts>278</ns3:Watts></ns3:TPX></Extensions>
        </Trackpoint>
        <Trackpoint>
          <Time>2024-07-15T17:48:19Z</Time>
          <Position><LatitudeDegrees>50.3367756</LatitudeDegrees><LongitudeDegrees>6.9450052</LongitudeDegrees></Position>
          <AltitudeMeters>509.8</AltitudeMeters>
          <DistanceMeters>779.33</DistanceMeters>
          <HeartRateBpm><Value>155</Value></HeartRateBpm>
          <Cadence>73</Cadence>
          <Extensions><ns3:TPX><ns3:Speed>7.124</ns3:Speed><ns3:Watts>278</ns3:Watts></ns3:TPX></Extensions>
        </Trackpoint>
        <Trackpoint>
          <Time>2024-07-15T17:48:20Z</Time>
          <Position><LatitudeDegrees>50.3367250</LatitudeDegrees><LongitudeDegrees>6.9450751</LongitudeDegrees></Position>
          <AltitudeMeters>510.0</AltitudeMeters>
          <DistanceMeters>786.84</DistanceMeters>
          <HeartRateBpm><Value>156</Value></HeartRateBpm>
          <Cadence>73</Cadence>
          <Extensions><ns3:TPX><ns3:Speed>7.505</ns3:Speed><ns3:Watts>278</ns3:Watts></ns3:TPX></Extensions>
        </Trackpoint>
        <Trackpoint>
          <Time>2024-07-15T17:48:21Z</Time>
          <Position><LatitudeDegrees>50.3366736</LatitudeDegrees><LongitudeDegrees>6.9451517</LongitudeDegrees></Position>
          <AltitudeMeters>510.2</AltitudeMeters>
          <DistanceMeters>794.73</DistanceMeters>
          <HeartRateBpm><Value>157</Value></HeartRateBpm>
          <Cadence>73</Cadence>
          <Extensions><ns3:TPX><ns3:Speed>7.887</ns3:Speed><ns3:Watts>277</ns3:Watts></ns3:TPX></Extensions>
        </Trackpoint>
        <Trackpoint>
          <Time>2024-07-15T17:48:22Z</Time>
          <Position><LatitudeDegrees>50.3366215</LatitudeDegrees><LongitudeDegrees>6.9452348</LongitudeDegrees></Position>
          <AltitudeMeters>510.3</AltitudeMeters>
          <DistanceMeters>802.99</DistanceMeters>
          <HeartRateBpm><Value>159</Value></HeartRateBpm>
          <Cadence>73</Cadence>
          <Extensions><ns3:TPX><ns3:Speed>8.266</ns3:Speed><ns3:Watts>277</ns3:Watts></ns3:TPX></Extensions>
        </Trackpoint>
        <Trackpoint>
          <Time>2024-07-15T17:48:23Z</Time>
          <Position><LatitudeDegrees>50.3365686</LatitudeDegrees><LongitudeDegrees>6.9453240</LongitudeDegrees></Position>
          <AltitudeMeters>510.5</AltitudeMeters>
          <DistanceMeters>811.63</DistanceMeters>
          <HeartRateBpm><Value>160</Value></HeartRateBpm>
          <Cadence>73</Cadence>
          <Extensions><ns3:TPX><ns3:Speed>8.638</ns3:Speed><ns3:Watts>277</ns3:Watts></ns3:TPX></Extensions>
        </Trackpoint>
        <Trackpoint>
          <Time>2024-07-15T17:48:24Z</Time>
          <Position><LatitudeDegrees>50.3365152</LatitudeDegrees><LongitudeDegrees>6.9454192</LongitudeDegrees></Position>
          <AltitudeMeters>510.6</AltitudeMeters>
          <DistanceMeters>820.63</DistanceMeters>
          <HeartRateBpm><Value>161</Value></HeartRateBpm>
          <Cadence>73</Cadence>
          <Extensions><ns3:TPX><ns3:Speed>9.002</ns3:Speed><ns3:Watts>277</ns3:Watts></ns3:TPX></Extensions>
        </Trackpoint>
        <Trackpoint>
          <Time>2024-07-15T17:48:25Z</Time>
          <Position><LatitudeDegrees>50.3364610</LatitudeDegrees><LongitudeDegrees>6.9455201</LongitudeDegrees></Position>
          <AltitudeMeters>510.7</AltitudeMeters>
          <DistanceMeters>829.99</DistanceMeters>
          <HeartRateBpm><Value>163</Value></HeartRateBpm>
          <Cadence>73</Cadence>
          <Extensions><ns3:TPX><ns3:Speed>9.354</ns3:Speed><ns3:Watts>278</ns3:Watts></ns3:TPX></Extensions>
        </Trackpoint>
        <Trackpoint>
          <Time>2024-07-15T17:48:26Z</Time>
          <Position><LatitudeDegrees>50.3364063</LatitudeDegrees><LongitudeDegrees>6.9456264</LongitudeDegrees></Position>
          <AltitudeMeters>510.8</AltitudeMeters>
          <DistanceMeters>839.68</DistanceMeters>
          <HeartRateBpm><Value>164</Value></HeartRateBpm>
          <Cadence>73</Cadence>
          <Extensions><ns3:TPX><ns3:Speed>9.693</ns3:Speed><ns3:Watts>278</ns3:Watts></ns3:TPX></Extensions>
        </Trackpoint>
        <Trackpoint>
          <Time>2024-07-15T17:48:27Z</Time>
          <Position><LatitudeDegrees>50.3363511</LatitudeDegrees><LongitudeDegrees>6.9457379</LongitudeDegrees></Position>
          <AltitudeMeters>510.8</AltitudeMeters>
          <DistanceMeters>849.70</DistanceMeters>
          <HeartRateBpm><Value>165</Value></HeartRateBpm>
          <Cadence>73</Cadence>
          <Extensions><ns3:TPX><ns3:Speed>10.017</ns3:Speed><ns3:Watts>279</ns3:Watts></ns3:TPX></Extensions>
        </Trackpoint>
        <Trackpoint>
          <Time>2024-07-15T17:48:28Z</Time>
          <Position><LatitudeDegrees>50.3362953</LatitudeDegrees><LongitudeDegrees>6.9458542</LongitudeDegrees></Position>
          <AltitudeMeters>510.9</AltitudeMeters>
          <DistanceMeters>860.02</DistanceMeters>
          <HeartRateBpm><Value>166</Value></HeartRateBpm>
          <Cadence>73</Cadence>
          <Extensions><ns3:TPX><ns3:Speed>10.325</ns3:Speed><ns3:Watts>280</ns3:Watts></ns3:TPX></Extensions>
        </Trackpoint>
        <Trackpoint>
          <Time>2024-07-15T17:48:29Z</Time>
          <Position><LatitudeDegrees>50.3362390</LatitudeDegrees><LongitudeDegrees>6.9459750</LongitudeDegrees></Position>
          <AltitudeMeters>510.9</AltitudeMeters>
          <DistanceMeters>870.64</DistanceMeters>
          <HeartRateBpm><Value>166</Value></HeartRateBpm>
          <Cadence>73</Cadence>
          <Extensions><ns3:TPX><ns3:Speed>10.613</ns3:Speed><ns3:Watts>281</ns3:Watts></ns3:TPX></Extensions>
        </Trackpoint>
        <Trackpoint>
          <Time>2024-07-15T17:48:30Z</Time>
          <Position><LatitudeDegrees>50.3361823</LatitudeDegrees><LongitudeDegrees>6.9461000</LongitudeDegrees></Position>
          <AltitudeMeters>510.9</AltitudeMeters>
          <DistanceMeters>881.52</DistanceMeters>
          <HeartRateBpm><Value>167</Value></HeartRateBpm>
          <Cadence>73</Cadence>
          <Extensions><ns3:TPX><ns3:Speed>10.883</ns3:Speed><ns3:Watts>282</ns3:Watts></ns3:TPX></Extensions>
        </Trackpoint>
        <Trackpoint>
          <Time>2024-07-15T17:48:31Z</Time>
          <Position><LatitudeDegrees>50.3361253</LatitudeDegrees><LongitudeDegrees>6.9462288</LongitudeDegrees></Position>
          <AltitudeMeters>510.9</AltitudeMeters>
          <DistanceMeters>892.65</DistanceMeters>
          <HeartRateBpm><Value>167</Value></HeartRateBpm>
          <Cadence>73</Cadence>
          <Extensions><ns3:TPX><ns3:Speed>11.131</ns3:Speed><ns3:Watts>284</ns3:Watts></ns3:TPX></Extensions>
        </Trackpoint>
        <Trackpoint>
          <Time>2024-07-15T17:48:32Z</Time>
          <Position><LatitudeDegrees>50.3360678</LatitudeDegrees><LongitudeDegrees>6.9463611</LongitudeDegrees></Position>
          <AltitudeMeters>510.8</AltitudeMeters>
          <DistanceMeters>904.01</DistanceMeters>
          <HeartRateBpm><Value>167</Value></HeartRateBpm>
          <Cadence>73</Cadence>
          <Extensions><ns3:TPX><ns3:Speed>11.358</ns3:Speed><ns3:Watts>285</ns3:Watts></ns3:TPX></Extensions>
        </Trackpoint>
        <Trackpoint>
          <Time>2024-07-15T17:48:33Z</Time>
          <Position><LatitudeDegrees>50.3360100</LatitudeDegrees><LongitudeDegrees>6.9464966</LongitudeDegrees></Position>
          <AltitudeMeters>510.8</AltitudeMeters>
          <DistanceMeters>915.57</DistanceMeters>
          <HeartRateBpm><Value>167</Value></HeartRateBpm>
          <Cadence>73</Cadence>
          <Extensions><ns3:TPX><ns3:Speed>11.561</ns3:Speed><ns3:Watts>287</ns3:Watts></ns3:TPX></Extensions>
        </Trackpoint>
        <Trackpoint>
          <Time>2024-07-15T17:48:34Z</Time>
          <Position><LatitudeDegrees>50.3359520</LatitudeDegrees><LongitudeDegrees>6.9466348</LongitudeDegrees></Position>
          <AltitudeMeters>510.7</AltitudeMeters>
          <DistanceMeters>927.31</DistanceMeters>
          <HeartRateBpm><Value>167</Value></HeartRateBpm>
          <Cadence>73</Cadence>
          <Extensions><ns3:TPX><ns3:Speed>11.741</ns3:Speed><ns3:Watts>288</ns3:Watts></ns3:TPX></Extensions>
        </Trackpoint>
        <Trackpoint>
          <Time>2024-07-15T17:48:35Z</Time>
          <Position><LatitudeDegrees>50.3358937</LatitudeDegrees><LongitudeDegrees>6.9467753</LongitudeDegrees></Position>
          <AltitudeMeters>510.6</AltitudeMeters>
          <DistanceMeters>939.21</DistanceMeters>
          <HeartRateBpm><Value>166</Value></HeartRateBpm>
          <Cadence>73</Cadence>
          <Extensions><ns3:TPX><ns3:Speed>11.897</ns3:Speed><ns3:Watts>290</ns3:Watts></ns3:TPX></Extensions>
        </Trackpoint>
        <Trackpoint>
          <Time>2024-07-15T17:48:36Z</Time>
          <Position><LatitudeDegrees>50.3358352</LatitudeDegrees><LongitudeDegrees>6.9469178</LongitudeDegrees></Position>
          <AltitudeMeters>510.5</AltitudeMeters>
          <DistanceMeters>951.23</DistanceMeters>
          <HeartRateBpm><Value>165</Value></HeartRateBpm>
          <Cadence>74</Cadence>
          <Extensions><ns3:TPX><ns3:Speed>12.027</ns3:Speed><ns3:Watts>292</ns3:Watts></ns3:TPX></Extensions>
        </Trackpoint>
        <Trackpoint>
          <Time>2024-07-15T17:48:37Z</Time>
          <Position><LatitudeDegrees>50.3357765</LatitudeDegrees><LongitudeDegrees>6.9470620</LongitudeDegrees></Position>
          <AltitudeMeters>510.4</AltitudeMeters>
          <DistanceMeters>963.36</DistanceMeters>
          <HeartRateBpm><Value>165</Value></HeartRateBpm>
          <Cadence>74</Cadence>
          <Extensions><ns3:TPX><ns3:Speed>12.132</ns3:Speed><ns3:Watts>294</ns3:Watts></ns3:TPX></Extensions>
        </Trackpoint>
        <Trackpoint>
          <Time>2024-07-15T17:48:38Z</Time>
          <Position><LatitudeDegrees>50.3357178</LatitudeDegrees><LongitudeDegrees>6.9472073</LongitudeDegrees></Position>
          <AltitudeMeters>510.3</AltitudeMeters>
          <DistanceMeters>975.58</DistanceMeters>
          <HeartRateBpm><Value>164</Value></HeartRateBpm>
          <Cadence>74</Cadence>
          <Extensions><ns3:TPX><ns3:Speed>12.211</ns3:Speed><ns3:Watts>296</ns3:Watts></ns3:TPX></Extensions>
        </Trackpoint>
        <Trackpoint>
          <Time>2024-07-15T17:48:39Z</Time>
          <Position><LatitudeDegrees>50.3356589</LatitudeDegrees><LongitudeDegrees>6.9473535</LongitudeDegrees></Position>
          <AltitudeMeters>510.2</AltitudeMeters>
          <DistanceMeters>987.84</DistanceMeters>
          <HeartRateBpm><Value>163</Value></HeartRateBpm>
          <Cadence>74</Cadence>
          <Extensions><ns3:TPX><ns3:Speed>12.264</ns3:Speed><ns3:Watts>298</ns3:Watts></ns3:TPX></Extensions>
        </Trackpoint>
        <Trackpoint>
          <Time>2024-07-15T17:48:40Z</Time>
          <Position><LatitudeDegrees>50.3356000</LatitudeDegrees><LongitudeDegrees>6.9475000</LongitudeDegrees></Position>
          <AltitudeMeters>510.0</AltitudeMeters>
          <DistanceMeters>1000.13</DistanceMeters>
          <HeartRateBpm><Value>162</Value></HeartRateBpm>
          <Cadence>74</Cadence>
          <Extensions><ns3:TPX><ns3:Speed>12.291</ns3:Speed><ns3:Watts>300</ns3:Watts></ns3:TPX></Extensions>
        </Trackpoint>
        <Trackpoint>
          <Time>2024-07-15T17:48:41Z</Time>
          <Position><LatitudeDegrees>50.3355411</LatitudeDegrees><LongitudeDegrees>6.9476465</LongitudeDegrees></Position>
          <AltitudeMeters>509.8</AltitudeMeters>
          <DistanceMeters>1012.42</DistanceMeters>
          <HeartRateBpm><Value>160</Value></HeartRateBpm>
          <Cadence>74</Cadence>
          <Extensions><ns3:TPX><ns3:Speed>12.291</ns3:Speed><ns3:Watts>301</ns3:Watts></ns3:TPX></Extensions>
        </Trackpoint>
        <Trackpoint>
          <Time>2024-07-15T17:48:42Z</Time>
          <Position><LatitudeDegrees>50.3354822</LatitudeDegrees><LongitudeDegrees>6.9477927</LongitudeDegrees></Position>
          <AltitudeMeters>509.7</AltitudeMeters>
          <DistanceMeters>1024.69</DistanceMeters>
          <HeartRateBpm><Value>159</Value></HeartRateBpm>
          <Cadence>74</Cadence>
          <Extensions><ns3:TPX><ns3:Speed>12.264</ns3:Speed><ns3:Watts>303</ns3:Watts></ns3:TPX></Extensions>
        </Trackpoint>
        <Trackpoint>
          <Time>2024-07-15T17:48:43Z</Time>
          <Position><LatitudeDegrees>50.3354235</LatitudeDegrees><LongitudeDegrees>6.9479380</LongitudeDegrees></Position>
          <AltitudeMeters>509.5</AltitudeMeters>
          <DistanceMeters>1036.90</DistanceMeters>
          <HeartRateBpm><Value>158</Value></HeartRateBpm>
          <Cadence>74</Cadence>
          <Extensions><ns3:TPX><ns3:Speed>12.211</ns3:Speed><ns3:Watts>305</ns3:Watts></ns3:TPX></Extensions>
        </Trackpoint>
        <Trackpoint>
          <Time>2024-07-15T17:48:44Z</Time>
          <Position><LatitudeDegrees>50.3353648</LatitudeDegrees><LongitudeDegrees>6.9480822</LongitudeDegrees></Position>
          <AltitudeMeters>509.3</AltitudeMeters>
          <DistanceMeters>1049.03</DistanceMeters>
          <HeartRateBpm><Value>157</Value></HeartRateBpm>
          <Cadence>75</Cadence>
          <Extensions><ns3:TPX><ns3:Speed>12.132</ns3:Speed><ns3:Watts>307</ns3:Watts></ns3:TPX></Extensions>
        </Trackpoint>
        <Trackpoint>
          <Time>2024-07-15T17:48:45Z</Time>
          <Position><LatitudeDegrees>50.3353063</LatitudeDegrees><LongitudeDegrees>6.9482247</LongitudeDegrees></Position>
          <AltitudeMeters>509.1</AltitudeMeters>
          <DistanceMeters>1061.06</DistanceMeters>
          <HeartRateBpm><Value>157</Value></HeartRateBpm>
          <Cadence>75</Cadence>
          <Extensions><ns3:TPX><ns3:Speed>12.027</ns3:Speed><ns3:Watts>308</ns3:Watts></ns3:TPX></Extensions>
        </Trackpoint>
        <Trackpoint>
          <Time>2024-07-15T17:48:46Z</Time>
          <Position><LatitudeDegrees>50.3352480</LatitudeDegrees><LongitudeDegrees>6.9483652</LongitudeDegrees></Position>
          <AltitudeMeters>508.9</AltitudeMeters>
          <DistanceMeters>1072.95</DistanceMeters>
          <HeartRateBpm><Value>156</Value></HeartRateBpm>
          <Cadence>75</Cadence>
          <Extensions><ns3:TPX><ns3:Speed>11.897</ns3:Speed><ns3:Watts>309</ns3:Watts></ns3:TPX></Extensions>
        </Trackpoint>
        <Trackpoint>
          <Time>2024-07-15T17:48:47Z</Time>
          <Position><LatitudeDegrees>50.3351900</LatitudeDegrees><LongitudeDegrees>6.9485034</LongitudeDegrees></Position>
          <AltitudeMeters>508.7</AltitudeMeters>
          <DistanceMeters>1084.70</DistanceMeters>
          <HeartRateBpm><Value>155</Value></HeartRateBpm>
          <Cadence>75</Cadence>
          <Extensions><ns3:TPX><ns3:Speed>11.741</ns3:Speed><ns3:Watts>311</ns3:Watts></ns3:TPX></Extensions>
        </Trackpoint>
        <Trackpoint>
          <Time>2024-07-15T17:48:48Z</Time>
          <Position><LatitudeDegrees>50.3351322</LatitudeDegrees><LongitudeDegrees>6.9486389</LongitudeDegrees></Position>
          <AltitudeMeters>508.5</AltitudeMeters>
          <DistanceMeters>1096.26</DistanceMeters>
          <HeartRateBpm><Value>155</Value></HeartRateBpm>
          <Cadence>75</Cadence>
          <Extensions><ns3:TPX><ns3:Speed>11.561</ns3:Speed><ns3:Watts>312</ns3:Watts></ns3:TPX></Extensions>
        </Trackpoint>
        <Trackpoint>
          <Time>2024-07-15T17:48:49Z</Time>
          <Position><LatitudeDegrees>50.3350747</LatitudeDegrees><LongitudeDegrees>6.9487712</LongitudeDegrees></Position>
          <AltitudeMeters>508.3</AltitudeMeters>
          <DistanceMeters>1107.61</DistanceMeters>
          <HeartRateBpm><Value>155</Value></HeartRateBpm>
          <Cadence>75</Cadence>
          <Extensions><ns3:TPX><ns3:Speed>11.358</ns3:Speed><ns3:Watts>313</ns3:Watts></ns3:TPX></Extensions>
        </Trackpoint>
        <Trackpoint>
          <Time>2024-07-15T17:48:50Z</Time>
          <Position><LatitudeDegrees>50.3350177</LatitudeDegrees><LongitudeDegrees>6.9489000</LongitudeDegrees></Position>
          <AltitudeMeters>508.1</AltitudeMeters>
          <DistanceMeters>1118.75</DistanceMeters>
          <HeartRateBpm><Value>155</Value></HeartRateBpm>
          <Cadence>76</Cadence>
          <Extensions><ns3:TPX><ns3:Speed>11.131</ns3:Speed><ns3:Watts>313</ns3:Watts></ns3:TPX></Extensions>
        </Trackpoint>
        <Trackpoint>
          <Time>2024-07-15T17:48:51Z</Time>
          <Position><LatitudeDegrees>50.3349610</LatitudeDegrees><LongitudeDegrees>6.9490250</LongitudeDegrees></Position>
          <AltitudeMeters>507.9</AltitudeMeters>
          <DistanceMeters>1129.63</DistanceMeters>
          <HeartRateBpm><Value>155</Value></HeartRateBpm>
          <Cadence>76</Cadence>
          <Extensions><ns3:TPX><ns3:Speed>10.883</ns3:Speed><ns3:Watts>314</ns3:Watts></ns3:TPX></Extensions>
        </Trackpoint>
        <Trackpoint>
          <Time>2024-07-15T17:48:52Z</Time>
          <Position><LatitudeDegrees>50.3349047</LatitudeDegrees><LongitudeDegrees>6.9491458</LongitudeDegrees></Position>
          <AltitudeMeters>507.6</AltitudeMeters>
          <DistanceMeters>1140.24</DistanceMeters>
          <HeartRateBpm><Value>156</Value></HeartRateBpm>
          <Cadence>76</Cadence>
          <Extensions><ns3:TPX><ns3:Speed>10.614</ns3:Speed><ns3:Watts>314</ns3:Watts></ns3:TPX></Extensions>
        </Trackpoint>
        <Trackpoint>
          <Time>2024-07-15T17:48:53Z</Time>
          <Position><LatitudeDegrees>50.3348489</LatitudeDegrees><LongitudeDegrees>6.9492621</LongitudeDegrees></Position>
          <AltitudeMeters>507.4</AltitudeMeters>
          <DistanceMeters>1150.57</DistanceMeters>
          <HeartRateBpm><Value>156</Value></HeartRateBpm>
          <Cadence>76</Cadence>
          <Extensions><ns3:TPX><ns3:Speed>10.325</ns3:Speed><ns3:Watts>314</ns3:Watts></ns3:TPX></Extensions>
        </Trackpoint>
        <Trackpoint>
          <Time>2024-07-15T17:48:54Z</Time>
          <Position><LatitudeDegrees>50.3347937</LatitudeDegrees><LongitudeDegrees>6.9493736</LongitudeDegrees></Position>
          <AltitudeMeters>507.2</AltitudeMeters>
          <DistanceMeters>1160.58</DistanceMeters>
          <HeartRateBpm><Value>157</Value></HeartRateBpm>
          <Cadence>76</Cadence>
          <Extensions><ns3:TPX><ns3:Speed>10.018</ns3:Speed><ns3:Watts>314</ns3:Watts></ns3:TPX></Extensions>
        </Trackpoint>
        <Trackpoint>
          <Time>2024-07-15T17:48:55Z</Time>
          <Position><LatitudeDegrees>50.3347390</LatitudeDegrees><LongitudeDegrees>6.9494799</LongitudeDegrees></Position>
          <AltitudeMeters>507.0</AltitudeMeters>
          <DistanceMeters>1170.28</DistanceMeters>
          <HeartRateBpm><Value>158</Value></HeartRateBpm>
          <Cadence>77</Cadence>
          <Extensions><ns3:TPX><ns3:Speed>9.694</ns3:Speed><ns3:Watts>314</ns3:Watts></ns3:TPX></Extensions>
        </Trackpoint>
        <Trackpoint>
          <Time>2024-07-15T17:48:56Z</Time>
          <Position><LatitudeDegrees>50.3346848</LatitudeDegrees><LongitudeDegrees>6.9495808</LongitudeDegrees></Position>
          <AltitudeMeters>506.8</AltitudeMeters>
          <DistanceMeters>1179.63</DistanceMeters>
          <HeartRateBpm><Value>159</Value></HeartRateBpm>
          <Cadence>77</Cadence>
          <Extensions><ns3:TPX><ns3:Speed>9.355</ns3:Speed><ns3:Watts>313</ns3:Watts></ns3:TPX></Extensions>
        </Trackpoint>
        <Trackpoint>
          <Time>2024-07-15T17:48:57Z</Time>
          <Position><LatitudeDegrees>50.3346314</LatitudeDegrees><LongitudeDegrees>6.9496760</LongitudeDegrees></Position>
          <AltitudeMeters>506.6</AltitudeMeters>
          <DistanceMeters>1188.63</DistanceMeters>
          <HeartRateBpm><Value>160</Value></HeartRateBpm>
          <Cadence>77</Cadence>
          <Extensions><ns3:TPX><ns3:Speed>9.002</ns3:Speed><ns3:Watts>312</ns3:Watts></ns3:TPX></Extensions>
        </Trackpoint>
        <Trackpoint>
          <Time>2024-07-15T17:48:58Z</Time>
          <Position><LatitudeDegrees>50.3345785</LatitudeDegrees><LongitudeDegrees>6.9497652</LongitudeDegrees></Position>
          <AltitudeMeters>506.4</AltitudeMeters>
          <DistanceMeters>1197.27</DistanceMeters>
          <HeartRateBpm><Value>161</Value></HeartRateBpm>
          <Cadence>77</Cadence>
          <Extensions><ns3:TPX><ns3:Speed>8.639</ns3:Speed><ns3:Watts>311</ns3:Watts></ns3:TPX></Extensions>
        </Trackpoint>
        <Trackpoint>
          <Time>2024-07-15T17:48:59Z</Time>
          <Position><LatitudeDegrees>50.3345264</LatitudeDegrees><LongitudeDegrees>6.9498483</LongitudeDegrees></Position>
          <AltitudeMeters>506.2</AltitudeMeters>
          <DistanceMeters>1205.54</DistanceMeters>
          <HeartRateBpm><Value>161</Value></HeartRateBpm>
          <Cadence>77</Cadence>
          <Extensions><ns3:TPX><ns3:Speed>8.266</ns3:Speed><ns3:Watts>310</ns3:Watts></ns3:TPX></Extensions>
        </Trackpoint>
        <Trackpoint>
          <Time>2024-07-15T17:49:00Z</Time>
          <Position><LatitudeDegrees>50.3344750</LatitudeDegrees><LongitudeDegrees>6.9499249</LongitudeDegrees></Position>
          <AltitudeMeters>506.0</AltitudeMeters>
          <DistanceMeters>1213.43</DistanceMeters>
          <HeartRateBpm><Value>162</Value></HeartRateBpm>
          <Cadence>78</Cadence>
          <Extensions><ns3:TPX><ns3:Speed>7.887</ns3:Speed><ns3:Watts>309</ns3:Watts></ns3:TPX></Extensions>
        </Trackpoint>
        <Trackpoint>
          <Time>2024-07-15T17:49:01Z</Time>
          <Position><LatitudeDegrees>50.3344244</LatitudeDegrees><LongitudeDegrees>6.9499948</LongitudeDegrees></Position>
          <AltitudeMeters>505.8</AltitudeMeters>
          <DistanceMeters>1220.93</DistanceMeters>
          <HeartRateBpm><Value>163</Value></HeartRateBpm>
          <Cadence>78</Cadence>
          <Extensions><ns3:TPX><ns3:Speed>7.505</ns3:Speed><ns3:Watts>307</ns3:Watts></ns3:TPX></Extensions>
        </Trackpoint>
        <Trackpoint>
          <Time>2024-07-15T17:49:02Z</Time>
          <Position><LatitudeDegrees>50.3343746</LatitudeDegrees><LongitudeDegrees>6.9500579</LongitudeDegrees></Position>
          <AltitudeMeters>505.6</AltitudeMeters>
          <DistanceMeters>1228.06</DistanceMeters>
          <HeartRateBpm><Value>163</Value></HeartRateBpm>
          <Cadence>78</Cadence>
          <Extensions><ns3:TPX><ns3:Speed>7.124</ns3:Speed><ns3:Watts>305</ns3:Watts></ns3:TPX></Extensions>
        </Trackpoint>
        <Trackpoint>
          <Time>2024-07-15T17:49:03Z</Time>
          <Position><LatitudeDegrees>50.3343256</LatitudeDegrees><LongitudeDegrees>6.9501140</LongitudeDegrees></Position>
          <AltitudeMeters>505.4</AltitudeMeters>
          <DistanceMeters>1234.80</DistanceMeters>
          <HeartRateBpm><Value>164</Value></HeartRateBpm>
          <Cadence>78</Cadence>
          <Extensions><ns3:TPX><ns3:Speed>6.746</ns3:Speed><ns3:Watts>303</ns3:Watts></ns3:TPX></Extensions>
        </Trackpoint>
        <Trackpoint>
          <Time>2024-07-15T17:49:04Z</Time>
          <Position><LatitudeDegrees>50.3342775</LatitudeDegrees><LongitudeDegrees>6.9501630</LongitudeDegrees></Position>
          <AltitudeMeters>505.2</AltitudeMeters>
          <DistanceMeters>1241.18</DistanceMeters>
          <HeartRateBpm><Value>164</Value></HeartRateBpm>
          <Cadence>78</Cadence>
          <Extensions><ns3:TPX><ns3:Speed>6.377</ns3:Speed><ns3:Watts>301</ns3:Watts></ns3:TPX></Extensions>
        </Trackpoint>
        <Trackpoint>
          <Time>2024-07-15T17:49:05Z</Time>
          <Position><LatitudeDegrees>50.3342303</LatitudeDegrees><LongitudeDegrees>6.9502046</LongitudeDegrees></Position>
          <AltitudeMeters>505.1</AltitudeMeters>
          <DistanceMeters>1247.20</DistanceMeters>
          <HeartRateBpm><Value>164</Value></HeartRateBpm>
          <Cadence>79</Cadence>
          <Extensions><ns3:TPX><ns3:Speed>6.023</ns3:Speed><ns3:Watts>299</ns3:Watts></ns3:TPX></Extensions>
        </Trackpoint>
        <Trackpoint>
          <Time>2024-07-15T17:49:06Z</Time>
          <Position><LatitudeDegrees>50.3341840</LatitudeDegrees><LongitudeDegrees>6.9502388</LongitudeDegrees></Position>
          <AltitudeMeters>504.9</AltitudeMeters>
          <DistanceMeters>1252.89</DistanceMeters>
          <HeartRateBpm><Value>164</Value></HeartRateBpm>
          <Cadence>79</Cadence>
          <Extensions><ns3:TPX><ns3:Speed>5.688</ns3:Speed><ns3:Watts>296</ns3:Watts></ns3:TPX></Extensions>
        </Trackpoint>
        <Trackpoint>
          <Time>2024-07-15T17:49:07Z</Time>
          <Position><LatitudeDegrees>50.3341387</LatitudeDegrees><LongitudeDegrees>6.9502655</LongitudeDegrees></Position>
          <AltitudeMeters>504.7</AltitudeMeters>
          <DistanceMeters>1258.27</DistanceMeters>
          <HeartRateBpm><Value>163</Value></HeartRateBpm>
          <Cadence>79</Cadence>
          <Extensions><ns3:TPX><ns3:Speed>5.381</ns3:Speed><ns3:Watts>294</ns3:Watts></ns3:TPX></Extensions>
        </Trackpoint>
        <Trackpoint>
          <Time>2024-07-15T17:49:08Z</Time>
          <Position><LatitudeDegrees>50.3340945</LatitudeDegrees><LongitudeDegrees>6.9502847</LongitudeDegrees></Position>
          <AltitudeMeters>504.5</AltitudeMeters>
          <DistanceMeters>1263.38</DistanceMeters>
          <HeartRateBpm><Value>163</Value></HeartRateBpm>
          <Cadence>79</Cadence>
          <Extensions><ns3:TPX><ns3:Speed>5.108</ns3:Speed><ns3:Watts>291</ns3:Watts></ns3:TPX></Extensions>
        </Trackpoint>
        <Trackpoint>
          <Time>2024-07-15T17:49:09Z</Time>
          <Position><LatitudeDegrees>50.3340512</LatitudeDegrees><LongitudeDegrees>6.9502962</LongitudeDegrees></Position>
          <AltitudeMeters>504.4</AltitudeMeters>
          <DistanceMeters>1268.26</DistanceMeters>
          <HeartRateBpm><Value>162</Value></HeartRateBpm>
          <Cadence>80</Cadence>
          <Extensions><ns3:TPX><ns3:Speed>4.878</ns3:Speed><ns3:Watts>288</ns3:Watts></ns3:TPX></Extensions>
        </Trackpoint>
        <Trackpoint>
          <Time>2024-07-15T17:49:10Z</Time>
          <Position><LatitudeDegrees>50.3340090</LatitudeDegrees><LongitudeDegrees>6.9503000</LongitudeDegrees></Position>
          <AltitudeMeters>504.2</AltitudeMeters>
          <DistanceMeters>1272.96</DistanceMeters>
          <HeartRateBpm><Value>161</Value></HeartRateBpm>
          <Cadence>80</Cadence>
          <Extensions><ns3:TPX><ns3:Speed>4.699</ns3:Speed><ns3:Watts>286</ns3:Watts></ns3:TPX></Extensions>
        </Trackpoint>
        <Trackpoint>
          <Time>2024-07-15T17:49:11Z</Time>
          <Position><LatitudeDegrees>50.3339679</LatitudeDegrees><LongitudeDegrees>6.9502962</LongitudeDegrees></Position>
          <AltitudeMeters>504.0</AltitudeMeters>
          <DistanceMeters>1277.54</DistanceMeters>
          <HeartRateBpm><Value>160</Value></HeartRateBpm>
          <Cadence>80</Cadence>
          <Extensions><ns3:TPX><ns3:Speed>4.578</ns3:Speed><ns3:Watts>283</ns3:Watts></ns3:TPX></Extensions>
        </Trackpoint>
        <Trackpoint>
          <Time>2024-07-15T17:49:12Z</Time>
          <Position><LatitudeDegrees>50.3339279</LatitudeDegrees><LongitudeDegrees>6.9502847</LongitudeDegrees></Position>
          <AltitudeMeters>503.9</AltitudeMeters>
          <DistanceMeters>1282.06</DistanceMeters>
          <HeartRateBpm><Value>158</Value></HeartRateBpm>
          <Cadence>80</Cadence>
          <Extensions><ns3:TPX><ns3:Speed>4.520</ns3:Speed><ns3:Watts>280</ns3:Watts></ns3:TPX></Extensions>
        </Trackpoint>
        <Trackpoint>
          <Time>2024-07-15T17:49:13Z</Time>
          <Position><LatitudeDegrees>50.3338891</LatitudeDegrees><LongitudeDegrees>6.9502655</LongitudeDegrees></Position>
          <AltitudeMeters>503.7</AltitudeMeters>
          <DistanceMeters>1286.58</DistanceMeters>
          <HeartRateBpm><Value>157</Value></HeartRateBpm>
          <Cadence>81</Cadence>
          <Extensions><ns3:TPX><ns3:Speed>4.527</ns3:Speed><ns3:Watts>277</ns3:Watts></ns3:TPX></Extensions>
        </Trackpoint>
        <Trackpoint>
          <Time>2024-07-15T17:49:14Z</Time>
          <Position><LatitudeDegrees>50.3338514</LatitudeDegrees><LongitudeDegrees>6.9502388</LongitudeDegrees></Position>
          <AltitudeMeters>503.5</AltitudeMeters>
          <DistanceMeters>1291.18</DistanceMeters>
          <HeartRateBpm><Value>156</Value></HeartRateBpm>
          <Cadence>81</Cadence>
          <Extensions><ns3:TPX><ns3:Speed>4.597</ns3:Speed><ns3:Watts>275</ns3:Watts></ns3:TPX></Extensions>
        </Trackpoint>
        <Trackpoint>
          <Time>2024-07-15T17:49:15Z</Time>
          <Position><LatitudeDegrees>50.3338150</LatitudeDegrees><LongitudeDegrees>6.9502046</LongitudeDegrees></Position>
          <AltitudeMeters>503.4</AltitudeMeters>
          <DistanceMeters>1295.91</DistanceMeters>
          <HeartRateBpm><Value>154</Value></HeartRateBpm>
          <Cadence>81</Cadence>
          <Extensions><ns3:TPX><ns3:Speed>4.727</ns3:Speed><ns3:Watts>272</ns3:Watts></ns3:TPX></Extensions>
        </Trackpoint>
        <Trackpoint>
          <Time>2024-07-15T17:49:16Z</Time>
          <Position><LatitudeDegrees>50.3337797</LatitudeDegrees><LongitudeDegrees>6.9501630</LongitudeDegrees></Position>
          <AltitudeMeters>503.2</AltitudeMeters>
          <DistanceMeters>1300.82</DistanceMeters>
          <HeartRateBpm><Value>153</Value></HeartRateBpm>
          <Cadence>81</Cadence>
          <Extensions><ns3:TPX><ns3:Speed>4.908</ns3:Speed><ns3:Watts>269</ns3:Watts></ns3:TPX></Extensions>
        </Trackpoint>
        <Trackpoint>
          <Time>2024-07-15T17:49:17Z</Time>
          <Position><LatitudeDegrees>50.3337457</LatitudeDegrees><LongitudeDegrees>6.9501140</LongitudeDegrees></Position>
          <AltitudeMeters>503.0</AltitudeMeters>
          <DistanceMeters>1305.95</DistanceMeters>
          <HeartRateBpm><Value>151</Value></HeartRateBpm>
          <Cadence>81</Cadence>
          <Extensions><ns3:TPX><ns3:Speed>5.133</ns3:Speed><ns3:Watts>267</ns3:Watts></ns3:TPX></Extensions>
        </Trackpoint>
        <Trackpoint>
          <Time>2024-07-15T17:49:18Z</Time>
          <Position><LatitudeDegrees>50.3337130</LatitudeDegrees><LongitudeDegrees>6.9500579</LongitudeDegrees></Position>
          <AltitudeMeters>502.9</AltitudeMeters>
          <DistanceMeters>1311.34</DistanceMeters>
          <HeartRateBpm><Value>150</Value></HeartRateBpm>
          <Cadence>82</Cadence>
          <Extensions><ns3:TPX><ns3:Speed>5.394</ns3:Speed><ns3:Watts>264</ns3:Watts></ns3:TPX></Extensions>
        </Trackpoint>
        <Trackpoint>
          <Time>2024-07-15T17:49:19Z</Time>
          <Position><LatitudeDegrees>50.3336816</LatitudeDegrees><LongitudeDegrees>6.9499948</LongitudeDegrees></Position>
          <AltitudeMeters>502.7</AltitudeMeters>
          <DistanceMeters>1317.02</DistanceMeters>
          <HeartRateBpm><Value>149</Value></HeartRateBpm>
          <Cadence>82</Cadence>
          <Extensions><ns3:TPX><ns3:Speed>5.682</ns3:Speed><ns3:Watts>262</ns3:Watts></ns3:TPX></Extensions>
        </Trackpoint>
        <Trackpoint>
          <Time>2024-07-15T17:49:20Z</Time>
          <Position><LatitudeDegrees>50.3336514</LatitudeDegrees><LongitudeDegrees>6.9499249</LongitudeDegrees></Position>
          <AltitudeMeters>502.5</AltitudeMeters>
          <DistanceMeters>1323.01</DistanceMeters>
          <HeartRateBpm><Value>148</Value></HeartRateBpm>
          <Cadence>82</Cadence>
          <Extensions><ns3:TPX><ns3:Speed>5.989</ns3:Speed><ns3:Watts>260</ns3:Watts></ns3:TPX></Extensions>
        </Trackpoint>
        <Trackpoint>
          <Time>2024-07-15T17:49:21Z</Time>
          <Position><LatitudeDegrees>50.3336227</LatitudeDegrees><LongitudeDegrees>6.9498483</LongitudeDegrees></Position>
          <AltitudeMeters>502.3</AltitudeMeters>
          <DistanceMeters>1329.32</DistanceMeters>
          <HeartRateBpm><Value>147</Value></HeartRateBpm>
          <Cadence>82</Cadence>
          <Extensions><ns3:TPX><ns3:Speed>6.308</ns3:Speed><ns3:Watts>258</ns3:Watts></ns3:TPX></Extensions>
        </Trackpoint>
        <Trackpoint>
          <Time>2024-07-15T17:49:22Z</Time>
          <Position><LatitudeDegrees>50.3335952</LatitudeDegrees><LongitudeDegrees>6.9497652</LongitudeDegrees></Position>
          <AltitudeMeters>502.1</AltitudeMeters>
          <DistanceMeters>1335.96</DistanceMeters>
          <HeartRateBpm><Value>146</Value></HeartRateBpm>
          <Cadence>83</Cadence>
          <Extensions><ns3:TPX><ns3:Speed>6.636</ns3:Speed><ns3:Watts>256</ns3:Watts></ns3:TPX></Extensions>
        </Trackpoint>
        <Trackpoint>
          <Time>2024-07-15T17:49:23Z</Time>
          <Position><LatitudeDegrees>50.3335692</LatitudeDegrees><LongitudeDegrees>6.9496760</LongitudeDegrees></Position>
          <AltitudeMeters>501.9</AltitudeMeters>
          <DistanceMeters>1342.92</DistanceMeters>
          <HeartRateBpm><Value>146</Value></HeartRateBpm>
          <Cadence>83</Cadence>
          <Extensions><ns3:TPX><ns3:Speed>6.965</ns3:Speed><ns3:Watts>255</ns3:Watts></ns3:TPX></Extensions>
        </Trackpoint>
        <Trackpoint>
          <Time>2024-07-15T17:49:24Z</Time>
          <Position><LatitudeDegrees>50.3335445</LatitudeDegrees><LongitudeDegrees>6.9495808</LongitudeDegrees></Position>
          <AltitudeMeters>501.7</AltitudeMeters>
          <DistanceMeters>1350.21</DistanceMeters>
          <HeartRateBpm><Value>146</Value></HeartRateBpm>
          <Cadence>83</Cadence>
          <Extensions><ns3:TPX><ns3:Speed>7.292</ns3:Speed><ns3:Watts>253</ns3:Watts></ns3:TPX></Extensions>
        </Trackpoint>
        <Trackpoint>
          <Time>2024-07-15T17:49:25Z</Time>
          <Position><LatitudeDegrees>50.3335213</LatitudeDegrees><LongitudeDegrees>6.9494799</LongitudeDegrees></Position>
          <AltitudeMeters>501.5</AltitudeMeters>
          <DistanceMeters>1357.83</DistanceMeters>
          <HeartRateBpm><Value>145</Value></HeartRateBpm>
          <Cadence>83</Cadence>
          <Extensions><ns3:TPX><ns3:Speed>7.614</ns3:Speed><ns3:Watts>252</ns3:Watts></ns3:TPX></Extensions>
        </Trackpoint>
        <Trackpoint>
          <Time>2024-07-15T17:49:26Z</Time>
          <Position><LatitudeDegrees>50.3334994</LatitudeDegrees><LongitudeDegrees>6.9493736</LongitudeDegrees></Position>
          <AltitudeMeters>501.3</AltitudeMeters>
          <DistanceMeters>1365.76</DistanceMeters>
          <HeartRateBpm><Value>146</Value></HeartRateBpm>
          <Cadence>84</Cadence>
          <Extensions><ns3:TPX><ns3:Speed>7.928</ns3:Speed><ns3:Watts>251</ns3:Watts></ns3:TPX></Extensions>
        </Trackpoint>
        <Trackpoint>
          <Time>2024-07-15T17:49:27Z</Time>
          <Position><LatitudeDegrees>50.3334791</LatitudeDegrees><LongitudeDegrees>6.9492621</LongitudeDegrees></Position>
          <AltitudeMeters>501.1</AltitudeMeters>
          <DistanceMeters>1373.99</DistanceMeters>
          <HeartRateBpm><Value>146</Value></HeartRateBpm>
          <Cadence>84</Cadence>
          <Extensions><ns3:TPX><ns3:Speed>8.230</ns3:Speed><ns3:Watts>250</ns3:Watts></ns3:TPX></Extensions>
        </Trackpoint>
        <Trackpoint>
          <Time>2024-07-15T17:49:28Z</Time>
          <Position><LatitudeDegrees>50.3334601</LatitudeDegrees><LongitudeDegrees>6.9491458</LongitudeDegrees></Position>
          <AltitudeMeters>500.8</AltitudeMeters>
          <DistanceMeters>1382.51</DistanceMeters>
          <HeartRateBpm><Value>146</Value></HeartRateBpm>
          <Cadence>84</Cadence>
          <Extensions><ns3:TPX><ns3:Speed>8.519</ns3:Speed><ns3:Watts>250</ns3:Watts></ns3:TPX></Extensions>
        </Trackpoint>
        <Trackpoint>
          <Time>2024-07-15T17:49:29Z</Time>
          <Position><LatitudeDegrees>50.3334427</LatitudeDegrees><LongitudeDegrees>6.9490250</LongitudeDegrees></Position>
          <AltitudeMeters>500.6</AltitudeMeters>
          <DistanceMeters>1391.30</DistanceMeters>
          <HeartRateBpm><Value>147</Value></HeartRateBpm>
          <Cadence>84</Cadence>
          <Extensions><ns3:TPX><ns3:Speed>8.792</ns3:Speed><ns3:Watts>249</ns3:Watts></ns3:TPX></Extensions>
        </Trackpoint>
        <Trackpoint>
          <Time>2024-07-15T17:49:30Z</Time>
          <Position><LatitudeDegrees>50.3334267</LatitudeDegrees><LongitudeDegrees>6.9489000</LongitudeDegrees></Position>
          <AltitudeMeters>500.3</AltitudeMeters>
          <DistanceMeters>1400.35</DistanceMeters>
          <HeartRateBpm><Value>147</Value></HeartRateBpm>
          <Cadence>84</Cadence>
          <Extensions><ns3:TPX><ns3:Speed>9.048</ns3:Speed><ns3:Watts>249</ns3:Watts></ns3:TPX></Extensions>
        </Trackpoint>
        <Trackpoint>
          <Time>2024-07-15T17:49:31Z</Time>
          <Position><LatitudeDegrees>50.3334122</LatitudeDegrees><LongitudeDegrees>6.9487712</LongitudeDegrees></Position>
          <AltitudeMeters>500.0</AltitudeMeters>
          <DistanceMeters>1409.63</DistanceMeters>
          <HeartRateBpm><Value>148</Value></HeartRateBpm>
          <Cadence>85</Cadence>
          <Extensions><ns3:TPX><ns3:Speed>9.285</ns3:Speed><ns3:Watts>249</ns3:Watts></ns3:TPX></Extensions>
        </Trackpoint>
        <Trackpoint>
          <Time>2024-07-15T17:49:32Z</Time>
          <Position><LatitudeDegrees>50.3333992</LatitudeDegrees><LongitudeDegrees>6.9486389</LongitudeDegrees></Position>
          <AltitudeMeters>499.7</AltitudeMeters>
          <DistanceMeters>1419.13</DistanceMeters>
          <HeartRateBpm><Value>149</Value></HeartRateBpm>
          <Cadence>85</Cadence>
          <Extensions><ns3:TPX><ns3:Speed>9.502</ns3:Speed><ns3:Watts>248</ns3:Watts></ns3:TPX></Extensions>
        </Trackpoint>
        <Trackpoint>
          <Time>2024-07-15T17:49:33Z</Time>
          <Position><LatitudeDegrees>50.3333877</LatitudeDegrees><LongitudeDegrees>6.9485034</LongitudeDegrees></Position>
          <AltitudeMeters>499.4</AltitudeMeters>
          <DistanceMeters>1428.83</DistanceMeters>
          <HeartRateBpm><Value>149</Value></HeartRateBpm>
          <Cadence>85</Cadence>
          <Extensions><ns3:TPX><ns3:Speed>9.697</ns3:Speed><ns3:Watts>249</ns3:Watts></ns3:TPX></Extensions>
        </Trackpoint>
        <Trackpoint>
          <Time>2024-07-15T17:49:34Z</Time>
          <Position><LatitudeDegrees>50.3333777</LatitudeDegrees><LongitudeDegrees>6.9483652</LongitudeDegrees></Position>
          <AltitudeMeters>499.1</AltitudeMeters>
          <DistanceMeters>1438.70</DistanceMeters>
          <HeartRateBpm><Value>150</Value></HeartRateBpm>
          <Cadence>85</Cadence>
          <Extensions><ns3:TPX><ns3:Speed>9.870</ns3:Speed><ns3:Watts>249</ns3:Watts></ns3:TPX></Extensions>
        </Trackpoint>
        <Trackpoint>
          <Time>2024-07-15T17:49:35Z</Time>
          <Position><LatitudeDegrees>50.3333692</LatitudeDegrees><LongitudeDegrees>6.9482247</LongitudeDegrees></Position>
          <AltitudeMeters>498.8</AltitudeMeters>
          <DistanceMeters>1448.72</DistanceMeters>
          <HeartRateBpm><Value>150</Value></HeartRateBpm>
          <Cadence>86</Cadence>
          <Extensions><ns3:TPX><ns3:Speed>10.020</ns3:Speed><ns3:Watts>249</ns3:Watts></ns3:TPX></Extensions>
        </Trackpoint>
        <Trackpoint>
          <Time>2024-07-15T17:49:36Z</Time>
          <Position><LatitudeDegrees>50.3333623</LatitudeDegrees><LongitudeDegrees>6.9480822</LongitudeDegrees></Position>
          <AltitudeMeters>498.5</AltitudeMeters>
          <DistanceMeters>1458.87</DistanceMeters>
          <HeartRateBpm><Value>151</Value></HeartRateBpm>
          <Cadence>86</Cadence>
          <Extensions><ns3:TPX><ns3:Speed>10.146</ns3:Speed><ns3:Watts>250</ns3:Watts></ns3:TPX></Extensions>
        </Trackpoint>
        <Trackpoint>
          <Time>2024-07-15T17:49:37Z</Time>
          <Position><LatitudeDegrees>50.3333569</LatitudeDegrees><LongitudeDegrees>6.9479380</LongitudeDegrees></Position>
          <AltitudeMeters>498.1</AltitudeMeters>
          <DistanceMeters>1469.12</DistanceMeters>
          <HeartRateBpm><Value>151</Value></HeartRateBpm>
          <Cadence>86</Cadence>
          <Extensions><ns3:TPX><ns3:Speed>10.248</ns3:Speed><ns3:Watts>250</ns3:Watts></ns3:TPX></Extensions>
        </Trackpoint>
        <Trackpoint>
          <Time>2024-07-15T17:49:38Z</Time>
          <Position><LatitudeDegrees>50.3333531</LatitudeDegrees><LongitudeDegrees>6.9477927</LongitudeDegrees></Position>
          <AltitudeMeters>497.8</AltitudeMeters>
          <DistanceMeters>1479.44</DistanceMeters>
          <HeartRateBpm><Value>151</Value></HeartRateBpm>
          <Cadence>86</Cadence>
          <Extensions><ns3:TPX><ns3:Speed>10.325</ns3:Speed><ns3:Watts>251</ns3:Watts></ns3:TPX></Extensions>
        </Trackpoint>
        <Trackpoint>
          <Time>2024-07-15T17:49:39Z</Time>
          <Position><LatitudeDegrees>50.3333508</LatitudeDegrees><LongitudeDegrees>6.9476465</LongitudeDegrees></Position>
          <AltitudeMeters>497.4</AltitudeMeters>
          <DistanceMeters>1489.82</DistanceMeters>
          <HeartRateBpm><Value>151</Value></HeartRateBpm>
          <Cadence>86</Cadence>
          <Extensions><ns3:TPX><ns3:Speed>10.376</ns3:Speed><ns3:Watts>251</ns3:Watts></ns3:TPX></Extensions>
        </Trackpoint>
        <Trackpoint>
          <Time>2024-07-15T17:49:40Z</Time>
          <Position><LatitudeDegrees>50.3333500</LatitudeDegrees><LongitudeDegrees>6.9475000</LongitudeDegrees></Position>
          <AltitudeMeters>497.0</AltitudeMeters>
          <DistanceMeters>1500.22</DistanceMeters>
          <HeartRateBpm><Value>151</Value></HeartRateBpm>
          <Cadence>87</Cadence>
          <Extensions><ns3:TPX><ns3:Speed>10.402</ns3:Speed><ns3:Watts>252</ns3:Watts></ns3:TPX></Extensions>
        </Trackpoint>
        <Trackpoint>
          <Time>2024-07-15T17:49:41Z</Time>
          <Position><LatitudeDegrees>50.3333508</LatitudeDegrees><LongitudeDegrees>6.9473535</LongitudeDegrees></Position>
          <AltitudeMeters>496.6</AltitudeMeters>
          <DistanceMeters>1510.62</DistanceMeters>
          <HeartRateBpm><Value>150</Value></HeartRateBpm>
          <Cadence>87</Cadence>
          <Extensions><ns3:TPX><ns3:Speed>10.402</ns3:Speed><ns3:Watts>253</ns3:Watts></ns3:TPX></Extensions>
        </Trackpoint>
        <Trackpoint>
          <Time>2024-07-15T17:49:42Z</Time>
          <Position><LatitudeDegrees>50.3333531</LatitudeDegrees><LongitudeDegrees>6.9472073</LongitudeDegrees></Position>
          <AltitudeMeters>496.2</AltitudeMeters>
          <DistanceMeters>1520.99</DistanceMeters>
          <HeartRateBpm><Value>149</Value></HeartRateBpm>
          <Cadence>87</Cadence>
          <Extensions><ns3:TPX><ns3:Speed>10.376</ns3:Speed><ns3:Watts>253</ns3:Watts></ns3:TPX></Extensions>
        </Trackpoint>
        <Trackpoint>
          <Time>2024-07-15T17:49:43Z</Time>
          <Position><LatitudeDegrees>50.3333569</LatitudeDegrees><LongitudeDegrees>6.9470620</LongitudeDegrees></Position>
          <AltitudeMeters>495.8</AltitudeMeters>
          <DistanceMeters>1531.32</DistanceMeters>
          <HeartRateBpm><Value>148</Value></HeartRateBpm>
          <Cadence>87</Cadence>
          <Extensions><ns3:TPX><ns3:Speed>10.325</ns3:Speed><ns3:Watts>254</ns3:Watts></ns3:TPX></Extensions>
        </Trackpoint>
        <Trackpoint>
          <Time>2024-07-15T17:49:44Z</Time>
          <Position><LatitudeDegrees>50.3333623</LatitudeDegrees><LongitudeDegrees>6.9469178</LongitudeDegrees></Position>
          <AltitudeMeters>495.3</AltitudeMeters>
          <DistanceMeters>1541.57</DistanceMeters>
          <HeartRateBpm><Value>147</Value></HeartRateBpm>
          <Cadence>87</Cadence>
          <Extensions><ns3:TPX><ns3:Speed>10.248</ns3:Speed><ns3:Watts>254</ns3:Watts></ns3:TPX></Extensions>
        </Trackpoint>
        <Trackpoint>
          <Time>2024-07-15T17:49:45Z</Time>
          <Position><LatitudeDegrees>50.3333692</LatitudeDegrees><LongitudeDegrees>6.9467753</LongitudeDegrees></Position>
          <AltitudeMeters>494.9</AltitudeMeters>
          <DistanceMeters>1551.71</DistanceMeters>
          <HeartRateBpm><Value>146</Value></HeartRateBpm>
          <Cadence>88</Cadence>
          <Extensions><ns3:TPX><ns3:Speed>10.146</ns3:Speed><ns3:Watts>255</ns3:Watts></ns3:TPX></Extensions>
        </Trackpoint>
        <Trackpoint>
          <Time>2024-07-15T17:49:46Z</Time>
          <Position><LatitudeDegrees>50.3333777</LatitudeDegrees><LongitudeDegrees>6.9466348</LongitudeDegrees></Position>
          <AltitudeMeters>494.4</AltitudeMeters>
          <DistanceMeters>1561.73</DistanceMeters>
          <HeartRateBpm><Value>145</Value></HeartRateBpm>
          <Cadence>88</Cadence>
          <Extensions><ns3:TPX><ns3:Speed>10.020</ns3:Speed><ns3:Watts>255</ns3:Watts></ns3:TPX></Extensions>
        </Trackpoint>
        <Trackpoint>
          <Time>2024-07-15T17:49:47Z</Time>
          <Position><LatitudeDegrees>50.3333877</LatitudeDegrees><LongitudeDegrees>6.9464966</LongitudeDegrees></Position>
          <AltitudeMeters>494.0</AltitudeMeters>
          <DistanceMeters>1571.60</DistanceMeters>
          <HeartRateBpm><Value>143</Value></HeartRateBpm>
          <Cadence>88</Cadence>
          <Extensions><ns3:TPX><ns3:Speed>9.870</ns3:Speed><ns3:Watts>255</ns3:Watts></ns3:TPX></Extensions>
        </Trackpoint>
        <Trackpoint>
          <Time>2024-07-15T17:49:48Z</Time>
          <Position><LatitudeDegrees>50.3333992</LatitudeDegrees><LongitudeDegrees>6.9463611</LongitudeDegrees></Position>
          <AltitudeMeters>493.5</AltitudeMeters>
          <DistanceMeters>1581.30</DistanceMeters>
          <HeartRateBpm><Value>142</Value></HeartRateBpm>
          <Cadence>88</Cadence>
          <Extensions><ns3:TPX><ns3:Speed>9.697</ns3:Speed><ns3:Watts>256</ns3:Watts></ns3:TPX></Extensions>
        </Trackpoint>
        <Trackpoint>
          <Time>2024-07-15T17:49:49Z</Time>
          <Position><LatitudeDegrees>50.3334122</LatitudeDegrees><LongitudeDegrees>6.9462288</LongitudeDegrees></Position>
          <AltitudeMeters>493.0</AltitudeMeters>
          <DistanceMeters>1590.80</DistanceMeters>
          <HeartRateBpm><Value>140</Value></HeartRateBpm>
          <Cadence>88</Cadence>
          <Extensions><ns3:TPX><ns3:Speed>9.502</ns3:Speed><ns3:Watts>255</ns3:Watts></ns3:TPX></Extensions>
        </Trackpoint>
        <Trackpoint>
          <Time>2024-07-15T17:49:50Z</Time>
          <Position><LatitudeDegrees>50.3334267</LatitudeDegrees><LongitudeDegrees>6.9461000</LongitudeDegrees></Position>
          <AltitudeMeters>492.5</AltitudeMeters>
          <DistanceMeters>1600.09</DistanceMeters>
          <HeartRateBpm><Value>139</Value></HeartRateBpm>
          <Cadence>88</Cadence>
          <Extensions><ns3:TPX><ns3:Speed>9.285</ns3:Speed><ns3:Watts>255</ns3:Watts></ns3:TPX></Extensions>
        </Trackpoint>
        <Trackpoint>
          <Time>2024-07-15T17:49:51Z</Time>
          <Position><LatitudeDegrees>50.3334427</LatitudeDegrees><LongitudeDegrees>6.9459750</LongitudeDegrees></Position>
          <AltitudeMeters>492.0</AltitudeMeters>
          <DistanceMeters>1609.14</DistanceMeters>
          <HeartRateBpm><Value>137</Value></HeartRateBpm>
          <Cadence>88</Cadence>
          <Extensions><ns3:TPX><ns3:Speed>9.048</ns3:Speed><ns3:Watts>255</ns3:Watts></ns3:TPX></Extensions>
        </Trackpoint>
        <Trackpoint>
          <Time>2024-07-15T17:49:52Z</Time>
          <Position><LatitudeDegrees>50.3334601</LatitudeDegrees><LongitudeDegrees>6.9458542</LongitudeDegrees></Position>
          <AltitudeMeters>491.5</AltitudeMeters>
          <DistanceMeters>1617.93</DistanceMeters>
          <HeartRateBpm><Value>136</Value></HeartRateBpm>
          <Cadence>89</Cadence>
          <Extensions><ns3:TPX><ns3:Speed>8.792</ns3:Speed><ns3:Watts>254</ns3:Watts></ns3:TPX></Extensions>
        </Trackpoint>
        <Trackpoint>
          <Time>2024-07-15T17:49:53Z</Time>
          <Position><LatitudeDegrees>50.3334791</LatitudeDegrees><LongitudeDegrees>6.9457379</LongitudeDegrees></Position>
          <AltitudeMeters>491.0</AltitudeMeters>
          <DistanceMeters>1626.45</DistanceMeters>
          <HeartRateBpm><Value>134</Value></HeartRateBpm>
          <Cadence>89</Cadence>
          <Extensions><ns3:TPX><ns3:Speed>8.519</ns3:Speed><ns3:Watts>254</ns3:Watts></ns3:TPX></Extensions>
        </Trackpoint>
        <Trackpoint>
          <Time>2024-07-15T17:49:54Z</Time>
          <Position><LatitudeDegrees>50.3334994</LatitudeDegrees><LongitudeDegrees>6.9456264</LongitudeDegrees></Position>
          <AltitudeMeters>490.5</AltitudeMeters>
          <DistanceMeters>1634.68</DistanceMeters>
          <HeartRateBpm><Value>133</Value></HeartRateBpm>
          <Cadence>89</Cadence>
          <Extensions><ns3:TPX><ns3:Speed>8.230</ns3:Speed><ns3:Watts>253</ns3:Watts></ns3:TPX></Extensions>
        </Trackpoint>
        <Trackpoint>
          <Time>2024-07-15T17:49:55Z</Time>
          <Position><LatitudeDegrees>50.3335213</LatitudeDegrees><LongitudeDegrees>6.9455201</LongitudeDegrees></Position>
          <AltitudeMeters>490.0</AltitudeMeters>
          <DistanceMeters>1642.61</DistanceMeters>
          <HeartRateBpm><Value>132</Value></HeartRateBpm>
          <Cadence>89</Cadence>
          <Extensions><ns3:TPX><ns3:Speed>7.928</ns3:Speed><ns3:Watts>252</ns3:Watts></ns3:TPX></Extensions>
        </Trackpoint>
        <Trackpoint>
          <Time>2024-07-15T17:49:56Z</Time>
          <Position><LatitudeDegrees>50.3335445</LatitudeDegrees><LongitudeDegrees>6.9454192</LongitudeDegrees></Position>
          <AltitudeMeters>489.5</AltitudeMeters>
          <DistanceMeters>1650.22</DistanceMeters>
          <HeartRateBpm><Value>132</Value></HeartRateBpm>
          <Cadence>89</Cadence>
          <Extensions><ns3:TPX><ns3:Speed>7.614</ns3:Speed><ns3:Watts>251</ns3:Watts></ns3:TPX></Extensions>
        </Trackpoint>
        <Trackpoint>
          <Time>2024-07-15T17:49:57Z</Time>
          <Position><LatitudeDegrees>50.3335692</LatitudeDegrees><LongitudeDegrees>6.9453240</LongitudeDegrees></Position>
          <AltitudeMeters>489.0</AltitudeMeters>
          <DistanceMeters>1657.51</DistanceMeters>
          <HeartRateBpm><Value>131</Value></HeartRateBpm>
          <Cadence>89</Cadence>
          <Extensions><ns3:TPX><ns3:Speed>7.292</ns3:Speed><ns3:Watts>249</ns3:Watts></ns3:TPX></Extensions>
        </Trackpoint>
        <Trackpoint>
          <Time>2024-07-15T17:49:58Z</Time>
          <Position><LatitudeDegrees>50.3335952</LatitudeDegrees><LongitudeDegrees>6.9452348</LongitudeDegrees></Position>
          <AltitudeMeters>488.5</AltitudeMeters>
          <DistanceMeters>1664.48</DistanceMeters>
          <HeartRateBpm><Value>131</Value></HeartRateBpm>
          <Cadence>89</Cadence>
          <Extensions><ns3:TPX><ns3:Speed>6.965</ns3:Speed><ns3:Watts>248</ns3:Watts></ns3:TPX></Extensions>
        </Trackpoint>
        <Trackpoint>
          <Time>2024-07-15T17:49:59Z</Time>
          <Position><LatitudeDegrees>50.3336227</LatitudeDegrees><LongitudeDegrees>6.9451517</LongitudeDegrees></Position>
          <AltitudeMeters>488.0</AltitudeMeters>
          <DistanceMeters>1671.11</DistanceMeters>
          <HeartRateBpm><Value>131</Value></HeartRateBpm>
          <Cadence>90</Cadence>
          <Extensions><ns3:TPX><ns3:Speed>6.636</ns3:Speed><ns3:Watts>246</ns3:Watts></ns3:TPX></Extensions>
        </Trackpoint>
        <Trackpoint>
          <Time>2024-07-15T17:50:00Z</Time>
          <Position><LatitudeDegrees>50.3336514</LatitudeDegrees><LongitudeDegrees>6.9450751</LongitudeDegrees></Position>
          <AltitudeMeters>487.5</AltitudeMeters>
          <DistanceMeters>1677.42</DistanceMeters>
          <HeartRateBpm><Value>131</Value></HeartRateBpm>
          <Cadence>90</Cadence>
          <Extensions><ns3:TPX><ns3:Speed>6.308</ns3:Speed><ns3:Watts>244</ns3:Watts></ns3:TPX></Extensions>
        </Trackpoint>
        <Trackpoint>
          <Time>2024-07-15T17:50:01Z</Time>
          <Position><LatitudeDegrees>50.3336816</LatitudeDegrees><LongitudeDegrees>6.9450052</LongitudeDegrees></Position>
          <AltitudeMeters>487.0</AltitudeMeters>
          <DistanceMeters>1683.41</DistanceMeters>
          <HeartRateBpm><Value>131</Value></HeartRateBpm>
          <Cadence>90</Cadence>
          <Extensions><ns3:TPX><ns3:Speed>5.989</ns3:Speed><ns3:Watts>242</ns3:Watts></ns3:TPX></Extensions>
        </Trackpoint>
        <Trackpoint>
          <Time>2024-07-15T17:50:02Z</Time>
          <Position><LatitudeDegrees>50.3337130</LatitudeDegrees><LongitudeDegrees>6.9449421</LongitudeDegrees></Position>
          <AltitudeMeters>486.5</AltitudeMeters>
          <DistanceMeters>1689.09</DistanceMeters>
          <HeartRateBpm><Value>131</Value></HeartRateBpm>
          <Cadence>90</Cadence>
          <Extensions><ns3:TPX><ns3:Speed>5.682</ns3:Speed><ns3:Watts>240</ns3:Watts></ns3:TPX></Extensions>
        </Trackpoint>
        <Trackpoint>
          <Time>2024-07-15T17:50:03Z</Time>
          <Position><LatitudeDegrees>50.3337457</LatitudeDegrees><LongitudeDegrees>6.9448860</LongitudeDegrees></Position>
          <AltitudeMeters>486.0</AltitudeMeters>
          <DistanceMeters>1694.49</DistanceMeters>
          <HeartRateBpm><Value>132</Value></HeartRateBpm>
          <Cadence>90</Cadence>
          <Extensions><ns3:TPX><ns3:Speed>5.394</ns3:Speed><ns3:Watts>237</ns3:Watts></ns3:TPX></Extensions>
        </Trackpoint>
        <Trackpoint>
          <Time>2024-07-15T17:50:04Z</Time>
          <Position><LatitudeDegrees>50.3337797</LatitudeDegrees><LongitudeDegrees>6.9448370</LongitudeDegrees></Position>
          <AltitudeMeters>485.6</AltitudeMeters>
          <DistanceMeters>1699.62</DistanceMeters>
          <HeartRateBpm><Value>133</Value></HeartRateBpm>
          <Cadence>90</Cadence>
          <Extensions><ns3:TPX><ns3:Speed>5.133</ns3:Speed><ns3:Watts>235</ns3:Watts></ns3:TPX></Extensions>
        </Trackpoint>
        <Trackpoint>
          <Time>2024-07-15T17:50:05Z</Time>
          <Position><LatitudeDegrees>50.3338150</LatitudeDegrees><LongitudeDegrees>6.9447954</LongitudeDegrees></Position>
          <AltitudeMeters>485.1</AltitudeMeters>
          <DistanceMeters>1704.53</DistanceMeters>
          <HeartRateBpm><Value>133</Value></HeartRateBpm>
          <Cadence>90</Cadence>
          <Extensions><ns3:TPX><ns3:Speed>4.908</ns3:Speed><ns3:Watts>232</ns3:Watts></ns3:TPX></Extensions>
        </Trackpoint>
        <Trackpoint>
          <Time>2024-07-15T17:50:06Z</Time>
          <Position><LatitudeDegrees>50.3338514</LatitudeDegrees><LongitudeDegrees>6.9447612</LongitudeDegrees></Position>
          <AltitudeMeters>484.7</AltitudeMeters>
          <DistanceMeters>1709.25</DistanceMeters>
          <HeartRateBpm><Value>134</Value></HeartRateBpm>
          <Cadence>90</Cadence>
          <Extensions><ns3:TPX><ns3:Speed>4.727</ns3:Speed><ns3:Watts>229</ns3:Watts></ns3:TPX></Extensions>
        </Trackpoint>
        <Trackpoint>
          <Time>2024-07-15T17:50:07Z</Time>
          <Position><LatitudeDegrees>50.3338891</LatitudeDegrees><LongitudeDegrees>6.9447345</LongitudeDegrees></Position>
          <AltitudeMeters>484.2</AltitudeMeters>
          <DistanceMeters>1713.85</DistanceMeters>
          <HeartRateBpm><Value>135</Value></HeartRateBpm>
          <Cadence>90</Cadence>
          <Extensions><ns3:TPX><ns3:Speed>4.597</ns3:Speed><ns3:Watts>227</ns3:Watts></ns3:TPX></Extensions>
        </Trackpoint>
        <Trackpoint>
          <Time>2024-07-15T17:50:08Z</Time>
          <Position><LatitudeDegrees>50.3339279</LatitudeDegrees><LongitudeDegrees>6.9447153</LongitudeDegrees></Position>
          <AltitudeMeters>483.8</AltitudeMeters>
          <DistanceMeters>1718.38</DistanceMeters>
          <HeartRateBpm><Value>136</Value></HeartRateBpm>
          <Cadence>90</Cadence>
          <Extensions><ns3:TPX><ns3:Speed>4.527</ns3:Speed><ns3:Watts>224</ns3:Watts></ns3:TPX></Extensions>
        </Trackpoint>
        <Trackpoint>
          <Time>2024-07-15T17:50:09Z</Time>
          <Position><LatitudeDegrees>50.3339679</LatitudeDegrees><LongitudeDegrees>6.9447038</LongitudeDegrees></Position>
          <AltitudeMeters>483.4</AltitudeMeters>
          <DistanceMeters>1722.90</DistanceMeters>
          <HeartRateBpm><Value>136</Value></HeartRateBpm>
          <Cadence>90</Cadence>
          <Extensions><ns3:TPX><ns3:Speed>4.520</ns3:Speed><ns3:Watts>221</ns3:Watts></ns3:TPX></Extensions>
        </Trackpoint>
        <Trackpoint>
          <Time>2024-07-15T17:50:10Z</Time>
          <Position><LatitudeDegrees>50.3340090</LatitudeDegrees><LongitudeDegrees>6.9447000</LongitudeDegrees></Position>
          <AltitudeMeters>483.0</AltitudeMeters>
          <DistanceMeters>1727.48</DistanceMeters>
          <HeartRateBpm><Value>137</Value></HeartRateBpm>
          <Cadence>90</Cadence>
          <Extensions><ns3:TPX><ns3:Speed>4.578</ns3:Speed><ns3:Watts>218</ns3:Watts></ns3:TPX></Extensions>
        </Trackpoint>
        <Trackpoint>
          <Time>2024-07-15T17:50:11Z</Time>
          <Position><LatitudeDegrees>50.3340512</LatitudeDegrees><LongitudeDegrees>6.9447038</LongitudeDegrees></Position>
          <AltitudeMeters>482.6</AltitudeMeters>
          <DistanceMeters>1732.18</DistanceMeters>
          <HeartRateBpm><Value>137</Value></HeartRateBpm>
          <Cadence>90</Cadence>
          <Extensions><ns3:TPX><ns3:Speed>4.699</ns3:Speed><ns3:Watts>216</ns3:Watts></ns3:TPX></Extensions>
        </Trackpoint>
        <Trackpoint>
          <Time>2024-07-15T17:50:12Z</Time>
          <Position><LatitudeDegrees>50.3340945</LatitudeDegrees><LongitudeDegrees>6.9447153</LongitudeDegrees></Position>
          <AltitudeMeters>482.2</AltitudeMeters>
          <DistanceMeters>1737.05</DistanceMeters>
          <HeartRateBpm><Value>137</Value></HeartRateBpm>
          <Cadence>90</Cadence>
          <Extensions><ns3:TPX><ns3:Speed>4.878</ns3:Speed><ns3:Watts>213</ns3:Watts></ns3:TPX></Extensions>
        </Trackpoint>
        <Trackpoint>
          <Time>2024-07-15T17:50:13Z</Time>
          <Position><LatitudeDegrees>50.3341387</LatitudeDegrees><LongitudeDegrees>6.9447345</LongitudeDegrees></Position>
          <AltitudeMeters>481.9</AltitudeMeters>
          <DistanceMeters>1742.16</DistanceMeters>
          <HeartRateBpm><Value>137</Value></HeartRateBpm>
          <Cadence>90</Cadence>
          <Extensions><ns3:TPX><ns3:Speed>5.108</ns3:Speed><ns3:Watts>210</ns3:Watts></ns3:TPX></Extensions>
        </Trackpoint>
        <Trackpoint>
          <Time>2024-07-15T17:50:14Z</Time>
          <Position><LatitudeDegrees>50.3341840</LatitudeDegrees><LongitudeDegrees>6.9447612</LongitudeDegrees></Position>
          <AltitudeMeters>481.6</AltitudeMeters>
          <DistanceMeters>1747.54</DistanceMeters>
          <HeartRateBpm><Value>137</Value></HeartRateBpm>
          <Cadence>90</Cadence>
          <Extensions><ns3:TPX><ns3:Speed>5.381</ns3:Speed><ns3:Watts>208</ns3:Watts></ns3:TPX></Extensions>
        </Trackpoint>
        <Trackpoint>
          <Time>2024-07-15T17:50:15Z</Time>
          <Position><LatitudeDegrees>50.3342303</LatitudeDegrees><LongitudeDegrees>6.9447954</LongitudeDegrees></Position>
          <AltitudeMeters>481.3</AltitudeMeters>
          <DistanceMeters>1753.23</DistanceMeters>
          <HeartRateBpm><Value>137</Value></HeartRateBpm>
          <Cadence>90</Cadence>
          <Extensions><ns3:TPX><ns3:Speed>5.688</ns3:Speed><ns3:Watts>205</ns3:Watts></ns3:TPX></Extensions>
        </Trackpoint>
        <Trackpoint>
          <Time>2024-07-15T17:50:16Z</Time>
          <Position><LatitudeDegrees>50.3342775</LatitudeDegrees><LongitudeDegrees>6.9448370</LongitudeDegrees></Position>
          <AltitudeMeters>481.0</AltitudeMeters>
          <DistanceMeters>1759.25</DistanceMeters>
          <HeartRateBpm><Value>136</Value></HeartRateBpm>
          <Cadence>90</Cadence>
          <Extensions><ns3:TPX><ns3:Speed>6.023</ns3:Speed><ns3:Watts>203</ns3:Watts></ns3:TPX></Extensions>
        </Trackpoint>
        <Trackpoint>
          <Time>2024-07-15T17:50:17Z</Time>
          <Position><LatitudeDegrees>50.3343256</LatitudeDegrees><LongitudeDegrees>6.9448860</LongitudeDegrees></Position>
          <AltitudeMeters>480.7</AltitudeMeters>
          <DistanceMeters>1765.63</DistanceMeters>
          <HeartRateBpm><Value>136</Value></HeartRateBpm>
          <Cadence>90</Cadence>
          <Extensions><ns3:TPX><ns3:Speed>6.377</ns3:Speed><ns3:Watts>201</ns3:Watts></ns3:TPX></Extensions>
        </Trackpoint>
        <Trackpoint>
          <Time>2024-07-15T17:50:18Z</Time>
          <Position><LatitudeDegrees>50.3343746</LatitudeDegrees><LongitudeDegrees>6.9449421</LongitudeDegrees></Position>
          <AltitudeMeters>480.4</AltitudeMeters>
          <DistanceMeters>1772.38</DistanceMeters>
          <HeartRateBpm><Value>135</Value></HeartRateBpm>
          <Cadence>90</Cadence>
          <Extensions><ns3:TPX><ns3:Speed>6.746</ns3:Speed><ns3:Watts>199</ns3:Watts></ns3:TPX></Extensions>
        </Trackpoint>
        <Trackpoint>
          <Time>2024-07-15T17:50:19Z</Time>
          <Position><LatitudeDegrees>50.3344244</LatitudeDegrees><LongitudeDegrees>6.9450052</LongitudeDegrees></Position>
          <AltitudeMeters>480.2</AltitudeMeters>
          <DistanceMeters>1779.50</DistanceMeters>
          <HeartRateBpm><Value>134</Value></HeartRateBpm>
          <Cadence>90</Cadence>
          <Extensions><ns3:TPX><ns3:Speed>7.124</ns3:Speed><ns3:Watts>197</ns3:Watts></ns3:TPX></Extensions>
        </Trackpoint>
        <Trackpoint>
          <Time>2024-07-15T17:50:20Z</Time>
          <Position><LatitudeDegrees>50.3344750</LatitudeDegrees><LongitudeDegrees>6.9450751</LongitudeDegrees></Position>
          <AltitudeMeters>480.0</AltitudeMeters>
          <DistanceMeters>1787.01</DistanceMeters>
          <HeartRateBpm><Value>133</Value></HeartRateBpm>
          <Cadence>90</Cadence>
          <Extensions><ns3:TPX><ns3:Speed>7.505</ns3:Speed><ns3:Watts>195</ns3:Watts></ns3:TPX></Extensions>
        </Trackpoint>
        <Trackpoint>
          <Time>2024-07-15T17:50:21Z</Time>
          <Position><LatitudeDegrees>50.3345264</LatitudeDegrees><LongitudeDegrees>6.9451517</LongitudeDegrees></Position>
          <AltitudeMeters>479.8</AltitudeMeters>
          <DistanceMeters>1794.89</DistanceMeters>
          <HeartRateBpm><Value>132</Value></HeartRateBpm>
          <Cadence>90</Cadence>
          <Extensions><ns3:TPX><ns3:Speed>7.887</ns3:Speed><ns3:Watts>194</ns3:Watts></ns3:TPX></Extensions>
        </Trackpoint>
        <Trackpoint>
          <Time>2024-07-15T17:50:22Z</Time>
          <Position><LatitudeDegrees>50.3345785</LatitudeDegrees><LongitudeDegrees>6.9452348</LongitudeDegrees></Position>
          <AltitudeMeters>479.7</AltitudeMeters>
          <DistanceMeters>1803.16</DistanceMeters>
          <HeartRateBpm><Value>130</Value></HeartRateBpm>
          <Cadence>90</Cadence>
          <Extensions><ns3:TPX><ns3:Speed>8.266</ns3:Speed><ns3:Watts>193</ns3:Watts></ns3:TPX></Extensions>
        </Trackpoint>
        <Trackpoint>
          <Time>2024-07-15T17:50:23Z</Time>
          <Position><LatitudeDegrees>50.3346314</LatitudeDegrees><LongitudeDegrees>6.9453240</LongitudeDegrees></Position>
          <AltitudeMeters>479.5</AltitudeMeters>
          <DistanceMeters>1811.80</DistanceMeters>
          <HeartRateBpm><Value>129</Value></HeartRateBpm>
          <Cadence>90</Cadence>
          <Extensions><ns3:TPX><ns3:Speed>8.639</ns3:Speed><ns3:Watts>192</ns3:Watts></ns3:TPX></Extensions>
        </Trackpoint>
        <Trackpoint>
          <Time>2024-07-15T17:50:24Z</Time>
          <Position><LatitudeDegrees>50.3346848</LatitudeDegrees><LongitudeDegrees>6.9454192</LongitudeDegrees></Position>
          <AltitudeMeters>479.4</AltitudeMeters>
          <DistanceMeters>1820.80</DistanceMeters>
          <HeartRateBpm><Value>128</Value></HeartRateBpm>
          <Cadence>90</Cadence>
          <Extensions><ns3:TPX><ns3:Speed>9.002</ns3:Speed><ns3:Watts>191</ns3:Watts></ns3:TPX></Extensions>
        </Trackpoint>
        <Trackpoint>
          <Time>2024-07-15T17:50:25Z</Time>
          <Position><LatitudeDegrees>50.3347390</LatitudeDegrees><LongitudeDegrees>6.9455201</LongitudeDegrees></Position>
          <AltitudeMeters>479.3</AltitudeMeters>
          <DistanceMeters>1830.16</DistanceMeters>
          <HeartRateBpm><Value>126</Value></HeartRateBpm>
          <Cadence>90</Cadence>
          <Extensions><ns3:TPX><ns3:Speed>9.355</ns3:Speed><ns3:Watts>190</ns3:Watts></ns3:TPX></Extensions>
        </Trackpoint>
        <Trackpoint>
          <Time>2024-07-15T17:50:26Z</Time>
          <Position><LatitudeDegrees>50.3347937</LatitudeDegrees><LongitudeDegrees>6.9456264</LongitudeDegrees></Position>
          <AltitudeMeters>479.2</AltitudeMeters>
          <DistanceMeters>1839.85</DistanceMeters>
          <HeartRateBpm><Value>125</Value></HeartRateBpm>
          <Cadence>90</Cadence>
          <Extensions><ns3:TPX><ns3:Speed>9.694</ns3:Speed><ns3:Watts>190</ns3:Watts></ns3:TPX></Extensions>
        </Trackpoint>
        <Trackpoint>
          <Time>2024-07-15T17:50:27Z</Time>
          <Position><LatitudeDegrees>50.3348489</LatitudeDegrees><LongitudeDegrees>6.9457379</LongitudeDegrees></Position>
          <AltitudeMeters>479.2</AltitudeMeters>
          <DistanceMeters>1849.87</DistanceMeters>
          <HeartRateBpm><Value>124</Value></HeartRateBpm>
          <Cadence>90</Cadence>
          <Extensions><ns3:TPX><ns3:Speed>10.018</ns3:Speed><ns3:Watts>190</ns3:Watts></ns3:TPX></Extensions>
        </Trackpoint>
        <Trackpoint>
          <Time>2024-07-15T17:50:28Z</Time>
          <Position><LatitudeDegrees>50.3349047</LatitudeDegrees><LongitudeDegrees>6.9458542</LongitudeDegrees></Position>
          <AltitudeMeters>479.1</AltitudeMeters>
          <DistanceMeters>1860.19</DistanceMeters>
          <HeartRateBpm><Value>123</Value></HeartRateBpm>
          <Cadence>90</Cadence>
          <Extensions><ns3:TPX><ns3:Speed>10.325</ns3:Speed><ns3:Watts>190</ns3:Watts></ns3:TPX></Extensions>
        </Trackpoint>
        <Trackpoint>
          <Time>2024-07-15T17:50:29Z</Time>
          <Position><LatitudeDegrees>50.3349610</LatitudeDegrees><LongitudeDegrees>6.9459750</LongitudeDegrees></Position>
          <AltitudeMeters>479.1</AltitudeMeters>
          <DistanceMeters>1870.81</DistanceMeters>
          <HeartRateBpm><Value>123</Value></HeartRateBpm>
          <Cadence>90</Cadence>
          <Extensions><ns3:TPX><ns3:Speed>10.614</ns3:Speed><ns3:Watts>190</ns3:Watts></ns3:TPX></Extensions>
        </Trackpoint>
        <Trackpoint>
          <Time>2024-07-15T17:50:30Z</Time>
          <Position><LatitudeDegrees>50.3350177</LatitudeDegrees><LongitudeDegrees>6.9461000</LongitudeDegrees></Position>
          <AltitudeMeters>479.1</AltitudeMeters>
          <DistanceMeters>1881.69</DistanceMeters>
          <HeartRateBpm><Value>122</Value></HeartRateBpm>
          <Cadence>90</Cadence>
          <Extensions><ns3:TPX><ns3:Speed>10.883</ns3:Speed><ns3:Watts>191</ns3:Watts></ns3:TPX></Extensions>
        </Trackpoint>
        <Trackpoint>
          <Time>2024-07-15T17:50:31Z</Time>
          <Position><LatitudeDegrees>50.3350747</LatitudeDegrees><LongitudeDegrees>6.9462288</LongitudeDegrees></Position>
          <AltitudeMeters>479.1</AltitudeMeters>
          <DistanceMeters>1892.82</DistanceMeters>
          <HeartRateBpm><Value>122</Value></HeartRateBpm>
          <Cadence>90</Cadence>
          <Extensions><ns3:TPX><ns3:Speed>11.131</ns3:Speed><ns3:Watts>191</ns3:Watts></ns3:TPX></Extensions>
        </Trackpoint>
        <Trackpoint>
          <Time>2024-07-15T17:50:32Z</Time>
          <Position><LatitudeDegrees>50.3351322</LatitudeDegrees><LongitudeDegrees>6.9463611</LongitudeDegrees></Position>
          <AltitudeMeters>479.2</AltitudeMeters>
          <DistanceMeters>1904.18</DistanceMeters>
          <HeartRateBpm><Value>122</Value></HeartRateBpm>
          <Cadence>90</Cadence>
          <Extensions><ns3:TPX><ns3:Speed>11.358</ns3:Speed><ns3:Watts>192</ns3:Watts></ns3:TPX></Extensions>
        </Trackpoint>
        <Trackpoint>
          <Time>2024-07-15T17:50:33Z</Time>
          <Position><LatitudeDegrees>50.3351900</LatitudeDegrees><LongitudeDegrees>6.9464966</LongitudeDegrees></Position>
          <AltitudeMeters>479.2</AltitudeMeters>
          <DistanceMeters>1915.74</DistanceMeters>
          <HeartRateBpm><Value>122</Value></HeartRateBpm>
          <Cadence>90</Cadence>
          <Extensions><ns3:TPX><ns3:Speed>11.561</ns3:Speed><ns3:Watts>193</ns3:Watts></ns3:TPX></Extensions>
        </Trackpoint>
        <Trackpoint>
          <Time>2024-07-15T17:50:34Z</Time>
          <Position><LatitudeDegrees>50.3352480</LatitudeDegrees><LongitudeDegrees>6.9466348</LongitudeDegrees></Position>
          <AltitudeMeters>479.3</AltitudeMeters>
          <DistanceMeters>1927.48</DistanceMeters>
          <HeartRateBpm><Value>122</Value></HeartRateBpm>
          <Cadence>90</Cadence>
          <Extensions><ns3:TPX><ns3:Speed>11.741</ns3:Speed><ns3:Watts>195</ns3:Watts></ns3:TPX></Extensions>
        </Trackpoint>
        <Trackpoint>
          <Time>2024-07-15T17:50:35Z</Time>
          <Position><LatitudeDegrees>50.3353063</LatitudeDegrees><LongitudeDegrees>6.9467753</LongitudeDegrees></Position>
          <AltitudeMeters>479.4</AltitudeMeters>
          <DistanceMeters>1939.38</DistanceMeters>
          <HeartRateBpm><Value>123</Value></HeartRateBpm>
          <Cadence>90</Cadence>
          <Extensions><ns3:TPX><ns3:Speed>11.897</ns3:Speed><ns3:Watts>196</ns3:Watts></ns3:TPX></Extensions>
        </Trackpoint>
        <Trackpoint>
          <Time>2024-07-15T17:50:36Z</Time>
          <Position><LatitudeDegrees>50.3353648</LatitudeDegrees><LongitudeDegrees>6.9469178</LongitudeDegrees></Position>
          <AltitudeMeters>479.5</AltitudeMeters>
          <DistanceMeters>1951.40</DistanceMeters>
          <HeartRateBpm><Value>124</Value></HeartRateBpm>
          <Cadence>89</Cadence>
          <Extensions><ns3:TPX><ns3:Speed>12.027</ns3:Speed><ns3:Watts>197</ns3:Watts></ns3:TPX></Extensions>
        </Trackpoint>
        <Trackpoint>
          <Time>2024-07-15T17:50:37Z</Time>
          <Position><LatitudeDegrees>50.3354235</LatitudeDegrees><LongitudeDegrees>6.9470620</LongitudeDegrees></Position>
          <AltitudeMeters>479.6</AltitudeMeters>
          <DistanceMeters>1963.54</DistanceMeters>
          <HeartRateBpm><Value>124</Value></HeartRateBpm>
          <Cadence>89</Cadence>
          <Extensions><ns3:TPX><ns3:Speed>12.132</ns3:Speed><ns3:Watts>199</ns3:Watts></ns3:TPX></Extensions>
        </Trackpoint>
        <Trackpoint>
          <Time>2024-07-15T17:50:38Z</Time>
          <Position><LatitudeDegrees>50.3354822</LatitudeDegrees><LongitudeDegrees>6.9472073</LongitudeDegrees></Position>
          <AltitudeMeters>479.7</AltitudeMeters>
          <DistanceMeters>1975.75</DistanceMeters>
          <HeartRateBpm><Value>125</Value></HeartRateBpm>
          <Cadence>89</Cadence>
          <Extensions><ns3:TPX><ns3:Speed>12.211</ns3:Speed><ns3:Watts>201</ns3:Watts></ns3:TPX></Extensions>
        </Trackpoint>
        <Trackpoint>
          <Time>2024-07-15T17:50:39Z</Time>
          <Position><LatitudeDegrees>50.3355411</LatitudeDegrees><LongitudeDegrees>6.9473535</LongitudeDegrees></Position>
          <AltitudeMeters>479.8</AltitudeMeters>
          <DistanceMeters>1988.01</DistanceMeters>
          <HeartRateBpm><Value>126</Value></HeartRateBpm>
          <Cadence>89</Cadence>
          <Extensions><ns3:TPX><ns3:Speed>12.264</ns3:Speed><ns3:Watts>203</ns3:Watts></ns3:TPX></Extensions>
        </Trackpoint>
      </Track>
    </Lap>
    <Lap StartTime="2024-07-15T17:50:40Z">
      <TotalTimeSeconds>240</TotalTimeSeconds>
      <DistanceMeters>2000.30</DistanceMeters>
      <Intensity>Active</Intensity><TriggerMethod>Manual</TriggerMethod>
      <Track>
        <Trackpoint>
          <Time>2024-07-15T17:50:40Z</Time>
          <Position><LatitudeDegrees>50.3356000</LatitudeDegrees><LongitudeDegrees>6.9475000</LongitudeDegrees></Position>
          <AltitudeMeters>480.0</AltitudeMeters>
          <DistanceMeters>2000.30</DistanceMeters>
          <HeartRateBpm><Value>128</Value></HeartRateBpm>
          <Cadence>89</Cadence>
          <Extensions><ns3:TPX><ns3:Speed>12.291</ns3:Speed><ns3:Watts>205</ns3:Watts></ns3:TPX></Extensions>
        </Trackpoint>
        <Trackpoint>
          <Time>2024-07-15T17:50:41Z</Time>
          <Position><LatitudeDegrees>50.3356589</LatitudeDegrees><LongitudeDegrees>6.9476465</LongitudeDegrees></Position>
          <AltitudeMeters>480.2</AltitudeMeters>
          <DistanceMeters>2012.59</DistanceMeters>
          <HeartRateBpm><Value>129</Value></HeartRateBpm>
          <Cadence>89</Cadence>
          <Extensions><ns3:TPX><ns3:Speed>12.291</ns3:Speed><ns3:Watts>206</ns3:Watts></ns3:TPX></Extensions>
        </Trackpoint>
        <Trackpoint>
          <Time>2024-07-15T17:50:42Z</Time>
          <Position><LatitudeDegrees>50.3357178</LatitudeDegrees><LongitudeDegrees>6.9477927</LongitudeDegrees></Position>
          <AltitudeMeters>480.3</AltitudeMeters>
          <DistanceMeters>2024.86</DistanceMeters>
          <HeartRateBpm><Value>130</Value></HeartRateBpm>
          <Cadence>89</Cadence>
          <Extensions><ns3:TPX><ns3:Speed>12.264</ns3:Speed><ns3:Watts>208</ns3:Watts></ns3:TPX></Extensions>
        </Trackpoint>
        <Trackpoint>
          <Time>2024-07-15T17:50:43Z</Time>
          <Position><LatitudeDegrees>50.3357765</LatitudeDegrees><LongitudeDegrees>6.9479380</LongitudeDegrees></Position>
          <AltitudeMeters>480.5</AltitudeMeters>
          <DistanceMeters>2037.07</DistanceMeters>
          <HeartRateBpm><Value>131</Value></HeartRateBpm>
          <Cadence>89</Cadence>
          <Extensions><ns3:TPX><ns3:Speed>12.211</ns3:Speed><ns3:Watts>210</ns3:Watts></ns3:TPX></Extensions>
        </Trackpoint>
        <Trackpoint>
          <Time>2024-07-15T17:50:44Z</Time>
          <Position><LatitudeDegrees>50.3358352</LatitudeDegrees><LongitudeDegrees>6.9480822</LongitudeDegrees></Position>
          <AltitudeMeters>480.7</AltitudeMeters>
          <DistanceMeters>2049.20</DistanceMeters>
          <HeartRateBpm><Value>132</Value></HeartRateBpm>
          <Cadence>88</Cadence>
          <Extensions><ns3:TPX><ns3:Speed>12.132</ns3:Speed><ns3:Watts>212</ns3:Watts></ns3:TPX></Extensions>
        </Trackpoint>
        <Trackpoint>
          <Time>2024-07-15T17:50:45Z</Time>
          <Position><LatitudeDegrees>50.3358937</LatitudeDegrees><LongitudeDegrees>6.9482247</LongitudeDegrees></Position>
          <AltitudeMeters>480.9</AltitudeMeters>
          <DistanceMeters>2061.23</DistanceMeters>
          <HeartRateBpm><Value>132</Value></HeartRateBpm>
          <Cadence>88</Cadence>
          <Extensions><ns3:TPX><ns3:Speed>12.027</ns3:Speed><ns3:Watts>214</ns3:Watts></ns3:TPX></Extensions>
        </Trackpoint>
        <Trackpoint>
          <Time>2024-07-15T17:50:46Z</Time>
          <Position><LatitudeDegrees>50.3359520</LatitudeDegrees><LongitudeDegrees>6.9483652</LongitudeDegrees></Position>
          <AltitudeMeters>481.1</AltitudeMeters>
          <DistanceMeters>2073.13</DistanceMeters>
          <HeartRateBpm><Value>133</Value></HeartRateBpm>
          <Cadence>88</Cadence>
          <Extensions><ns3:TPX><ns3:Speed>11.897</ns3:Speed><ns3:Watts>216</ns3:Watts></ns3:TPX></Extensions>
        </Trackpoint>
        <Trackpoint>
          <Time>2024-07-15T17:50:47Z</Time>
          <Position><LatitudeDegrees>50.3360100</LatitudeDegrees><LongitudeDegrees>6.9485034</LongitudeDegrees></Position>
          <AltitudeMeters>481.3</AltitudeMeters>
          <DistanceMeters>2084.87</DistanceMeters>
          <HeartRateBpm><Value>134</Value></HeartRateBpm>
          <Cadence>88</Cadence>
          <Extensions><ns3:TPX><ns3:Speed>11.741</ns3:Speed><ns3:Watts>217</ns3:Watts></ns3:TPX></Extensions>
        </Trackpoint>
        <Trackpoint>
          <Time>2024-07-15T17:50:48Z</Time>
          <Position><LatitudeDegrees>50.3360678</LatitudeDegrees><LongitudeDegrees>6.9486389</LongitudeDegrees></Position>
          <AltitudeMeters>481.5</AltitudeMeters>
          <DistanceMeters>2096.43</DistanceMeters>
          <HeartRateBpm><Value>134</Value></HeartRateBpm>
          <Cadence>88</Cadence>
          <Extensions><ns3:TPX><ns3:Speed>11.561</ns3:Speed><ns3:Watts>219</ns3:Watts></ns3:TPX></Extensions>
        </Trackpoint>
        <Trackpoint>
          <Time>2024-07-15T17:50:49Z</Time>
          <Position><LatitudeDegrees>50.3361253</LatitudeDegrees><LongitudeDegrees>6.9487712</LongitudeDegrees></Position>
          <AltitudeMeters>481.7</AltitudeMeters>
          <DistanceMeters>2107.79</DistanceMeters>
          <HeartRateBpm><Value>134</Value></HeartRateBpm>
          <Cadence>88</Cadence>
          <Extensions><ns3:TPX><ns3:Speed>11.358</ns3:Speed><ns3:Watts>220</ns3:Watts></ns3:TPX></Extensions>
        </Trackpoint>
        <Trackpoint>
          <Time>2024-07-15T17:50:50Z</Time>
          <Position><LatitudeDegrees>50.3361823</LatitudeDegrees><LongitudeDegrees>6.9489000</LongitudeDegrees></Position>
          <AltitudeMeters>481.9</AltitudeMeters>
          <DistanceMeters>2118.92</DistanceMeters>
          <HeartRateBpm><Value>134</Value></HeartRateBpm>
          <Cadence>87</Cadence>
          <Extensions><ns3:TPX><ns3:Speed>11.131</ns3:Speed><ns3:Watts>222</ns3:Watts></ns3:TPX></Extensions>
        </Trackpoint>
        <Trackpoint>
          <Time>2024-07-15T17:50:51Z</Time>
          <Position><LatitudeDegrees>50.3362390</LatitudeDegrees><LongitudeDegrees>6.9490250</LongitudeDegrees></Position>
          <AltitudeMeters>482.1</AltitudeMeters>
          <DistanceMeters>2129.80</DistanceMeters>
          <HeartRateBpm><Value>134</Value></HeartRateBpm>
          <Cadence>87</Cadence>
          <Extensions><ns3:TPX><ns3:Speed>10.883</ns3:Speed><ns3:Watts>223</ns3:Watts></ns3:TPX></Extensions>
        </Trackpoint>
        <Trackpoint>
          <Time>2024-07-15T17:50:52Z</Time>
          <Position><LatitudeDegrees>50.3362953</LatitudeDegrees><LongitudeDegrees>6.9491458</LongitudeDegrees></Position>
          <AltitudeMeters>482.4</AltitudeMeters>
          <DistanceMeters>2140.41</DistanceMeters>
          <HeartRateBpm><Value>133</Value></HeartRateBpm>
          <Cadence>87</Cadence>
          <Extensions><ns3:TPX><ns3:Speed>10.613</ns3:Speed><ns3:Watts>224</ns3:Watts></ns3:TPX></Extensions>
        </Trackpoint>
        <Trackpoint>
          <Time>2024-07-15T17:50:53Z</Time>
          <Position><LatitudeDegrees>50.3363511</LatitudeDegrees><LongitudeDegrees>6.9492621</LongitudeDegrees></Position>
          <AltitudeMeters>482.6</AltitudeMeters>
          <DistanceMeters>2150.74</DistanceMeters>
          <HeartRateBpm><Value>133</Value></HeartRateBpm>
          <Cadence>87</Cadence>
          <Extensions><ns3:TPX><ns3:Speed>10.325</ns3:Speed><ns3:Watts>225</ns3:Watts></ns3:TPX></Extensions>
        </Trackpoint>
        <Trackpoint>
          <Time>2024-07-15T17:50:54Z</Time>
          <Position><LatitudeDegrees>50.3364063</LatitudeDegrees><LongitudeDegrees>6.9493736</LongitudeDegrees></Position>
          <AltitudeMeters>482.8</AltitudeMeters>
          <DistanceMeters>2160.75</DistanceMeters>
          <HeartRateBpm><Value>132</Value></HeartRateBpm>
          <Cadence>87</Cadence>
          <Extensions><ns3:TPX><ns3:Speed>10.017</ns3:Speed><ns3:Watts>226</ns3:Watts></ns3:TPX></Extensions>
        </Trackpoint>
        <Trackpoint>
          <Time>2024-07-15T17:50:55Z</Time>
          <Position><LatitudeDegrees>50.3364610</LatitudeDegrees><LongitudeDegrees>6.9494799</LongitudeDegrees></Position>
          <AltitudeMeters>483.0</AltitudeMeters>
          <DistanceMeters>2170.45</DistanceMeters>
          <HeartRateBpm><Value>131</Value></HeartRateBpm>
          <Cadence>86</Cadence>
          <Extensions><ns3:TPX><ns3:Speed>9.693</ns3:Speed><ns3:Watts>226</ns3:Watts></ns3:TPX></Extensions>
        </Trackpoint>
        <Trackpoint>
          <Time>2024-07-15T17:50:56Z</Time>
          <Position><LatitudeDegrees>50.3365152</LatitudeDegrees><LongitudeDegrees>6.9495808</LongitudeDegrees></Position>
          <AltitudeMeters>483.2</AltitudeMeters>
          <DistanceMeters>2179.80</DistanceMeters>
          <HeartRateBpm><Value>130</Value></HeartRateBpm>
          <Cadence>86</Cadence>
          <Extensions><ns3:TPX><ns3:Speed>9.354</ns3:Speed><ns3:Watts>227</ns3:Watts></ns3:TPX></Extensions>
        </Trackpoint>
        <Trackpoint>
          <Time>2024-07-15T17:50:57Z</Time>
          <Position><LatitudeDegrees>50.3365686</LatitudeDegrees><LongitudeDegrees>6.9496760</LongitudeDegrees></Position>
          <AltitudeMeters>483.4</AltitudeMeters>
          <DistanceMeters>2188.80</DistanceMeters>
          <HeartRateBpm><Value>129</Value></HeartRateBpm>
          <Cadence>86</Cadence>
          <Extensions><ns3:TPX><ns3:Speed>9.002</ns3:Speed><ns3:Watts>227</ns3:Watts></ns3:TPX></Extensions>
        </Trackpoint>
        <Trackpoint>
          <Time>2024-07-15T17:50:58Z</Time>
          <Position><LatitudeDegrees>50.3366215</LatitudeDegrees><LongitudeDegrees>6.9497652</LongitudeDegrees></Position>
          <AltitudeMeters>483.6</AltitudeMeters>
          <DistanceMeters>2197.44</DistanceMeters>
          <HeartRateBpm><Value>128</Value></HeartRateBpm>
          <Cadence>86</Cadence>
          <Extensions><ns3:TPX><ns3:Speed>8.638</ns3:Speed><ns3:Watts>227</ns3:Watts></ns3:TPX></Extensions>
        </Trackpoint>
        <Trackpoint>
          <Time>2024-07-15T17:50:59Z</Time>
          <Position><LatitudeDegrees>50.3366736</LatitudeDegrees><LongitudeDegrees>6.9498483</LongitudeDegrees></Position>
          <AltitudeMeters>483.8</AltitudeMeters>
          <DistanceMeters>2205.71</DistanceMeters>
          <HeartRateBpm><Value>128</Value></HeartRateBpm>
          <Cadence>86</Cadence>
          <Extensions><ns3:TPX><ns3:Speed>8.266</ns3:Speed><ns3:Watts>227</ns3:Watts></ns3:TPX></Extensions>
        </Trackpoint>
        <Trackpoint>
          <Time>2024-07-15T17:51:00Z</Time>
          <Position><LatitudeDegrees>50.3367250</LatitudeDegrees><LongitudeDegrees>6.9499249</LongitudeDegrees></Position>
          <AltitudeMeters>484.0</AltitudeMeters>
          <DistanceMeters>2213.60</DistanceMeters>
          <HeartRateBpm><Value>127</Value></HeartRateBpm>
          <Cadence>85</Cadence>
          <Extensions><ns3:TPX><ns3:Speed>7.887</ns3:Speed><ns3:Watts>226</ns3:Watts></ns3:TPX></Extensions>
        </Trackpoint>
        <Trackpoint>
          <Time>2024-07-15T17:51:01Z</Time>
          <Position><LatitudeDegrees>50.3367756</LatitudeDegrees><LongitudeDegrees>6.9499948</LongitudeDegrees></Position>
          <AltitudeMeters>484.2</AltitudeMeters>
          <DistanceMeters>2221.10</DistanceMeters>
          <HeartRateBpm><Value>126</Value></HeartRateBpm>
          <Cadence>85</Cadence>
          <Extensions><ns3:TPX><ns3:Speed>7.505</ns3:Speed><ns3:Watts>226</ns3:Watts></ns3:TPX></Extensions>
        </Trackpoint>
        <Trackpoint>
          <Time>2024-07-15T17:51:02Z</Time>
          <Position><LatitudeDegrees>50.3368254</LatitudeDegrees><LongitudeDegrees>6.9500579</LongitudeDegrees></Position>
          <AltitudeMeters>484.4</AltitudeMeters>
          <DistanceMeters>2228.22</DistanceMeters>
          <HeartRateBpm><Value>126</Value></HeartRateBpm>
          <Cadence>85</Cadence>
          <Extensions><ns3:TPX><ns3:Speed>7.124</ns3:Speed><ns3:Watts>226</ns3:Watts></ns3:TPX></Extensions>
        </Trackpoint>
        <Trackpoint>
          <Time>2024-07-15T17:51:03Z</Time>
          <Position><LatitudeDegrees>50.3368744</LatitudeDegrees><LongitudeDegrees>6.9501140</LongitudeDegrees></Position>
          <AltitudeMeters>484.6</AltitudeMeters>
          <DistanceMeters>2234.97</DistanceMeters>
          <HeartRateBpm><Value>125</Value></HeartRateBpm>
          <Cadence>85</Cadence>
          <Extensions><ns3:TPX><ns3:Speed>6.746</ns3:Speed><ns3:Watts>225</ns3:Watts></ns3:TPX></Extensions>
        </Trackpoint>
        <Trackpoint>
          <Time>2024-07-15T17:51:04Z</Time>
          <Position><LatitudeDegrees>50.3369225</LatitudeDegrees><LongitudeDegrees>6.9501630</LongitudeDegrees></Position>
          <AltitudeMeters>484.8</AltitudeMeters>
          <DistanceMeters>2241.35</DistanceMeters>
          <HeartRateBpm><Value>125</Value></HeartRateBpm>
          <Cadence>85</Cadence>
          <Extensions><ns3:TPX><ns3:Speed>6.377</ns3:Speed><ns3:Watts>224</ns3:Watts></ns3:TPX></Extensions>
        </Trackpoint>
        <Trackpoint>
          <Time>2024-07-15T17:51:05Z</Time>
          <Position><LatitudeDegrees>50.3369697</LatitudeDegrees><LongitudeDegrees>6.9502046</LongitudeDegrees></Position>
          <AltitudeMeters>484.9</AltitudeMeters>
          <DistanceMeters>2247.37</DistanceMeters>
          <HeartRateBpm><Value>125</Value></HeartRateBpm>
          <Cadence>84</Cadence>
          <Extensions><ns3:TPX><ns3:Speed>6.023</ns3:Speed><ns3:Watts>223</ns3:Watts></ns3:TPX></Extensions>
        </Trackpoint>
        <Trackpoint>
          <Time>2024-07-15T17:51:06Z</Time>
          <Position><LatitudeDegrees>50.3370160</LatitudeDegrees><LongitudeDegrees>6.9502388</LongitudeDegrees></Position>
          <AltitudeMeters>485.1</AltitudeMeters>
          <DistanceMeters>2253.06</DistanceMeters>
          <HeartRateBpm><Value>125</Value></HeartRateBpm>
          <Cadence>84</Cadence>
          <Extensions><ns3:TPX><ns3:Speed>5.688</ns3:Speed><ns3:Watts>222</ns3:Watts></ns3:TPX></Extensions>
        </Trackpoint>
        <Trackpoint>
          <Time>2024-07-15T17:51:07Z</Time>
          <Position><LatitudeDegrees>50.3370613</LatitudeDegrees><LongitudeDegrees>6.9502655</LongitudeDegrees></Position>
          <AltitudeMeters>485.3</AltitudeMeters>
          <DistanceMeters>2258.44</DistanceMeters>
          <HeartRateBpm><Value>126</Value></HeartRateBpm>
          <Cadence>84</Cadence>
          <Extensions><ns3:TPX><ns3:Speed>5.381</ns3:Speed><ns3:Watts>221</ns3:Watts></ns3:TPX></Extensions>
        </Trackpoint>
        <Trackpoint>
          <Time>2024-07-15T17:51:08Z</Time>
          <Position><LatitudeDegrees>50.3371055</LatitudeDegrees><LongitudeDegrees>6.9502847</LongitudeDegrees></Position>
          <AltitudeMeters>485.5</AltitudeMeters>
          <DistanceMeters>2263.55</DistanceMeters>
          <HeartRateBpm><Value>126</Value></HeartRateBpm>
          <Cadence>84</Cadence>
          <Extensions><ns3:TPX><ns3:Speed>5.108</ns3:Speed><ns3:Watts>220</ns3:Watts></ns3:TPX></Extensions>
        </Trackpoint>
        <Trackpoint>
          <Time>2024-07-15T17:51:09Z</Time>
          <Position><LatitudeDegrees>50.3371488</LatitudeDegrees><LongitudeDegrees>6.9502962</LongitudeDegrees></Position>
          <AltitudeMeters>485.6</AltitudeMeters>
          <DistanceMeters>2268.43</DistanceMeters>
          <HeartRateBpm><Value>127</Value></HeartRateBpm>
          <Cadence>83</Cadence>
          <Extensions><ns3:TPX><ns3:Speed>4.878</ns3:Speed><ns3:Watts>219</ns3:Watts></ns3:TPX></Extensions>
        </Trackpoint>
        <Trackpoint>
          <Time>2024-07-15T17:51:10Z</Time>
          <Position><LatitudeDegrees>50.3371910</LatitudeDegrees><LongitudeDegrees>6.9503000</LongitudeDegrees></Position>
          <AltitudeMeters>485.8</AltitudeMeters>
          <DistanceMeters>2273.13</DistanceMeters>
          <HeartRateBpm><Value>128</Value></HeartRateBpm>
          <Cadence>83</Cadence>
          <Extensions><ns3:TPX><ns3:Speed>4.699</ns3:Speed><ns3:Watts>218</ns3:Watts></ns3:TPX></Extensions>
        </Trackpoint>
        <Trackpoint>
          <Time>2024-07-15T17:51:11Z</Time>
          <Position><LatitudeDegrees>50.3372321</LatitudeDegrees><LongitudeDegrees>6.9502962</LongitudeDegrees></Position>
          <AltitudeMeters>486.0</AltitudeMeters>
          <DistanceMeters>2277.70</DistanceMeters>
          <HeartRateBpm><Value>129</Value></HeartRateBpm>
          <Cadence>83</Cadence>
          <Extensions><ns3:TPX><ns3:Speed>4.578</ns3:Speed><ns3:Watts>217</ns3:Watts></ns3:TPX></Extensions>
        </Trackpoint>
        <Trackpoint>
          <Time>2024-07-15T17:51:12Z</Time>
          <Position><LatitudeDegrees>50.3372721</LatitudeDegrees><LongitudeDegrees>6.9502847</LongitudeDegrees></Position>
          <AltitudeMeters>486.1</AltitudeMeters>
          <DistanceMeters>2282.22</DistanceMeters>
          <HeartRateBpm><Value>131</Value></HeartRateBpm>
          <Cadence>83</Cadence>
          <Extensions><ns3:TPX><ns3:Speed>4.520</ns3:Speed><ns3:Watts>216</ns3:Watts></ns3:TPX></Extensions>
        </Trackpoint>
        <Trackpoint>
          <Time>2024-07-15T17:51:13Z</Time>
          <Position><LatitudeDegrees>50.3373109</LatitudeDegrees><LongitudeDegrees>6.9502655</LongitudeDegrees></Position>
          <AltitudeMeters>486.3</AltitudeMeters>
          <DistanceMeters>2286.75</DistanceMeters>
          <HeartRateBpm><Value>132</Value></HeartRateBpm>
          <Cadence>82</Cadence>
          <Extensions><ns3:TPX><ns3:Speed>4.527</ns3:Speed><ns3:Watts>216</ns3:Watts></ns3:TPX></Extensions>
        </Trackpoint>
        <Trackpoint>
          <Time>2024-07-15T17:51:14Z</Time>
          <Position><LatitudeDegrees>50.3373486</LatitudeDegrees><LongitudeDegrees>6.9502388</LongitudeDegrees></Position>
          <AltitudeMeters>486.5</AltitudeMeters>
          <DistanceMeters>2291.35</DistanceMeters>
          <HeartRateBpm><Value>133</Value></HeartRateBpm>
          <Cadence>82</Cadence>
          <Extensions><ns3:TPX><ns3:Speed>4.597</ns3:Speed><ns3:Watts>215</ns3:Watts></ns3:TPX></Extensions>
        </Trackpoint>
        <Trackpoint>
          <Time>2024-07-15T17:51:15Z</Time>
          <Position><LatitudeDegrees>50.3373850</LatitudeDegrees><LongitudeDegrees>6.9502046</LongitudeDegrees></Position>
          <AltitudeMeters>486.6</AltitudeMeters>
          <DistanceMeters>2296.08</DistanceMeters>
          <HeartRateBpm><Value>135</Value></HeartRateBpm>
          <Cadence>82</Cadence>
          <Extensions><ns3:TPX><ns3:Speed>4.727</ns3:Speed><ns3:Watts>214</ns3:Watts></ns3:TPX></Extensions>
        </Trackpoint>
        <Trackpoint>
          <Time>2024-07-15T17:51:16Z</Time>
          <Position><LatitudeDegrees>50.3374203</LatitudeDegrees><LongitudeDegrees>6.9501630</LongitudeDegrees></Position>
          <AltitudeMeters>486.8</AltitudeMeters>
          <DistanceMeters>2300.98</DistanceMeters>
          <HeartRateBpm><Value>136</Value></HeartRateBpm>
          <Cadence>82</Cadence>
          <Extensions><ns3:TPX><ns3:Speed>4.908</ns3:Speed><ns3:Watts>214</ns3:Watts></ns3:TPX></Extensions>
        </Trackpoint>
        <Trackpoint>
          <Time>2024-07-15T17:51:17Z</Time>
          <Position><LatitudeDegrees>50.3374543</LatitudeDegrees><LongitudeDegrees>6.9501140</LongitudeDegrees></Position>
          <AltitudeMeters>487.0</AltitudeMeters>
          <DistanceMeters>2306.12</DistanceMeters>
          <HeartRateBpm><Value>138</Value></HeartRateBpm>
          <Cadence>82</Cadence>
          <Extensions><ns3:TPX><ns3:Speed>5.133</ns3:Speed><ns3:Watts>213</ns3:Watts></ns3:TPX></Extensions>
        </Trackpoint>
        <Trackpoint>
          <Time>2024-07-15T17:51:18Z</Time>
          <Position><LatitudeDegrees>50.3374870</LatitudeDegrees><LongitudeDegrees>6.9500579</LongitudeDegrees></Position>
          <AltitudeMeters>487.1</AltitudeMeters>
          <DistanceMeters>2311.51</DistanceMeters>
          <HeartRateBpm><Value>139</Value></HeartRateBpm>
          <Cadence>81</Cadence>
          <Extensions><ns3:TPX><ns3:Speed>5.394</ns3:Speed><ns3:Watts>213</ns3:Watts></ns3:TPX></Extensions>
        </Trackpoint>
        <Trackpoint>
          <Time>2024-07-15T17:51:19Z</Time>
          <Position><LatitudeDegrees>50.3375184</LatitudeDegrees><LongitudeDegrees>6.9499948</LongitudeDegrees></Position>
          <AltitudeMeters>487.3</AltitudeMeters>
          <DistanceMeters>2317.19</DistanceMeters>
          <HeartRateBpm><Value>140</Value></HeartRateBpm>
          <Cadence>81</Cadence>
          <Extensions><ns3:TPX><ns3:Speed>5.681</ns3:Speed><ns3:Watts>213</ns3:Watts></ns3:TPX></Extensions>
        </Trackpoint>
        <Trackpoint>
          <Time>2024-07-15T17:51:20Z</Time>
          <Position><LatitudeDegrees>50.3375486</LatitudeDegrees><LongitudeDegrees>6.9499249</LongitudeDegrees></Position>
          <AltitudeMeters>487.5</AltitudeMeters>
          <DistanceMeters>2323.18</DistanceMeters>
          <HeartRateBpm><Value>141</Value></HeartRateBpm>
          <Cadence>81</Cadence>
          <Extensions><ns3:TPX><ns3:Speed>5.988</ns3:Speed><ns3:Watts>213</ns3:Watts></ns3:TPX></Extensions>
        </Trackpoint>
        <Trackpoint>
          <Time>2024-07-15T17:51:21Z</Time>
          <Position><LatitudeDegrees>50.3375773</LatitudeDegrees><LongitudeDegrees>6.9498483</LongitudeDegrees></Position>
          <AltitudeMeters>487.7</AltitudeMeters>
          <DistanceMeters>2329.49</DistanceMeters>
          <HeartRateBpm><Value>142</Value></HeartRateBpm>
          <Cadence>81</Cadence>
          <Extensions><ns3:TPX><ns3:Speed>6.308</ns3:Speed><ns3:Watts>213</ns3:Watts></ns3:TPX></Extensions>
        </Trackpoint>
        <Trackpoint>
          <Time>2024-07-15T17:51:22Z</Time>
          <Position><LatitudeDegrees>50.3376048</LatitudeDegrees><LongitudeDegrees>6.9497652</LongitudeDegrees></Position>
          <AltitudeMeters>487.9</AltitudeMeters>
          <DistanceMeters>2336.12</DistanceMeters>
          <HeartRateBpm><Value>143</Value></HeartRateBpm>
          <Cadence>80</Cadence>
          <Extensions><ns3:TPX><ns3:Speed>6.635</ns3:Speed><ns3:Watts>213</ns3:Watts></ns3:TPX></Extensions>
        </Trackpoint>
        <Trackpoint>
          <Time>2024-07-15T17:51:23Z</Time>
          <Position><LatitudeDegrees>50.3376308</LatitudeDegrees><LongitudeDegrees>6.9496760</LongitudeDegrees></Position>
          <AltitudeMeters>488.1</AltitudeMeters>
          <DistanceMeters>2343.09</DistanceMeters>
          <HeartRateBpm><Value>143</Value></HeartRateBpm>
          <Cadence>80</Cadence>
          <Extensions><ns3:TPX><ns3:Speed>6.964</ns3:Speed><ns3:Watts>214</ns3:Watts></ns3:TPX></Extensions>
        </Trackpoint>
        <Trackpoint>
          <Time>2024-07-15T17:51:24Z</Time>
          <Position><LatitudeDegrees>50.3376555</LatitudeDegrees><LongitudeDegrees>6.9495808</LongitudeDegrees></Position>
          <AltitudeMeters>488.3</AltitudeMeters>
          <DistanceMeters>2350.38</DistanceMeters>
          <HeartRateBpm><Value>143</Value></HeartRateBpm>
          <Cadence>80</Cadence>
          <Extensions><ns3:TPX><ns3:Speed>7.292</ns3:Speed><ns3:Watts>215</ns3:Watts></ns3:TPX></Extensions>
        </Trackpoint>
        <Trackpoint>
          <Time>2024-07-15T17:51:25Z</Time>
          <Position><LatitudeDegrees>50.3376787</LatitudeDegrees><LongitudeDegrees>6.9494799</LongitudeDegrees></Position>
          <AltitudeMeters>488.5</AltitudeMeters>
          <DistanceMeters>2357.99</DistanceMeters>
          <HeartRateBpm><Value>144</Value></HeartRateBpm>
          <Cadence>80</Cadence>
          <Extensions><ns3:TPX><ns3:Speed>7.614</ns3:Speed><ns3:Watts>216</ns3:Watts></ns3:TPX></Extensions>
        </Trackpoint>
        <Trackpoint>
          <Time>2024-07-15T17:51:26Z</Time>
          <Position><LatitudeDegrees>50.3377006</LatitudeDegrees><LongitudeDegrees>6.9493736</LongitudeDegrees></Position>
          <AltitudeMeters>488.7</AltitudeMeters>
          <DistanceMeters>2365.92</DistanceMeters>
          <HeartRateBpm><Value>143</Value></HeartRateBpm>
          <Cadence>79</Cadence>
          <Extensions><ns3:TPX><ns3:Speed>7.927</ns3:Speed><ns3:Watts>217</ns3:Watts></ns3:TPX></Extensions>
        </Trackpoint>
        <Trackpoint>
          <Time>2024-07-15T17:51:27Z</Time>
          <Position><LatitudeDegrees>50.3377209</LatitudeDegrees><LongitudeDegrees>6.9492621</LongitudeDegrees></Position>
          <AltitudeMeters>488.9</AltitudeMeters>
          <DistanceMeters>2374.15</DistanceMeters>
          <HeartRateBpm><Value>143</Value></HeartRateBpm>
          <Cadence>79</Cadence>
          <Extensions><ns3:TPX><ns3:Speed>8.229</ns3:Speed><ns3:Watts>219</ns3:Watts></ns3:TPX></Extensions>
        </Trackpoint>
        <Trackpoint>
          <Time>2024-07-15T17:51:28Z</Time>
          <Position><LatitudeDegrees>50.3377399</LatitudeDegrees><LongitudeDegrees>6.9491458</LongitudeDegrees></Position>
          <AltitudeMeters>489.2</AltitudeMeters>
          <DistanceMeters>2382.67</DistanceMeters>
          <HeartRateBpm><Value>143</Value></HeartRateBpm>
          <Cadence>79</Cadence>
          <Extensions><ns3:TPX><ns3:Speed>8.518</ns3:Speed><ns3:Watts>220</ns3:Watts></ns3:TPX></Extensions>
        </Trackpoint>
        <Trackpoint>
          <Time>2024-07-15T17:51:29Z</Time>
          <Position><LatitudeDegrees>50.3377573</LatitudeDegrees><LongitudeDegrees>6.9490250</LongitudeDegrees></Position>
          <AltitudeMeters>489.4</AltitudeMeters>
          <DistanceMeters>2391.46</DistanceMeters>
          <HeartRateBpm><Value>142</Value></HeartRateBpm>
          <Cadence>79</Cadence>
          <Extensions><ns3:TPX><ns3:Speed>8.791</ns3:Speed><ns3:Watts>222</ns3:Watts></ns3:TPX></Extensions>
        </Trackpoint>
        <Trackpoint>
          <Time>2024-07-15T17:51:30Z</Time>
          <Position><LatitudeDegrees>50.3377733</LatitudeDegrees><LongitudeDegrees>6.9489000</LongitudeDegrees></Position>
          <AltitudeMeters>489.7</AltitudeMeters>
          <DistanceMeters>2400.51</DistanceMeters>
          <HeartRateBpm><Value>142</Value></HeartRateBpm>
          <Cadence>79</Cadence>
          <Extensions><ns3:TPX><ns3:Speed>9.047</ns3:Speed><ns3:Watts>224</ns3:Watts></ns3:TPX></Extensions>
        </Trackpoint>
        <Trackpoint>
          <Time>2024-07-15T17:51:31Z</Time>
          <Position><LatitudeDegrees>50.3377878</LatitudeDegrees><LongitudeDegrees>6.9487712</LongitudeDegrees></Position>
          <AltitudeMeters>490.0</AltitudeMeters>
          <DistanceMeters>2409.79</DistanceMeters>
          <HeartRateBpm><Value>141</Value></HeartRateBpm>
          <Cadence>78</Cadence>
          <Extensions><ns3:TPX><ns3:Speed>9.284</ns3:Speed><ns3:Watts>226</ns3:Watts></ns3:TPX></Extensions>
        </Trackpoint>
        <Trackpoint>
          <Time>2024-07-15T17:51:32Z</Time>
          <Position><LatitudeDegrees>50.3378008</LatitudeDegrees><LongitudeDegrees>6.9486389</LongitudeDegrees></Position>
          <AltitudeMeters>490.3</AltitudeMeters>
          <DistanceMeters>2419.29</DistanceMeters>
          <HeartRateBpm><Value>140</Value></HeartRateBpm>
          <Cadence>78</Cadence>
          <Extensions><ns3:TPX><ns3:Speed>9.501</ns3:Speed><ns3:Watts>229</ns3:Watts></ns3:TPX></Extensions>
        </Trackpoint>
        <Trackpoint>
          <Time>2024-07-15T17:51:33Z</Time>
          <Position><LatitudeDegrees>50.3378123</LatitudeDegrees><LongitudeDegrees>6.9485034</LongitudeDegrees></Position>
          <AltitudeMeters>490.6</AltitudeMeters>
          <DistanceMeters>2428.99</DistanceMeters>
          <HeartRateBpm><Value>140</Value></HeartRateBpm>
          <Cadence>78</Cadence>
          <Extensions><ns3:TPX><ns3:Speed>9.696</ns3:Speed><ns3:Watts>231</ns3:Watts></ns3:TPX></Extensions>
        </Trackpoint>
        <Trackpoint>
          <Time>2024-07-15T17:51:34Z</Time>
          <Position><LatitudeDegrees>50.3378223</LatitudeDegrees><LongitudeDegrees>6.9483652</LongitudeDegrees></Position>
          <AltitudeMeters>490.9</AltitudeMeters>
          <DistanceMeters>2438.86</DistanceMeters>
          <HeartRateBpm><Value>139</Value></HeartRateBpm>
          <Cadence>78</Cadence>
          <Extensions><ns3:TPX><ns3:Speed>9.870</ns3:Speed><ns3:Watts>234</ns3:Watts></ns3:TPX></Extensions>
        </Trackpoint>
        <Trackpoint>
          <Time>2024-07-15T17:51:35Z</Time>
          <Position><LatitudeDegrees>50.3378308</LatitudeDegrees><LongitudeDegrees>6.9482247</LongitudeDegrees></Position>
          <AltitudeMeters>491.2</AltitudeMeters>
          <DistanceMeters>2448.88</DistanceMeters>
          <HeartRateBpm><Value>139</Value></HeartRateBpm>
          <Cadence>77</Cadence>
          <Extensions><ns3:TPX><ns3:Speed>10.019</ns3:Speed><ns3:Watts>237</ns3:Watts></ns3:TPX></Extensions>
        </Trackpoint>
        <Trackpoint>
          <Time>2024-07-15T17:51:36Z</Time>
          <Position><LatitudeDegrees>50.3378377</LatitudeDegrees><LongitudeDegrees>6.9480822</LongitudeDegrees></Position>
          <AltitudeMeters>491.5</AltitudeMeters>
          <DistanceMeters>2459.02</DistanceMeters>
          <HeartRateBpm><Value>138</Value></HeartRateBpm>
          <Cadence>77</Cadence>
          <Extensions><ns3:TPX><ns3:Speed>10.146</ns3:Speed><ns3:Watts>240</ns3:Watts></ns3:TPX></Extensions>
        </Trackpoint>
        <Trackpoint>
          <Time>2024-07-15T17:51:37Z</Time>
          <Position><LatitudeDegrees>50.3378431</LatitudeDegrees><LongitudeDegrees>6.9479380</LongitudeDegrees></Position>
          <AltitudeMeters>491.9</AltitudeMeters>
          <DistanceMeters>2469.27</DistanceMeters>
          <HeartRateBpm><Value>138</Value></HeartRateBpm>
          <Cadence>77</Cadence>
          <Extensions><ns3:TPX><ns3:Speed>10.247</ns3:Speed><ns3:Watts>243</ns3:Watts></ns3:TPX></Extensions>
        </Trackpoint>
        <Trackpoint>
          <Time>2024-07-15T17:51:38Z</Time>
          <Position><LatitudeDegrees>50.3378469</LatitudeDegrees><LongitudeDegrees>6.9477927</LongitudeDegrees></Position>
          <AltitudeMeters>492.2</AltitudeMeters>
          <DistanceMeters>2479.59</DistanceMeters>
          <HeartRateBpm><Value>138</Value></HeartRateBpm>
          <Cadence>77</Cadence>
          <Extensions><ns3:TPX><ns3:Speed>10.324</ns3:Speed><ns3:Watts>246</ns3:Watts></ns3:TPX></Extensions>
        </Trackpoint>
        <Trackpoint>
          <Time>2024-07-15T17:51:39Z</Time>
          <Position><LatitudeDegrees>50.3378492</LatitudeDegrees><LongitudeDegrees>6.9476465</LongitudeDegrees></Position>
          <AltitudeMeters>492.6</AltitudeMeters>
          <DistanceMeters>2489.97</DistanceMeters>
          <HeartRateBpm><Value>138</Value></HeartRateBpm>
          <Cadence>77</Cadence>
          <Extensions><ns3:TPX><ns3:Speed>10.375</ns3:Speed><ns3:Watts>249</ns3:Watts></ns3:TPX></Extensions>
        </Trackpoint>
        <Trackpoint>
          <Time>2024-07-15T17:51:40Z</Time>
          <Position><LatitudeDegrees>50.3378500</LatitudeDegrees><LongitudeDegrees>6.9475000</LongitudeDegrees></Position>
          <AltitudeMeters>493.0</AltitudeMeters>
          <DistanceMeters>2500.37</DistanceMeters>
          <HeartRateBpm><Value>139</Value></HeartRateBpm>
          <Cadence>76</Cadence>
          <Extensions><ns3:TPX><ns3:Speed>10.401</ns3:Speed><ns3:Watts>252</ns3:Watts></ns3:TPX></Extensions>
        </Trackpoint>
        <Trackpoint>
          <Time>2024-07-15T17:51:41Z</Time>
          <Position><LatitudeDegrees>50.3378492</LatitudeDegrees><LongitudeDegrees>6.9473535</LongitudeDegrees></Position>
          <AltitudeMeters>493.4</AltitudeMeters>
          <DistanceMeters>2510.77</DistanceMeters>
          <HeartRateBpm><Value>139</Value></HeartRateBpm>
          <Cadence>76</Cadence>
          <Extensions><ns3:TPX><ns3:Speed>10.401</ns3:Speed><ns3:Watts>255</ns3:Watts></ns3:TPX></Extensions>
        </Trackpoint>
        <Trackpoint>
          <Time>2024-07-15T17:51:42Z</Time>
          <Position><LatitudeDegrees>50.3378469</LatitudeDegrees><LongitudeDegrees>6.9472073</LongitudeDegrees></Position>
          <AltitudeMeters>493.8</AltitudeMeters>
          <DistanceMeters>2521.14</DistanceMeters>
          <HeartRateBpm><Value>140</Value></HeartRateBpm>
          <Cadence>76</Cadence>
          <Extensions><ns3:TPX><ns3:Speed>10.375</ns3:Speed><ns3:Watts>258</ns3:Watts></ns3:TPX></Extensions>
        </Trackpoint>
        <Trackpoint>
          <Time>2024-07-15T17:51:43Z</Time>
          <Position><LatitudeDegrees>50.3378431</LatitudeDegrees><LongitudeDegrees>6.9470620</LongitudeDegrees></Position>
          <AltitudeMeters>494.2</AltitudeMeters>
          <DistanceMeters>2531.47</DistanceMeters>
          <HeartRateBpm><Value>141</Value></HeartRateBpm>
          <Cadence>76</Cadence>
          <Extensions><ns3:TPX><ns3:Speed>10.324</ns3:Speed><ns3:Watts>261</ns3:Watts></ns3:TPX></Extensions>
        </Trackpoint>
        <Trackpoint>
          <Time>2024-07-15T17:51:44Z</Time>
          <Position><LatitudeDegrees>50.3378377</LatitudeDegrees><LongitudeDegrees>6.9469178</LongitudeDegrees></Position>
          <AltitudeMeters>494.7</AltitudeMeters>
          <DistanceMeters>2541.71</DistanceMeters>
          <HeartRateBpm><Value>142</Value></HeartRateBpm>
          <Cadence>76</Cadence>
          <Extensions><ns3:TPX><ns3:Speed>10.247</ns3:Speed><ns3:Watts>264</ns3:Watts></ns3:TPX></Extensions>
        </Trackpoint>
        <Trackpoint>
          <Time>2024-07-15T17:51:45Z</Time>
          <Position><LatitudeDegrees>50.3378308</LatitudeDegrees><LongitudeDegrees>6.9467753</LongitudeDegrees></Position>
          <AltitudeMeters>495.1</AltitudeMeters>
          <DistanceMeters>2551.86</DistanceMeters>
          <HeartRateBpm><Value>143</Value></HeartRateBpm>
          <Cadence>75</Cadence>
          <Extensions><ns3:TPX><ns3:Speed>10.146</ns3:Speed><ns3:Watts>267</ns3:Watts></ns3:TPX></Extensions>
        </Trackpoint>
        <Trackpoint>
          <Time>2024-07-15T17:51:46Z</Time>
          <Position><LatitudeDegrees>50.3378223</LatitudeDegrees><LongitudeDegrees>6.9466348</LongitudeDegrees></Position>
          <AltitudeMeters>495.6</AltitudeMeters>
          <DistanceMeters>2561.88</DistanceMeters>
          <HeartRateBpm><Value>144</Value></HeartRateBpm>
          <Cadence>75</Cadence>
          <Extensions><ns3:TPX><ns3:Speed>10.019</ns3:Speed><ns3:Watts>270</ns3:Watts></ns3:TPX></Extensions>
        </Trackpoint>
        <Trackpoint>
          <Time>2024-07-15T17:51:47Z</Time>
          <Position><LatitudeDegrees>50.3378123</LatitudeDegrees><LongitudeDegrees>6.9464966</LongitudeDegrees></Position>
          <AltitudeMeters>496.0</AltitudeMeters>
          <DistanceMeters>2571.75</DistanceMeters>
          <HeartRateBpm><Value>146</Value></HeartRateBpm>
          <Cadence>75</Cadence>
          <Extensions><ns3:TPX><ns3:Speed>9.870</ns3:Speed><ns3:Watts>273</ns3:Watts></ns3:TPX></Extensions>
        </Trackpoint>
        <Trackpoint>
          <Time>2024-07-15T17:51:48Z</Time>
          <Position><LatitudeDegrees>50.3378008</LatitudeDegrees><LongitudeDegrees>6.9463611</LongitudeDegrees></Position>
          <AltitudeMeters>496.5</AltitudeMeters>
          <DistanceMeters>2581.45</DistanceMeters>
          <HeartRateBpm><Value>147</Value></HeartRateBpm>
          <Cadence>75</Cadence>
          <Extensions><ns3:TPX><ns3:Speed>9.696</ns3:Speed><ns3:Watts>275</ns3:Watts></ns3:TPX></Extensions>
        </Trackpoint>
        <Trackpoint>
          <Time>2024-07-15T17:51:49Z</Time>
          <Position><LatitudeDegrees>50.3377878</LatitudeDegrees><LongitudeDegrees>6.9462288</LongitudeDegrees></Position>
          <AltitudeMeters>497.0</AltitudeMeters>
          <DistanceMeters>2590.95</DistanceMeters>
          <HeartRateBpm><Value>149</Value></HeartRateBpm>
          <Cadence>75</Cadence>
          <Extensions><ns3:TPX><ns3:Speed>9.501</ns3:Speed><ns3:Watts>278</ns3:Watts></ns3:TPX></Extensions>
        </Trackpoint>
        <Trackpoint>
          <Time>2024-07-15T17:51:50Z</Time>
          <Position><LatitudeDegrees>50.3377733</LatitudeDegrees><LongitudeDegrees>6.9461000</LongitudeDegrees></Position>
          <AltitudeMeters>497.5</AltitudeMeters>
          <DistanceMeters>2600.23</DistanceMeters>
          <HeartRateBpm><Value>150</Value></HeartRateBpm>
          <Cadence>75</Cadence>
          <Extensions><ns3:TPX><ns3:Speed>9.284</ns3:Speed><ns3:Watts>280</ns3:Watts></ns3:TPX></Extensions>
        </Trackpoint>
        <Trackpoint>
          <Time>2024-07-15T17:51:51Z</Time>
          <Position><LatitudeDegrees>50.3377573</LatitudeDegrees><LongitudeDegrees>6.9459750</LongitudeDegrees></Position>
          <AltitudeMeters>498.0</AltitudeMeters>
          <DistanceMeters>2609.28</DistanceMeters>
          <HeartRateBpm><Value>152</Value></HeartRateBpm>
          <Cadence>75</Cadence>
          <Extensions><ns3:TPX><ns3:Speed>9.047</ns3:Speed><ns3:Watts>282</ns3:Watts></ns3:TPX></Extensions>
        </Trackpoint>
        <Trackpoint>
          <Time>2024-07-15T17:51:52Z</Time>
          <Position><LatitudeDegrees>50.3377399</LatitudeDegrees><LongitudeDegrees>6.9458542</LongitudeDegrees></Position>
          <AltitudeMeters>498.5</AltitudeMeters>
          <DistanceMeters>2618.07</DistanceMeters>
          <HeartRateBpm><Value>153</Value></HeartRateBpm>
          <Cadence>74</Cadence>
          <Extensions><ns3:TPX><ns3:Speed>8.791</ns3:Speed><ns3:Watts>284</ns3:Watts></ns3:TPX></Extensions>
        </Trackpoint>
        <Trackpoint>
          <Time>2024-07-15T17:51:53Z</Time>
          <Position><LatitudeDegrees>50.3377209</LatitudeDegrees><LongitudeDegrees>6.9457379</LongitudeDegrees></Position>
          <AltitudeMeters>499.0</AltitudeMeters>
          <DistanceMeters>2626.59</DistanceMeters>
          <HeartRateBpm><Value>155</Value></HeartRateBpm>
          <Cadence>74</Cadence>
          <Extensions><ns3:TPX><ns3:Speed>8.518</ns3:Speed><ns3:Watts>285</ns3:Watts></ns3:TPX></Extensions>
        </Trackpoint>
        <Trackpoint>
          <Time>2024-07-15T17:51:54Z</Time>
          <Position><LatitudeDegrees>50.3377006</LatitudeDegrees><LongitudeDegrees>6.9456264</LongitudeDegrees></Position>
          <AltitudeMeters>499.5</AltitudeMeters>
          <DistanceMeters>2634.82</DistanceMeters>
          <HeartRateBpm><Value>156</Value></HeartRateBpm>
          <Cadence>74</Cadence>
          <Extensions><ns3:TPX><ns3:Speed>8.229</ns3:Speed><ns3:Watts>287</ns3:Watts></ns3:TPX></Extensions>
        </Trackpoint>
        <Trackpoint>
          <Time>2024-07-15T17:51:55Z</Time>
          <Position><LatitudeDegrees>50.3376787</LatitudeDegrees><LongitudeDegrees>6.9455201</LongitudeDegrees></Position>
          <AltitudeMeters>500.0</AltitudeMeters>
          <DistanceMeters>2642.74</DistanceMeters>
          <HeartRateBpm><Value>157</Value></HeartRateBpm>
          <Cadence>74</Cadence>
          <Extensions><ns3:TPX><ns3:Speed>7.927</ns3:Speed><ns3:Watts>288</ns3:Watts></ns3:TPX></Extensions>
        </Trackpoint>
        <Trackpoint>
          <Time>2024-07-15T17:51:56Z</Time>
          <Position><LatitudeDegrees>50.3376555</LatitudeDegrees><LongitudeDegrees>6.9454192</LongitudeDegrees></Position>
          <AltitudeMeters>500.5</AltitudeMeters>
          <DistanceMeters>2650.36</DistanceMeters>
          <HeartRateBpm><Value>157</Value></HeartRateBpm>
          <Cadence>74</Cadence>
          <Extensions><ns3:TPX><ns3:Speed>7.614</ns3:Speed><ns3:Watts>289</ns3:Watts></ns3:TPX></Extensions>
        </Trackpoint>
        <Trackpoint>
          <Time>2024-07-15T17:51:57Z</Time>
          <Position><LatitudeDegrees>50.3376308</LatitudeDegrees><LongitudeDegrees>6.9453240</LongitudeDegrees></Position>
          <AltitudeMeters>501.0</AltitudeMeters>
          <DistanceMeters>2657.65</DistanceMeters>
          <HeartRateBpm><Value>158</Value></HeartRateBpm>
          <Cadence>74</Cadence>
          <Extensions><ns3:TPX><ns3:Speed>7.292</ns3:Speed><ns3:Watts>290</ns3:Watts></ns3:TPX></Extensions>
        </Trackpoint>
        <Trackpoint>
          <Time>2024-07-15T17:51:58Z</Time>
          <Position><LatitudeDegrees>50.3376048</LatitudeDegrees><LongitudeDegrees>6.9452348</LongitudeDegrees></Position>
          <AltitudeMeters>501.5</AltitudeMeters>
          <DistanceMeters>2664.61</DistanceMeters>
          <HeartRateBpm><Value>158</Value></HeartRateBpm>
          <Cadence>74</Cadence>
          <Extensions><ns3:TPX><ns3:Speed>6.964</ns3:Speed><ns3:Watts>291</ns3:Watts></ns3:TPX></Extensions>
        </Trackpoint>
        <Trackpoint>
          <Time>2024-07-15T17:51:59Z</Time>
          <Position><LatitudeDegrees>50.3375773</LatitudeDegrees><LongitudeDegrees>6.9451517</LongitudeDegrees></Position>
          <AltitudeMeters>502.0</AltitudeMeters>
          <DistanceMeters>2671.25</DistanceMeters>
          <HeartRateBpm><Value>158</Value></HeartRateBpm>
          <Cadence>73</Cadence>
          <Extensions><ns3:TPX><ns3:Speed>6.635</ns3:Speed><ns3:Watts>291</ns3:Watts></ns3:TPX></Extensions>
        </Trackpoint>
        <Trackpoint>
          <Time>2024-07-15T17:52:00Z</Time>
          <Position><LatitudeDegrees>50.3375486</LatitudeDegrees><LongitudeDegrees>6.9450751</LongitudeDegrees></Position>
          <AltitudeMeters>502.5</AltitudeMeters>
          <DistanceMeters>2677.56</DistanceMeters>
          <HeartRateBpm><Value>158</Value></HeartRateBpm>
          <Cadence>73</Cadence>
          <Extensions><ns3:TPX><ns3:Speed>6.308</ns3:Speed><ns3:Watts>291</ns3:Watts></ns3:TPX></Extensions>
        </Trackpoint>
        <Trackpoint>
          <Time>2024-07-15T17:52:01Z</Time>
          <Position><LatitudeDegrees>50.3375184</LatitudeDegrees><LongitudeDegrees>6.9450052</LongitudeDegrees></Position>
          <AltitudeMeters>503.0</AltitudeMeters>
          <DistanceMeters>2683.55</DistanceMeters>
          <HeartRateBpm><Value>158</Value></HeartRateBpm>
          <Cadence>73</Cadence>
          <Extensions><ns3:TPX><ns3:Speed>5.988</ns3:Speed><ns3:Watts>291</ns3:Watts></ns3:TPX></Extensions>
        </Trackpoint>
        <Trackpoint>
          <Time>2024-07-15T17:52:02Z</Time>
          <Position><LatitudeDegrees>50.3374870</LatitudeDegrees><LongitudeDegrees>6.9449421</LongitudeDegrees></Position>
          <AltitudeMeters>503.5</AltitudeMeters>
          <DistanceMeters>2689.23</DistanceMeters>
          <HeartRateBpm><Value>158</Value></HeartRateBpm>
          <Cadence>73</Cadence>
          <Extensions><ns3:TPX><ns3:Speed>5.681</ns3:Speed><ns3:Watts>291</ns3:Watts></ns3:TPX></Extensions>
        </Trackpoint>
        <Trackpoint>
          <Time>2024-07-15T17:52:03Z</Time>
          <Position><LatitudeDegrees>50.3374543</LatitudeDegrees><LongitudeDegrees>6.9448860</LongitudeDegrees></Position>
          <AltitudeMeters>504.0</AltitudeMeters>
          <DistanceMeters>2694.62</DistanceMeters>
          <HeartRateBpm><Value>157</Value></HeartRateBpm>
          <Cadence>73</Cadence>
          <Extensions><ns3:TPX><ns3:Speed>5.394</ns3:Speed><ns3:Watts>291</ns3:Watts></ns3:TPX></Extensions>
        </Trackpoint>
        <Trackpoint>
          <Time>2024-07-15T17:52:04Z</Time>
          <Position><LatitudeDegrees>50.3374203</LatitudeDegrees><LongitudeDegrees>6.9448370</LongitudeDegrees></Position>
          <AltitudeMeters>504.4</AltitudeMeters>
          <DistanceMeters>2699.75</DistanceMeters>
          <HeartRateBpm><Value>156</Value></HeartRateBpm>
          <Cadence>73</Cadence>
          <Extensions><ns3:TPX><ns3:Speed>5.133</ns3:Speed><ns3:Watts>290</ns3:Watts></ns3:TPX></Extensions>
        </Trackpoint>
        <Trackpoint>
          <Time>2024-07-15T17:52:05Z</Time>
          <Position><LatitudeDegrees>50.3373850</LatitudeDegrees><LongitudeDegrees>6.9447954</LongitudeDegrees></Position>
          <AltitudeMeters>504.9</AltitudeMeters>
          <DistanceMeters>2704.66</DistanceMeters>
          <HeartRateBpm><Value>156</Value></HeartRateBpm>
          <Cadence>73</Cadence>
          <Extensions><ns3:TPX><ns3:Speed>4.908</ns3:Speed><ns3:Watts>290</ns3:Watts></ns3:TPX></Extensions>
        </Trackpoint>
        <Trackpoint>
          <Time>2024-07-15T17:52:06Z</Time>
          <Position><LatitudeDegrees>50.3373486</LatitudeDegrees><LongitudeDegrees>6.9447612</LongitudeDegrees></Position>
          <AltitudeMeters>505.3</AltitudeMeters>
          <DistanceMeters>2709.39</DistanceMeters>
          <HeartRateBpm><Value>155</Value></HeartRateBpm>
          <Cadence>73</Cadence>
          <Extensions><ns3:TPX><ns3:Speed>4.727</ns3:Speed><ns3:Watts>289</ns3:Watts></ns3:TPX></Extensions>
        </Trackpoint>
        <Trackpoint>
          <Time>2024-07-15T17:52:07Z</Time>
          <Position><LatitudeDegrees>50.3373109</LatitudeDegrees><LongitudeDegrees>6.9447345</LongitudeDegrees></Position>
          <AltitudeMeters>505.8</AltitudeMeters>
          <DistanceMeters>2713.99</DistanceMeters>
          <HeartRateBpm><Value>154</Value></HeartRateBpm>
          <Cadence>73</Cadence>
          <Extensions><ns3:TPX><ns3:Speed>4.597</ns3:Speed><ns3:Watts>288</ns3:Watts></ns3:TPX></Extensions>
        </Trackpoint>
        <Trackpoint>
          <Time>2024-07-15T17:52:08Z</Time>
          <Position><LatitudeDegrees>50.3372721</LatitudeDegrees><LongitudeDegrees>6.9447153</LongitudeDegrees></Position>
          <AltitudeMeters>506.2</AltitudeMeters>
          <DistanceMeters>2718.51</DistanceMeters>
          <HeartRateBpm><Value>153</Value></HeartRateBpm>
          <Cadence>73</Cadence>
          <Extensions><ns3:TPX><ns3:Speed>4.527</ns3:Speed><ns3:Watts>288</ns3:Watts></ns3:TPX></Extensions>
        </Trackpoint>
        <Trackpoint>
          <Time>2024-07-15T17:52:09Z</Time>
          <Position><LatitudeDegrees>50.3372321</LatitudeDegrees><LongitudeDegrees>6.9447038</LongitudeDegrees></Position>
          <AltitudeMeters>506.6</AltitudeMeters>
          <DistanceMeters>2723.03</DistanceMeters>
          <HeartRateBpm><Value>153</Value></HeartRateBpm>
          <Cadence>73</Cadence>
          <Extensions><ns3:TPX><ns3:Speed>4.520</ns3:Speed><ns3:Watts>287</ns3:Watts></ns3:TPX></Extensions>
        </Trackpoint>
        <Trackpoint>
          <Time>2024-07-15T17:52:10Z</Time>
          <Position><LatitudeDegrees>50.3371910</LatitudeDegrees><LongitudeDegrees>6.9447000</LongitudeDegrees></Position>
          <AltitudeMeters>507.0</AltitudeMeters>
          <DistanceMeters>2727.61</DistanceMeters>
          <HeartRateBpm><Value>152</Value></HeartRateBpm>
          <Cadence>73</Cadence>
          <Extensions><ns3:TPX><ns3:Speed>4.578</ns3:Speed><ns3:Watts>286</ns3:Watts></ns3:TPX></Extensions>
        </Trackpoint>
        <Trackpoint>
          <Time>2024-07-15T17:52:11Z</Time>
          <Position><LatitudeDegrees>50.3371488</LatitudeDegrees><LongitudeDegrees>6.9447038</LongitudeDegrees></Position>
          <AltitudeMeters>507.4</AltitudeMeters>
          <DistanceMeters>2732.31</DistanceMeters>
          <HeartRateBpm><Value>152</Value></HeartRateBpm>
          <Cadence>73</Cadence>
          <Extensions><ns3:TPX><ns3:Speed>4.699</ns3:Speed><ns3:Watts>285</ns3:Watts></ns3:TPX></Extensions>
        </Trackpoint>
        <Trackpoint>
          <Time>2024-07-15T17:52:12Z</Time>
          <Position><LatitudeDegrees>50.3371055</LatitudeDegrees><LongitudeDegrees>6.9447153</LongitudeDegrees></Position>
          <AltitudeMeters>507.8</AltitudeMeters>
          <DistanceMeters>2737.19</DistanceMeters>
          <HeartRateBpm><Value>152</Value></HeartRateBpm>
          <Cadence>73</Cadence>
          <Extensions><ns3:TPX><ns3:Speed>4.878</ns3:Speed><ns3:Watts>284</ns3:Watts></ns3:TPX></Extensions>
        </Trackpoint>
        <Trackpoint>
          <Time>2024-07-15T17:52:13Z</Time>
          <Position><LatitudeDegrees>50.3370613</LatitudeDegrees><LongitudeDegrees>6.9447345</LongitudeDegrees></Position>
          <AltitudeMeters>508.1</AltitudeMeters>
          <DistanceMeters>2742.30</DistanceMeters>
          <HeartRateBpm><Value>152</Value></HeartRateBpm>
          <Cadence>73</Cadence>
          <Extensions><ns3:TPX><ns3:Speed>5.108</ns3:Speed><ns3:Watts>283</ns3:Watts></ns3:TPX></Extensions>
        </Trackpoint>
        <Trackpoint>
          <Time>2024-07-15T17:52:14Z</Time>
          <Position><LatitudeDegrees>50.3370160</LatitudeDegrees><LongitudeDegrees>6.9447612</LongitudeDegrees></Position>
          <AltitudeMeters>508.4</AltitudeMeters>
          <DistanceMeters>2747.68</DistanceMeters>
          <HeartRateBpm><Value>152</Value></HeartRateBpm>
          <Cadence>73</Cadence>
          <Extensions><ns3:TPX><ns3:Speed>5.381</ns3:Speed><ns3:Watts>282</ns3:Watts></ns3:TPX></Extensions>
        </Trackpoint>
        <Trackpoint>
          <Time>2024-07-15T17:52:15Z</Time>
          <Position><LatitudeDegrees>50.3369697</LatitudeDegrees><LongitudeDegrees>6.9447954</LongitudeDegrees></Position>
          <AltitudeMeters>508.7</AltitudeMeters>
          <DistanceMeters>2753.37</DistanceMeters>
          <HeartRateBpm><Value>152</Value></HeartRateBpm>
          <Cadence>73</Cadence>
          <Extensions><ns3:TPX><ns3:Speed>5.688</ns3:Speed><ns3:Watts>281</ns3:Watts></ns3:TPX></Extensions>
        </Trackpoint>
        <Trackpoint>
          <Time>2024-07-15T17:52:16Z</Time>
          <Position><LatitudeDegrees>50.3369225</LatitudeDegrees><LongitudeDegrees>6.9448370</LongitudeDegrees></Position>
          <AltitudeMeters>509.0</AltitudeMeters>
          <DistanceMeters>2759.39</DistanceMeters>
          <HeartRateBpm><Value>153</Value></HeartRateBpm>
          <Cadence>73</Cadence>
          <Extensions><ns3:TPX><ns3:Speed>6.023</ns3:Speed><ns3:Watts>280</ns3:Watts></ns3:TPX></Extensions>
        </Trackpoint>
        <Trackpoint>
          <Time>2024-07-15T17:52:17Z</Time>
          <Position><LatitudeDegrees>50.3368744</LatitudeDegrees><LongitudeDegrees>6.9448860</LongitudeDegrees></Position>
          <AltitudeMeters>509.3</AltitudeMeters>
          <DistanceMeters>2765.77</DistanceMeters>
          <HeartRateBpm><Value>153</Value></HeartRateBpm>
          <Cadence>73</Cadence>
          <Extensions><ns3:TPX><ns3:Speed>6.377</ns3:Speed><ns3:Watts>279</ns3:Watts></ns3:TPX></Extensions>
        </Trackpoint>
        <Trackpoint>
          <Time>2024-07-15T17:52:18Z</Time>
          <Position><LatitudeDegrees>50.3368254</LatitudeDegrees><LongitudeDegrees>6.9449421</LongitudeDegrees></Position>
          <AltitudeMeters>509.6</AltitudeMeters>
          <DistanceMeters>2772.51</DistanceMeters>
          <HeartRateBpm><Value>154</Value></HeartRateBpm>
          <Cadence>73</Cadence>
          <Extensions><ns3:TPX><ns3:Speed>6.746</ns3:Speed><ns3:Watts>278</ns3:Watts></ns3:TPX></Extensions>
        </Trackpoint>
        <Trackpoint>
          <Time>2024-07-15T17:52:19Z</Time>
          <Position><LatitudeDegrees>50.3367756</LatitudeDegrees><LongitudeDegrees>6.9450052</LongitudeDegrees></Position>
          <AltitudeMeters>509.8</AltitudeMeters>
          <DistanceMeters>2779.64</DistanceMeters>
          <HeartRateBpm><Value>155</Value></HeartRateBpm>
          <Cadence>73</Cadence>
          <Extensions><ns3:TPX><ns3:Speed>7.124</ns3:Speed><ns3:Watts>278</ns3:Watts></ns3:TPX></Extensions>
        </Trackpoint>
        <Trackpoint>
          <Time>2024-07-15T17:52:20Z</Time>
          <Position><LatitudeDegrees>50.3367250</LatitudeDegrees><LongitudeDegrees>6.9450751</LongitudeDegrees></Position>
          <AltitudeMeters>510.0</AltitudeMeters>
          <DistanceMeters>2787.14</DistanceMeters>
          <HeartRateBpm><Value>156</Value></HeartRateBpm>
          <Cadence>73</Cadence>
          <Extensions><ns3:TPX><ns3:Speed>7.505</ns3:Speed><ns3:Watts>278</ns3:Watts></ns3:TPX></Extensions>
        </Trackpoint>
        <Trackpoint>
          <Time>2024-07-15T17:52:21Z</Time>
          <Position><LatitudeDegrees>50.3366736</LatitudeDegrees><LongitudeDegrees>6.9451517</LongitudeDegrees></Position>
          <AltitudeMeters>510.2</AltitudeMeters>
          <DistanceMeters>2795.03</DistanceMeters>
          <HeartRateBpm><Value>157</Value></HeartRateBpm>
          <Cadence>73</Cadence>
          <Extensions><ns3:TPX><ns3:Speed>7.887</ns3:Speed><ns3:Watts>277</ns3:Watts></ns3:TPX></Extensions>
        </Trackpoint>
        <Trackpoint>
          <Time>2024-07-15T17:52:22Z</Time>
          <Position><LatitudeDegrees>50.3366215</LatitudeDegrees><LongitudeDegrees>6.9452348</LongitudeDegrees></Position>
          <AltitudeMeters>510.3</AltitudeMeters>
          <DistanceMeters>2803.29</DistanceMeters>
          <HeartRateBpm><Value>159</Value></HeartRateBpm>
          <Cadence>73</Cadence>
          <Extensions><ns3:TPX><ns3:Speed>8.266</ns3:Speed><ns3:Watts>277</ns3:Watts></ns3:TPX></Extensions>
        </Trackpoint>
        <Trackpoint>
          <Time>2024-07-15T17:52:23Z</Time>
          <Position><LatitudeDegrees>50.3365686</LatitudeDegrees><LongitudeDegrees>6.9453240</LongitudeDegrees></Position>
          <AltitudeMeters>510.5</AltitudeMeters>
          <DistanceMeters>2811.93</DistanceMeters>
          <HeartRateBpm><Value>160</Value></HeartRateBpm>
          <Cadence>73</Cadence>
          <Extensions><ns3:TPX><ns3:Speed>8.638</ns3:Speed><ns3:Watts>277</ns3:Watts></ns3:TPX></Extensions>
        </Trackpoint>
        <Trackpoint>
          <Time>2024-07-15T17:52:24Z</Time>
          <Position><LatitudeDegrees>50.3365152</LatitudeDegrees><LongitudeDegrees>6.9454192</LongitudeDegrees></Position>
          <AltitudeMeters>510.6</AltitudeMeters>
          <DistanceMeters>2820.93</DistanceMeters>
          <HeartRateBpm><Value>161</Value></HeartRateBpm>
          <Cadence>73</Cadence>
          <Extensions><ns3:TPX><ns3:Speed>9.002</ns3:Speed><ns3:Watts>277</ns3:Watts></ns3:TPX></Extensions>
        </Trackpoint>
        <Trackpoint>
          <Time>2024-07-15T17:52:25Z</Time>
          <Position><LatitudeDegrees>50.3364610</LatitudeDegrees><LongitudeDegrees>6.9455201</LongitudeDegrees></Position>
          <AltitudeMeters>510.7</AltitudeMeters>
          <DistanceMeters>2830.29</DistanceMeters>
          <HeartRateBpm><Value>163</Value></HeartRateBpm>
          <Cadence>73</Cadence>
          <Extensions><ns3:TPX><ns3:Speed>9.354</ns3:Speed><ns3:Watts>278</ns3:Watts></ns3:TPX></Extensions>
        </Trackpoint>
        <Trackpoint>
          <Time>2024-07-15T17:52:26Z</Time>
          <Position><LatitudeDegrees>50.3364063</LatitudeDegrees><LongitudeDegrees>6.9456264</LongitudeDegrees></Position>
          <AltitudeMeters>510.8</AltitudeMeters>
          <DistanceMeters>2839.98</DistanceMeters>
          <HeartRateBpm><Value>164</Value></HeartRateBpm>
          <Cadence>73</Cadence>
          <Extensions><ns3:TPX><ns3:Speed>9.693</ns3:Speed><ns3:Watts>278</ns3:Watts></ns3:TPX></Extensions>
        </Trackpoint>
        <Trackpoint>
          <Time>2024-07-15T17:52:27Z</Time>
          <Position><LatitudeDegrees>50.3363511</LatitudeDegrees><LongitudeDegrees>6.9457379</LongitudeDegrees></Position>
          <AltitudeMeters>510.8</AltitudeMeters>
          <DistanceMeters>2850.00</DistanceMeters>
          <HeartRateBpm><Value>165</Value></HeartRateBpm>
          <Cadence>73</Cadence>
          <Extensions><ns3:TPX><ns3:Speed>10.017</ns3:Speed><ns3:Watts>279</ns3:Watts></ns3:TPX></Extensions>
        </Trackpoint>
        <Trackpoint>
          <Time>2024-07-15T17:52:28Z</Time>
          <Position><LatitudeDegrees>50.3362953</LatitudeDegrees><LongitudeDegrees>6.9458542</LongitudeDegrees></Position>
          <AltitudeMeters>510.9</AltitudeMeters>
          <DistanceMeters>2860.32</DistanceMeters>
          <HeartRateBpm><Value>166</Value></HeartRateBpm>
          <Cadence>73</Cadence>
          <Extensions><ns3:TPX><ns3:Speed>10.325</ns3:Speed><ns3:Watts>280</ns3:Watts></ns3:TPX></Extensions>
        </Trackpoint>
        <Trackpoint>
          <Time>2024-07-15T17:52:29Z</Time>
          <Position><LatitudeDegrees>50.3362390</LatitudeDegrees><LongitudeDegrees>6.9459750</LongitudeDegrees></Position>
          <AltitudeMeters>510.9</AltitudeMeters>
          <DistanceMeters>2870.94</DistanceMeters>
          <HeartRateBpm><Value>166</Value></HeartRateBpm>
          <Cadence>73</Cadence>
          <Extensions><ns3:TPX><ns3:Speed>10.613</ns3:Speed><ns3:Watts>281</ns3:Watts></ns3:TPX></Extensions>
        </Trackpoint>
        <Trackpoint>
          <Time>2024-07-15T17:52:30Z</Time>
          <Position><LatitudeDegrees>50.3361823</LatitudeDegrees><LongitudeDegrees>6.9461000</LongitudeDegrees></Position>
          <AltitudeMeters>510.9</AltitudeMeters>
          <DistanceMeters>2881.82</DistanceMeters>
          <HeartRateBpm><Value>167</Value></HeartRateBpm>
          <Cadence>73</Cadence>
          <Extensions><ns3:TPX><ns3:Speed>10.883</ns3:Speed><ns3:Watts>282</ns3:Watts></ns3:TPX></Extensions>
        </Trackpoint>
        <Trackpoint>
          <Time>2024-07-15T17:52:31Z</Time>
          <Position><LatitudeDegrees>50.3361253</LatitudeDegrees><LongitudeDegrees>6.9462288</LongitudeDegrees></Position>
          <AltitudeMeters>510.9</AltitudeMeters>
          <DistanceMeters>2892.95</DistanceMeters>
          <HeartRateBpm><Value>167</Value></HeartRateBpm>
          <Cadence>73</Cadence>
          <Extensions><ns3:TPX><ns3:Speed>11.131</ns3:Speed><ns3:Watts>284</ns3:Watts></ns3:TPX></Extensions>
        </Trackpoint>
        <Trackpoint>
          <Time>2024-07-15T17:52:32Z</Time>
          <Position><LatitudeDegrees>50.3360678</LatitudeDegrees><LongitudeDegrees>6.9463611</LongitudeDegrees></Position>
          <AltitudeMeters>510.8</AltitudeMeters>
          <DistanceMeters>2904.31</DistanceMeters>
          <HeartRateBpm><Value>167</Value></HeartRateBpm>
          <Cadence>73</Cadence>
          <Extensions><ns3:TPX><ns3:Speed>11.358</ns3:Speed><ns3:Watts>285</ns3:Watts></ns3:TPX></Extensions>
        </Trackpoint>
        <Trackpoint>
          <Time>2024-07-15T17:52:33Z</Time>
          <Position><LatitudeDegrees>50.3360100</LatitudeDegrees><LongitudeDegrees>6.9464966</LongitudeDegrees></Position>
          <AltitudeMeters>510.8</AltitudeMeters>
          <DistanceMeters>2915.87</DistanceMeters>
          <HeartRateBpm><Value>167</Value></HeartRateBpm>
          <Cadence>73</Cadence>
          <Extensions><ns3:TPX><ns3:Speed>11.561</ns3:Speed><ns3:Watts>287</ns3:Watts></ns3:TPX></Extensions>
        </Trackpoint>
        <Trackpoint>
          <Time>2024-07-15T17:52:34Z</Time>
          <Position><LatitudeDegrees>50.3359520</LatitudeDegrees><LongitudeDegrees>6.9466348</LongitudeDegrees></Position>
          <AltitudeMeters>510.7</AltitudeMeters>
          <DistanceMeters>2927.61</DistanceMeters>
          <HeartRateBpm><Value>167</Value></HeartRateBpm>
          <Cadence>73</Cadence>
          <Extensions><ns3:TPX><ns3:Speed>11.741</ns3:Speed><ns3:Watts>288</ns3:Watts></ns3:TPX></Extensions>
        </Trackpoint>
        <Trackpoint>
          <Time>2024-07-15T17:52:35Z</Time>
          <Position><LatitudeDegrees>50.3358937</LatitudeDegrees><LongitudeDegrees>6.9467753</LongitudeDegrees></Position>
          <AltitudeMeters>510.6</AltitudeMeters>
          <DistanceMeters>2939.51</DistanceMeters>
          <HeartRateBpm><Value>166</Value></HeartRateBpm>
          <Cadence>73</Cadence>
          <Extensions><ns3:TPX><ns3:Speed>11.897</ns3:Speed><ns3:Watts>290</ns3:Watts></ns3:TPX></Extensions>
        </Trackpoint>
        <Trackpoint>
          <Time>2024-07-15T17:52:36Z</Time>
          <Position><LatitudeDegrees>50.3358352</LatitudeDegrees><LongitudeDegrees>6.9469178</LongitudeDegrees></Position>
          <AltitudeMeters>510.5</AltitudeMeters>
          <DistanceMeters>2951.54</DistanceMeters>
          <HeartRateBpm><Value>165</Value></HeartRateBpm>
          <Cadence>74</Cadence>
          <Extensions><ns3:TPX><ns3:Speed>12.027</ns3:Speed><ns3:Watts>292</ns3:Watts></ns3:TPX></Extensions>
        </Trackpoint>
        <Trackpoint>
          <Time>2024-07-15T17:52:37Z</Time>
          <Position><LatitudeDegrees>50.3357765</LatitudeDegrees><LongitudeDegrees>6.9470620</LongitudeDegrees></Position>
          <AltitudeMeters>510.4</AltitudeMeters>
          <DistanceMeters>2963.67</DistanceMeters>
          <HeartRateBpm><Value>165</Value></HeartRateBpm>
          <Cadence>74</Cadence>
          <Extensions><ns3:TPX><ns3:Speed>12.132</ns3:Speed><ns3:Watts>294</ns3:Watts></ns3:TPX></Extensions>
        </Trackpoint>
        <Trackpoint>
          <Time>2024-07-15T17:52:38Z</Time>
          <Position><LatitudeDegrees>50.3357178</LatitudeDegrees><LongitudeDegrees>6.9472073</LongitudeDegrees></Position>
          <AltitudeMeters>510.3</AltitudeMeters>
          <DistanceMeters>2975.88</DistanceMeters>
          <HeartRateBpm><Value>164</Value></HeartRateBpm>
          <Cadence>74</Cadence>
          <Extensions><ns3:TPX><ns3:Speed>12.211</ns3:Speed><ns3:Watts>296</ns3:Watts></ns3:TPX></Extensions>
        </Trackpoint>
        <Trackpoint>
          <Time>2024-07-15T17:52:39Z</Time>
          <Position><LatitudeDegrees>50.3356589</LatitudeDegrees><LongitudeDegrees>6.9473535</LongitudeDegrees></Position>
          <AltitudeMeters>510.2</AltitudeMeters>
          <DistanceMeters>2988.14</DistanceMeters>
          <HeartRateBpm><Value>163</Value></HeartRateBpm>
          <Cadence>74</Cadence>
          <Extensions><ns3:TPX><ns3:Speed>12.264</ns3:Speed><ns3:Watts>298</ns3:Watts></ns3:TPX></Extensions>
        </Trackpoint>
        <Trackpoint>
          <Time>2024-07-15T17:52:40Z</Time>
          <Position><LatitudeDegrees>50.3356000</LatitudeDegrees><LongitudeDegrees>6.9475000</LongitudeDegrees></Position>
          <AltitudeMeters>510.0</AltitudeMeters>
          <DistanceMeters>3000.43</DistanceMeters>
          <HeartRateBpm><Value>162</Value></HeartRateBpm>
          <Cadence>74</Cadence>
          <Extensions><ns3:TPX><ns3:Speed>12.291</ns3:Speed><ns3:Watts>300</ns3:Watts></ns3:TPX></Extensions>
        </Trackpoint>
        <Trackpoint>
          <Time>2024-07-15T17:52:41Z</Time>
          <Position><LatitudeDegrees>50.3355411</LatitudeDegrees><LongitudeDegrees>6.9476465</LongitudeDegrees></Position>
          <AltitudeMeters>509.8</AltitudeMeters>
          <DistanceMeters>3012.73</DistanceMeters>
          <HeartRateBpm><Value>160</Value></HeartRateBpm>
          <Cadence>74</Cadence>
          <Extensions><ns3:TPX><ns3:Speed>12.291</ns3:Speed><ns3:Watts>301</ns3:Watts></ns3:TPX></Extensions>
        </Trackpoint>
        <Trackpoint>
          <Time>2024-07-15T17:52:42Z</Time>
          <Position><LatitudeDegrees>50.3354822</LatitudeDegrees><LongitudeDegrees>6.9477927</LongitudeDegrees></Position>
          <AltitudeMeters>509.7</AltitudeMeters>
          <DistanceMeters>3024.99</DistanceMeters>
          <HeartRateBpm><Value>159</Value></HeartRateBpm>
          <Cadence>74</Cadence>
          <Extensions><ns3:TPX><ns3:Speed>12.264</ns3:Speed><ns3:Watts>303</ns3:Watts></ns3:TPX></Extensions>
        </Trackpoint>
        <Trackpoint>
          <Time>2024-07-15T17:52:43Z</Time>
          <Position><LatitudeDegrees>50.3354235</LatitudeDegrees><LongitudeDegrees>6.9479380</LongitudeDegrees></Position>
          <AltitudeMeters>509.5</AltitudeMeters>
          <DistanceMeters>3037.20</DistanceMeters>
          <HeartRateBpm><Value>158</Value></HeartRateBpm>
          <Cadence>74</Cadence>
          <Extensions><ns3:TPX><ns3:Speed>12.211</ns3:Speed><ns3:Watts>305</ns3:Watts></ns3:TPX></Extensions>
        </Trackpoint>
        <Trackpoint>
          <Time>2024-07-15T17:52:44Z</Time>
          <Position><LatitudeDegrees>50.3353648</LatitudeDegrees><LongitudeDegrees>6.9480822</LongitudeDegrees></Position>
          <AltitudeMeters>509.3</AltitudeMeters>
          <DistanceMeters>3049.33</DistanceMeters>
          <HeartRateBpm><Value>157</Value></HeartRateBpm>
          <Cadence>75</Cadence>
          <Extensions><ns3:TPX><ns3:Speed>12.132</ns3:Speed><ns3:Watts>307</ns3:Watts></ns3:TPX></Extensions>
        </Trackpoint>
        <Trackpoint>
          <Time>2024-07-15T17:52:45Z</Time>
          <Position><LatitudeDegrees>50.3353063</LatitudeDegrees><LongitudeDegrees>6.9482247</LongitudeDegrees></Position>
          <AltitudeMeters>509.1</AltitudeMeters>
          <DistanceMeters>3061.36</DistanceMeters>
          <HeartRateBpm><Value>157</Value></HeartRateBpm>
          <Cadence>75</Cadence>
          <Extensions><ns3:TPX><ns3:Speed>12.027</ns3:Speed><ns3:Watts>308</ns3:Watts></ns3:TPX></Extensions>
        </Trackpoint>
        <Trackpoint>
          <Time>2024-07-15T17:52:46Z</Time>
          <Position><LatitudeDegrees>50.3352480</LatitudeDegrees><LongitudeDegrees>6.9483652</LongitudeDegrees></Position>
          <AltitudeMeters>508.9</AltitudeMeters>
          <DistanceMeters>3073.26</DistanceMeters>
          <HeartRateBpm><Value>156</Value></HeartRateBpm>
          <Cadence>75</Cadence>
          <Extensions><ns3:TPX><ns3:Speed>11.897</ns3:Speed><ns3:Watts>309</ns3:Watts></ns3:TPX></Extensions>
        </Trackpoint>
        <Trackpoint>
          <Time>2024-07-15T17:52:47Z</Time>
          <Position><LatitudeDegrees>50.3351900</LatitudeDegrees><LongitudeDegrees>6.9485034</LongitudeDegrees></Position>
          <AltitudeMeters>508.7</AltitudeMeters>
          <DistanceMeters>3085.00</DistanceMeters>
          <HeartRateBpm><Value>155</Value></HeartRateBpm>
          <Cadence>75</Cadence>
          <Extensions><ns3:TPX><ns3:Speed>11.741</ns3:Speed><ns3:Watts>311</ns3:Watts></ns3:TPX></Extensions>
        </Trackpoint>
        <Trackpoint>
          <Time>2024-07-15T17:52:48Z</Time>
          <Position><LatitudeDegrees>50.3351322</LatitudeDegrees><LongitudeDegrees>6.9486389</LongitudeDegrees></Position>
          <AltitudeMeters>508.5</AltitudeMeters>
          <DistanceMeters>3096.56</DistanceMeters>
          <HeartRateBpm><Value>155</Value></HeartRateBpm>
          <Cadence>75</Cadence>
          <Extensions><ns3:TPX><ns3:Speed>11.561</ns3:Speed><ns3:Watts>312</ns3:Watts></ns3:TPX></Extensions>
        </Trackpoint>
        <Trackpoint>
          <Time>2024-07-15T17:52:49Z</Time>
          <Position><LatitudeDegrees>50.3350747</LatitudeDegrees><LongitudeDegrees>6.9487712</LongitudeDegrees></Position>
          <AltitudeMeters>508.3</AltitudeMeters>
          <DistanceMeters>3107.92</DistanceMeters>
          <HeartRateBpm><Value>155</Value></HeartRateBpm>
          <Cadence>75</Cadence>
          <Extensions><ns3:TPX><ns3:Speed>11.358</ns3:Speed><ns3:Watts>313</ns3:Watts></ns3:TPX></Extensions>
        </Trackpoint>
        <Trackpoint>
          <Time>2024-07-15T17:52:50Z</Time>
          <Position><LatitudeDegrees>50.3350177</LatitudeDegrees><LongitudeDegrees>6.9489000</LongitudeDegrees></Position>
          <AltitudeMeters>508.1</AltitudeMeters>
          <DistanceMeters>3119.05</DistanceMeters>
          <HeartRateBpm><Value>155</Value></HeartRateBpm>
          <Cadence>76</Cadence>
          <Extensions><ns3:TPX><ns3:Speed>11.131</ns3:Speed><ns3:Watts>313</ns3:Watts></ns3:TPX></Extensions>
        </Trackpoint>
        <Trackpoint>
          <Time>2024-07-15T17:52:51Z</Time>
          <Position><LatitudeDegrees>50.3349610</LatitudeDegrees><LongitudeDegrees>6.9490250</LongitudeDegrees></Position>
          <AltitudeMeters>507.9</AltitudeMeters>
          <DistanceMeters>3129.93</DistanceMeters>
          <HeartRateBpm><Value>155</Value></HeartRateBpm>
          <Cadence>76</Cadence>
          <Extensions><ns3:TPX><ns3:Speed>10.883</ns3:Speed><ns3:Watts>314</ns3:Watts></ns3:TPX></Extensions>
        </Trackpoint>
        <Trackpoint>
          <Time>2024-07-15T17:52:52Z</Time>
          <Position><LatitudeDegrees>50.3349047</LatitudeDegrees><LongitudeDegrees>6.9491458</LongitudeDegrees></Position>
          <AltitudeMeters>507.6</AltitudeMeters>
          <DistanceMeters>3140.55</DistanceMeters>
          <HeartRateBpm><Value>156</Value></HeartRateBpm>
          <Cadence>76</Cadence>
          <Extensions><ns3:TPX><ns3:Speed>10.614</ns3:Speed><ns3:Watts>314</ns3:Watts></ns3:TPX></Extensions>
        </Trackpoint>
        <Trackpoint>
          <Time>2024-07-15T17:52:53Z</Time>
          <Position><LatitudeDegrees>50.3348489</LatitudeDegrees><LongitudeDegrees>6.9492621</LongitudeDegrees></Position>
          <AltitudeMeters>507.4</AltitudeMeters>
          <DistanceMeters>3150.87</DistanceMeters>
          <HeartRateBpm><Value>156</Value></HeartRateBpm>
          <Cadence>76</Cadence>
          <Extensions><ns3:TPX><ns3:Speed>10.325</ns3:Speed><ns3:Watts>314</ns3:Watts></ns3:TPX></Extensions>
        </Trackpoint>
        <Trackpoint>
          <Time>2024-07-15T17:52:54Z</Time>
          <Position><LatitudeDegrees>50.3347937</LatitudeDegrees><LongitudeDegrees>6.9493736</LongitudeDegrees></Position>
          <AltitudeMeters>507.2</AltitudeMeters>
          <DistanceMeters>3160.89</DistanceMeters>
          <HeartRateBpm><Value>157</Value></HeartRateBpm>
          <Cadence>76</Cadence>
          <Extensions><ns3:TPX><ns3:Speed>10.018</ns3:Speed><ns3:Watts>314</ns3:Watts></ns3:TPX></Extensions>
        </Trackpoint>
        <Trackpoint>
          <Time>2024-07-15T17:52:55Z</Time>
          <Position><LatitudeDegrees>50.3347390</LatitudeDegrees><LongitudeDegrees>6.9494799</LongitudeDegrees></Position>
          <AltitudeMeters>507.0</AltitudeMeters>
          <DistanceMeters>3170.58</DistanceMeters>
          <HeartRateBpm><Value>158</Value></HeartRateBpm>
          <Cadence>77</Cadence>
          <Extensions><ns3:TPX><ns3:Speed>9.694</ns3:Speed><ns3:Watts>314</ns3:Watts></ns3:TPX></Extensions>
        </Trackpoint>
        <Trackpoint>
          <Time>2024-07-15T17:52:56Z</Time>
          <Position><LatitudeDegrees>50.3346848</LatitudeDegrees><LongitudeDegrees>6.9495808</LongitudeDegrees></Position>
          <AltitudeMeters>506.8</AltitudeMeters>
          <DistanceMeters>3179.94</DistanceMeters>
          <HeartRateBpm><Value>159</Value></HeartRateBpm>
          <Cadence>77</Cadence>
          <Extensions><ns3:TPX><ns3:Speed>9.355</ns3:Speed><ns3:Watts>313</ns3:Watts></ns3:TPX></Extensions>
        </Trackpoint>
        <Trackpoint>
          <Time>2024-07-15T17:52:57Z</Time>
          <Position><LatitudeDegrees>50.3346314</LatitudeDegrees><LongitudeDegrees>6.9496760</LongitudeDegrees></Position>
          <AltitudeMeters>506.6</AltitudeMeters>
          <DistanceMeters>3188.94</DistanceMeters>
          <HeartRateBpm><Value>160</Value></HeartRateBpm>
          <Cadence>77</Cadence>
          <Extensions><ns3:TPX><ns3:Speed>9.002</ns3:Speed><ns3:Watts>312</ns3:Watts></ns3:TPX></Extensions>
        </Trackpoint>
        <Trackpoint>
          <Time>2024-07-15T17:52:58Z</Time>
          <Position><LatitudeDegrees>50.3345785</LatitudeDegrees><LongitudeDegrees>6.9497652</LongitudeDegrees></Position>
          <AltitudeMeters>506.4</AltitudeMeters>
          <DistanceMeters>3197.58</DistanceMeters>
          <HeartRateBpm><Value>161</Value></HeartRateBpm>
          <Cadence>77</Cadence>
          <Extensions><ns3:TPX><ns3:Speed>8.639</ns3:Speed><ns3:Watts>311</ns3:Watts></ns3:TPX></Extensions>
        </Trackpoint>
        <Trackpoint>
          <Time>2024-07-15T17:52:59Z</Time>
          <Position><LatitudeDegrees>50.3345264</LatitudeDegrees><LongitudeDegrees>6.9498483</LongitudeDegrees></Position>
          <AltitudeMeters>506.2</AltitudeMeters>
          <DistanceMeters>3205.84</DistanceMeters>
          <HeartRateBpm><Value>161</Value></HeartRateBpm>
          <Cadence>77</Cadence>
          <Extensions><ns3:TPX><ns3:Speed>8.266</ns3:Speed><ns3:Watts>310</ns3:Watts></ns3:TPX></Extensions>
        </Trackpoint>
        <Trackpoint>
          <Time>2024-07-15T17:53:00Z</Time>
          <Position><LatitudeDegrees>50.3344750</LatitudeDegrees><LongitudeDegrees>6.9499249</LongitudeDegrees></Position>
          <AltitudeMeters>506.0</AltitudeMeters>
          <DistanceMeters>3213.73</DistanceMeters>
          <HeartRateBpm><Value>162</Value></HeartRateBpm>
          <Cadence>78</Cadence>
          <Extensions><ns3:TPX><ns3:Speed>7.887</ns3:Speed><ns3:Watts>309</ns3:Watts></ns3:TPX></Extensions>
        </Trackpoint>
        <Trackpoint>
          <Time>2024-07-15T17:53:01Z</Time>
          <Position><LatitudeDegrees>50.3344244</LatitudeDegrees><LongitudeDegrees>6.9499948</LongitudeDegrees></Position>
          <AltitudeMeters>505.8</AltitudeMeters>
          <DistanceMeters>3221.24</DistanceMeters>
          <HeartRateBpm><Value>163</Value></HeartRateBpm>
          <Cadence>78</Cadence>
          <Extensions><ns3:TPX><ns3:Speed>7.505</ns3:Speed><ns3:Watts>307</ns3:Watts></ns3:TPX></Extensions>
        </Trackpoint>
        <Trackpoint>
          <Time>2024-07-15T17:53:02Z</Time>
          <Position><LatitudeDegrees>50.3343746</LatitudeDegrees><LongitudeDegrees>6.9500579</LongitudeDegrees></Position>
          <AltitudeMeters>505.6</AltitudeMeters>
          <DistanceMeters>3228.36</DistanceMeters>
          <HeartRateBpm><Value>163</Value></HeartRateBpm>
          <Cadence>78</Cadence>
          <Extensions><ns3:TPX><ns3:Speed>7.124</ns3:Speed><ns3:Watts>305</ns3:Watts></ns3:TPX></Extensions>
        </Trackpoint>
        <Trackpoint>
          <Time>2024-07-15T17:53:03Z</Time>
          <Position><LatitudeDegrees>50.3343256</LatitudeDegrees><LongitudeDegrees>6.9501140</LongitudeDegrees></Position>
          <AltitudeMeters>505.4</AltitudeMeters>
          <DistanceMeters>3235.11</DistanceMeters>
          <HeartRateBpm><Value>164</Value></HeartRateBpm>
          <Cadence>78</Cadence>
          <Extensions><ns3:TPX><ns3:Speed>6.746</ns3:Speed><ns3:Watts>303</ns3:Watts></ns3:TPX></Extensions>
        </Trackpoint>
        <Trackpoint>
          <Time>2024-07-15T17:53:04Z</Time>
          <Position><LatitudeDegrees>50.3342775</LatitudeDegrees><LongitudeDegrees>6.9501630</LongitudeDegrees></Position>
          <AltitudeMeters>505.2</AltitudeMeters>
          <DistanceMeters>3241.48</DistanceMeters>
          <HeartRateBpm><Value>164</Value></HeartRateBpm>
          <Cadence>78</Cadence>
          <Extensions><ns3:TPX><ns3:Speed>6.377</ns3:Speed><ns3:Watts>301</ns3:Watts></ns3:TPX></Extensions>
        </Trackpoint>
        <Trackpoint>
          <Time>2024-07-15T17:53:05Z</Time>
          <Position><LatitudeDegrees>50.3342303</LatitudeDegrees><LongitudeDegrees>6.9502046</LongitudeDegrees></Position>
          <AltitudeMeters>505.1</AltitudeMeters>
          <DistanceMeters>3247.51</DistanceMeters>
          <HeartRateBpm><Value>164</Value></HeartRateBpm>
          <Cadence>79</Cadence>
          <Extensions><ns3:TPX><ns3:Speed>6.023</ns3:Speed><ns3:Watts>299</ns3:Watts></ns3:TPX></Extensions>
        </Trackpoint>
        <Trackpoint>
          <Time>2024-07-15T17:53:06Z</Time>
          <Position><LatitudeDegrees>50.3341840</LatitudeDegrees><LongitudeDegrees>6.9502388</LongitudeDegrees></Position>
          <AltitudeMeters>504.9</AltitudeMeters>
          <DistanceMeters>3253.19</DistanceMeters>
          <HeartRateBpm><Value>164</Value></HeartRateBpm>
          <Cadence>79</Cadence>
          <Extensions><ns3:TPX><ns3:Speed>5.688</ns3:Speed><ns3:Watts>296</ns3:Watts></ns3:TPX></Extensions>
        </Trackpoint>
        <Trackpoint>
          <Time>2024-07-15T17:53:07Z</Time>
          <Position><LatitudeDegrees>50.3341387</LatitudeDegrees><LongitudeDegrees>6.9502655</LongitudeDegrees></Position>
          <AltitudeMeters>504.7</AltitudeMeters>
          <DistanceMeters>3258.57</DistanceMeters>
          <HeartRateBpm><Value>163</Value></HeartRateBpm>
          <Cadence>79</Cadence>
          <Extensions><ns3:TPX><ns3:Speed>5.381</ns3:Speed><ns3:Watts>294</ns3:Watts></ns3:TPX></Extensions>
        </Trackpoint>
        <Trackpoint>
          <Time>2024-07-15T17:53:08Z</Time>
          <Position><LatitudeDegrees>50.3340945</LatitudeDegrees><LongitudeDegrees>6.9502847</LongitudeDegrees></Position>
          <AltitudeMeters>504.5</AltitudeMeters>
          <DistanceMeters>3263.68</DistanceMeters>
          <HeartRateBpm><Value>163</Value></HeartRateBpm>
          <Cadence>79</Cadence>
          <Extensions><ns3:TPX><ns3:Speed>5.108</ns3:Speed><ns3:Watts>291</ns3:Watts></ns3:TPX></Extensions>
        </Trackpoint>
        <Trackpoint>
          <Time>2024-07-15T17:53:09Z</Time>
          <Position><LatitudeDegrees>50.3340512</LatitudeDegrees><LongitudeDegrees>6.9502962</LongitudeDegrees></Position>
          <AltitudeMeters>504.4</AltitudeMeters>
          <DistanceMeters>3268.56</DistanceMeters>
          <HeartRateBpm><Value>162</Value></HeartRateBpm>
          <Cadence>80</Cadence>
          <Extensions><ns3:TPX><ns3:Speed>4.878</ns3:Speed><ns3:Watts>288</ns3:Watts></ns3:TPX></Extensions>
        </Trackpoint>
        <Trackpoint>
          <Time>2024-07-15T17:53:10Z</Time>
          <Position><LatitudeDegrees>50.3340090</LatitudeDegrees><LongitudeDegrees>6.9503000</LongitudeDegrees></Position>
          <AltitudeMeters>504.2</AltitudeMeters>
          <DistanceMeters>3273.26</DistanceMeters>
          <HeartRateBpm><Value>161</Value></HeartRateBpm>
          <Cadence>80</Cadence>
          <Extensions><ns3:TPX><ns3:Speed>4.699</ns3:Speed><ns3:Watts>286</ns3:Watts></ns3:TPX></Extensions>
        </Trackpoint>
        <Trackpoint>
          <Time>2024-07-15T17:53:11Z</Time>
          <Position><LatitudeDegrees>50.3339679</LatitudeDegrees><LongitudeDegrees>6.9502962</LongitudeDegrees></Position>
          <AltitudeMeters>504.0</AltitudeMeters>
          <DistanceMeters>3277.84</DistanceMeters>
          <HeartRateBpm><Value>160</Value></HeartRateBpm>
          <Cadence>80</Cadence>
          <Extensions><ns3:TPX><ns3:Speed>4.578</ns3:Speed><ns3:Watts>283</ns3:Watts></ns3:TPX></Extensions>
        </Trackpoint>
        <Trackpoint>
          <Time>2024-07-15T17:53:12Z</Time>
          <Position><LatitudeDegrees>50.3339279</LatitudeDegrees><LongitudeDegrees>6.9502847</LongitudeDegrees></Position>
          <AltitudeMeters>503.9</AltitudeMeters>
          <DistanceMeters>3282.36</DistanceMeters>
          <HeartRateBpm><Value>158</Value></HeartRateBpm>
          <Cadence>80</Cadence>
          <Extensions><ns3:TPX><ns3:Speed>4.520</ns3:Speed><ns3:Watts>280</ns3:Watts></ns3:TPX></Extensions>
        </Trackpoint>
        <Trackpoint>
          <Time>2024-07-15T17:53:13Z</Time>
          <Position><LatitudeDegrees>50.3338891</LatitudeDegrees><LongitudeDegrees>6.9502655</LongitudeDegrees></Position>
          <AltitudeMeters>503.7</AltitudeMeters>
          <DistanceMeters>3286.89</DistanceMeters>
          <HeartRateBpm><Value>157</Value></HeartRateBpm>
          <Cadence>81</Cadence>
          <Extensions><ns3:TPX><ns3:Speed>4.527</ns3:Speed><ns3:Watts>277</ns3:Watts></ns3:TPX></Extensions>
        </Trackpoint>
        <Trackpoint>
          <Time>2024-07-15T17:53:14Z</Time>
          <Position><LatitudeDegrees>50.3338514</LatitudeDegrees><LongitudeDegrees>6.9502388</LongitudeDegrees></Position>
          <AltitudeMeters>503.5</AltitudeMeters>
          <DistanceMeters>3291.48</DistanceMeters>
          <HeartRateBpm><Value>156</Value></HeartRateBpm>
          <Cadence>81</Cadence>
          <Extensions><ns3:TPX><ns3:Speed>4.597</ns3:Speed><ns3:Watts>275</ns3:Watts></ns3:TPX></Extensions>
        </Trackpoint>
        <Trackpoint>
          <Time>2024-07-15T17:53:15Z</Time>
          <Position><LatitudeDegrees>50.3338150</LatitudeDegrees><LongitudeDegrees>6.9502046</LongitudeDegrees></Position>
          <AltitudeMeters>503.4</AltitudeMeters>
          <DistanceMeters>3296.21</DistanceMeters>
          <HeartRateBpm><Value>154</Value></HeartRateBpm>
          <Cadence>81</Cadence>
          <Extensions><ns3:TPX><ns3:Speed>4.727</ns3:Speed><ns3:Watts>272</ns3:Watts></ns3:TPX></Extensions>
        </Trackpoint>
        <Trackpoint>
          <Time>2024-07-15T17:53:16Z</Time>
          <Position><LatitudeDegrees>50.3337797</LatitudeDegrees><LongitudeDegrees>6.9501630</LongitudeDegrees></Position>
          <AltitudeMeters>503.2</AltitudeMeters>
          <DistanceMeters>3301.12</DistanceMeters>
          <HeartRateBpm><Value>153</Value></HeartRateBpm>
          <Cadence>81</Cadence>
          <Extensions><ns3:TPX><ns3:Speed>4.908</ns3:Speed><ns3:Watts>269</ns3:Watts></ns3:TPX></Extensions>
        </Trackpoint>
        <Trackpoint>
          <Time>2024-07-15T17:53:17Z</Time>
          <Position><LatitudeDegrees>50.3337457</LatitudeDegrees><LongitudeDegrees>6.9501140</LongitudeDegrees></Position>
          <AltitudeMeters>503.0</AltitudeMeters>
          <DistanceMeters>3306.25</DistanceMeters>
          <HeartRateBpm><Value>151</Value></HeartRateBpm>
          <Cadence>81</Cadence>
          <Extensions><ns3:TPX><ns3:Speed>5.133</ns3:Speed><ns3:Watts>267</ns3:Watts></ns3:TPX></Extensions>
        </Trackpoint>
        <Trackpoint>
          <Time>2024-07-15T17:53:18Z</Time>
          <Position><LatitudeDegrees>50.3337130</LatitudeDegrees><LongitudeDegrees>6.9500579</LongitudeDegrees></Position>
          <AltitudeMeters>502.9</AltitudeMeters>
          <DistanceMeters>3311.65</DistanceMeters>
          <HeartRateBpm><Value>150</Value></HeartRateBpm>
          <Cadence>82</Cadence>
          <Extensions><ns3:TPX><ns3:Speed>5.394</ns3:Speed><ns3:Watts>264</ns3:Watts></ns3:TPX></Extensions>
        </Trackpoint>
        <Trackpoint>
          <Time>2024-07-15T17:53:19Z</Time>
          <Position><LatitudeDegrees>50.3336816</LatitudeDegrees><LongitudeDegrees>6.9499948</LongitudeDegrees></Position>
          <AltitudeMeters>502.7</AltitudeMeters>
          <DistanceMeters>3317.33</DistanceMeters>
          <HeartRateBpm><Value>149</Value></HeartRateBpm>
          <Cadence>82</Cadence>
          <Extensions><ns3:TPX><ns3:Speed>5.682</ns3:Speed><ns3:Watts>262</ns3:Watts></ns3:TPX></Extensions>
        </Trackpoint>
        <Trackpoint>
          <Time>2024-07-15T17:53:20Z</Time>
          <Position><LatitudeDegrees>50.3336514</LatitudeDegrees><LongitudeDegrees>6.9499249</LongitudeDegrees></Position>
          <AltitudeMeters>502.5</AltitudeMeters>
          <DistanceMeters>3323.32</DistanceMeters>
          <HeartRateBpm><Value>148</Value></HeartRateBpm>
          <Cadence>82</Cadence>
          <Extensions><ns3:TPX><ns3:Speed>5.989</ns3:Speed><ns3:Watts>260</ns3:Watts></ns3:TPX></Extensions>
        </Trackpoint>
        <Trackpoint>
          <Time>2024-07-15T17:53:21Z</Time>
          <Position><LatitudeDegrees>50.3336227</LatitudeDegrees><LongitudeDegrees>6.9498483</LongitudeDegrees></Position>
          <AltitudeMeters>502.3</AltitudeMeters>
          <DistanceMeters>3329.62</DistanceMeters>
          <HeartRateBpm><Value>147</Value></HeartRateBpm>
          <Cadence>82</Cadence>
          <Extensions><ns3:TPX><ns3:Speed>6.308</ns3:Speed><ns3:Watts>258</ns3:Watts></ns3:TPX></Extensions>
        </Trackpoint>
        <Trackpoint>
          <Time>2024-07-15T17:53:22Z</Time>
          <Position><LatitudeDegrees>50.3335952</LatitudeDegrees><LongitudeDegrees>6.9497652</LongitudeDegrees></Position>
          <AltitudeMeters>502.1</AltitudeMeters>
          <DistanceMeters>3336.26</DistanceMeters>
          <HeartRateBpm><Value>146</Value></HeartRateBpm>
          <Cadence>83</Cadence>
          <Extensions><ns3:TPX><ns3:Speed>6.636</ns3:Speed><ns3:Watts>256</ns3:Watts></ns3:TPX></Extensions>
        </Trackpoint>
        <Trackpoint>
          <Time>2024-07-15T17:53:23Z</Time>
          <Position><LatitudeDegrees>50.3335692</LatitudeDegrees><LongitudeDegrees>6.9496760</LongitudeDegrees></Position>
          <AltitudeMeters>501.9</AltitudeMeters>
          <DistanceMeters>3343.23</DistanceMeters>
          <HeartRateBpm><Value>146</Value></HeartRateBpm>
          <Cadence>83</Cadence>
          <Extensions><ns3:TPX><ns3:Speed>6.965</ns3:Speed><ns3:Watts>255</ns3:Watts></ns3:TPX></Extensions>
        </Trackpoint>
        <Trackpoint>
          <Time>2024-07-15T17:53:24Z</Time>
          <Position><LatitudeDegrees>50.3335445</LatitudeDegrees><LongitudeDegrees>6.9495808</LongitudeDegrees></Position>
          <AltitudeMeters>501.7</AltitudeMeters>
          <DistanceMeters>3350.52</DistanceMeters>
          <HeartRateBpm><Value>146</Value></HeartRateBpm>
          <Cadence>83</Cadence>
          <Extensions><ns3:TPX><ns3:Speed>7.292</ns3:Speed><ns3:Watts>253</ns3:Watts></ns3:TPX></Extensions>
        </Trackpoint>
        <Trackpoint>
          <Time>2024-07-15T17:53:25Z</Time>
          <Position><LatitudeDegrees>50.3335213</LatitudeDegrees><LongitudeDegrees>6.9494799</LongitudeDegrees></Position>
          <AltitudeMeters>501.5</AltitudeMeters>
          <DistanceMeters>3358.13</DistanceMeters>
          <HeartRateBpm><Value>145</Value></HeartRateBpm>
          <Cadence>83</Cadence>
          <Extensions><ns3:TPX><ns3:Speed>7.614</ns3:Speed><ns3:Watts>252</ns3:Watts></ns3:TPX></Extensions>
        </Trackpoint>
        <Trackpoint>
          <Time>2024-07-15T17:53:26Z</Time>
          <Position><LatitudeDegrees>50.3334994</LatitudeDegrees><LongitudeDegrees>6.9493736</LongitudeDegrees></Position>
          <AltitudeMeters>501.3</AltitudeMeters>
          <DistanceMeters>3366.06</DistanceMeters>
          <HeartRateBpm><Value>146</Value></HeartRateBpm>
          <Cadence>84</Cadence>
          <Extensions><ns3:TPX><ns3:Speed>7.928</ns3:Speed><ns3:Watts>251</ns3:Watts></ns3:TPX></Extensions>
        </Trackpoint>
        <Trackpoint>
          <Time>2024-07-15T17:53:27Z</Time>
          <Position><LatitudeDegrees>50.3334791</LatitudeDegrees><LongitudeDegrees>6.9492621</LongitudeDegrees></Position>
          <AltitudeMeters>501.1</AltitudeMeters>
          <DistanceMeters>3374.29</DistanceMeters>
          <HeartRateBpm><Value>146</Value></HeartRateBpm>
          <Cadence>84</Cadence>
          <Extensions><ns3:TPX><ns3:Speed>8.230</ns3:Speed><ns3:Watts>250</ns3:Watts></ns3:TPX></Extensions>
        </Trackpoint>
        <Trackpoint>
          <Time>2024-07-15T17:53:28Z</Time>
          <Position><LatitudeDegrees>50.3334601</LatitudeDegrees><LongitudeDegrees>6.9491458</LongitudeDegrees></Position>
          <AltitudeMeters>500.8</AltitudeMeters>
          <DistanceMeters>3382.81</DistanceMeters>
          <HeartRateBpm><Value>146</Value></HeartRateBpm>
          <Cadence>84</Cadence>
          <Extensions><ns3:TPX><ns3:Speed>8.519</ns3:Speed><ns3:Watts>250</ns3:Watts></ns3:TPX></Extensions>
        </Trackpoint>
        <Trackpoint>
          <Time>2024-07-15T17:53:29Z</Time>
          <Position><LatitudeDegrees>50.3334427</LatitudeDegrees><LongitudeDegrees>6.9490250</LongitudeDegrees></Position>
          <AltitudeMeters>500.6</AltitudeMeters>
          <DistanceMeters>3391.60</DistanceMeters>
          <HeartRateBpm><Value>147</Value></HeartRateBpm>
          <Cadence>84</Cadence>
          <Extensions><ns3:TPX><ns3:Speed>8.792</ns3:Speed><ns3:Watts>249</ns3:Watts></ns3:TPX></Extensions>
        </Trackpoint>
        <Trackpoint>
          <Time>2024-07-15T17:53:30Z</Time>
          <Position><LatitudeDegrees>50.3334267</LatitudeDegrees><LongitudeDegrees>6.9489000</LongitudeDegrees></Position>
          <AltitudeMeters>500.3</AltitudeMeters>
          <DistanceMeters>3400.65</DistanceMeters>
          <HeartRateBpm><Value>147</Value></HeartRateBpm>
          <Cadence>84</Cadence>
          <Extensions><ns3:TPX><ns3:Speed>9.048</ns3:Speed><ns3:Watts>249</ns3:Watts></ns3:TPX></Extensions>
        </Trackpoint>
        <Trackpoint>
          <Time>2024-07-15T17:53:31Z</Time>
          <Position><LatitudeDegrees>50.3334122</LatitudeDegrees><LongitudeDegrees>6.9487712</LongitudeDegrees></Position>
          <AltitudeMeters>500.0</AltitudeMeters>
          <DistanceMeters>3409.93</DistanceMeters>
          <HeartRateBpm><Value>148</Value></HeartRateBpm>
          <Cadence>85</Cadence>
          <Extensions><ns3:TPX><ns3:Speed>9.285</ns3:Speed><ns3:Watts>249</ns3:Watts></ns3:TPX></Extensions>
        </Trackpoint>
        <Trackpoint>
          <Time>2024-07-15T17:53:32Z</Time>
          <Position><LatitudeDegrees>50.3333992</LatitudeDegrees><LongitudeDegrees>6.9486389</LongitudeDegrees></Position>
          <AltitudeMeters>499.7</AltitudeMeters>
          <DistanceMeters>3419.44</DistanceMeters>
          <HeartRateBpm><Value>149</Value></HeartRateBpm>
          <Cadence>85</Cadence>
          <Extensions><ns3:TPX><ns3:Speed>9.502</ns3:Speed><ns3:Watts>248</ns3:Watts></ns3:TPX></Extensions>
        </Trackpoint>
        <Trackpoint>
          <Time>2024-07-15T17:53:33Z</Time>
          <Position><LatitudeDegrees>50.3333877</LatitudeDegrees><LongitudeDegrees>6.9485034</LongitudeDegrees></Position>
          <AltitudeMeters>499.4</AltitudeMeters>
          <DistanceMeters>3429.13</DistanceMeters>
          <HeartRateBpm><Value>149</Value></HeartRateBpm>
          <Cadence>85</Cadence>
          <Extensions><ns3:TPX><ns3:Speed>9.697</ns3:Speed><ns3:Watts>249</ns3:Watts></ns3:TPX></Extensions>
        </Trackpoint>
        <Trackpoint>
          <Time>2024-07-15T17:53:34Z</Time>
          <Position><LatitudeDegrees>50.3333777</LatitudeDegrees><LongitudeDegrees>6.9483652</LongitudeDegrees></Position>
          <AltitudeMeters>499.1</AltitudeMeters>
          <DistanceMeters>3439.00</DistanceMeters>
          <HeartRateBpm><Value>150</Value></HeartRateBpm>
          <Cadence>85</Cadence>
          <Extensions><ns3:TPX><ns3:Speed>9.870</ns3:Speed><ns3:Watts>249</ns3:Watts></ns3:TPX></Extensions>
        </Trackpoint>
        <Trackpoint>
          <Time>2024-07-15T17:53:35Z</Time>
          <Position><LatitudeDegrees>50.3333692</LatitudeDegrees><LongitudeDegrees>6.9482247</LongitudeDegrees></Position>
          <AltitudeMeters>498.8</AltitudeMeters>
          <DistanceMeters>3449.02</DistanceMeters>
          <HeartRateBpm><Value>150</Value></HeartRateBpm>
          <Cadence>86</Cadence>
          <Extensions><ns3:TPX><ns3:Speed>10.020</ns3:Speed><ns3:Watts>249</ns3:Watts></ns3:TPX></Extensions>
        </Trackpoint>
        <Trackpoint>
          <Time>2024-07-15T17:53:36Z</Time>
          <Position><LatitudeDegrees>50.3333623</LatitudeDegrees><LongitudeDegrees>6.9480822</LongitudeDegrees></Position>
          <AltitudeMeters>498.5</AltitudeMeters>
          <DistanceMeters>3459.17</DistanceMeters>
          <HeartRateBpm><Value>151</Value></HeartRateBpm>
          <Cadence>86</Cadence>
          <Extensions><ns3:TPX><ns3:Speed>10.146</ns3:Speed><ns3:Watts>250</ns3:Watts></ns3:TPX></Extensions>
        </Trackpoint>
        <Trackpoint>
          <Time>2024-07-15T17:53:37Z</Time>
          <Position><LatitudeDegrees>50.3333569</LatitudeDegrees><LongitudeDegrees>6.9479380</LongitudeDegrees></Position>
          <AltitudeMeters>498.1</AltitudeMeters>
          <DistanceMeters>3469.42</DistanceMeters>
          <HeartRateBpm><Value>151</Value></HeartRateBpm>
          <Cadence>86</Cadence>
          <Extensions><ns3:TPX><ns3:Speed>10.248</ns3:Speed><ns3:Watts>250</ns3:Watts></ns3:TPX></Extensions>
        </Trackpoint>
        <Trackpoint>
          <Time>2024-07-15T17:53:38Z</Time>
          <Position><LatitudeDegrees>50.3333531</LatitudeDegrees><LongitudeDegrees>6.9477927</LongitudeDegrees></Position>
          <AltitudeMeters>497.8</AltitudeMeters>
          <DistanceMeters>3479.74</DistanceMeters>
          <HeartRateBpm><Value>151</Value></HeartRateBpm>
          <Cadence>86</Cadence>
          <Extensions><ns3:TPX><ns3:Speed>10.325</ns3:Speed><ns3:Watts>251</ns3:Watts></ns3:TPX></Extensions>
        </Trackpoint>
        <Trackpoint>
          <Time>2024-07-15T17:53:39Z</Time>
          <Position><LatitudeDegrees>50.3333508</LatitudeDegrees><LongitudeDegrees>6.9476465</LongitudeDegrees></Position>
          <AltitudeMeters>497.4</AltitudeMeters>
          <DistanceMeters>3490.12</DistanceMeters>
          <HeartRateBpm><Value>151</Value></HeartRateBpm>
          <Cadence>86</Cadence>
          <Extensions><ns3:TPX><ns3:Speed>10.376</ns3:Speed><ns3:Watts>251</ns3:Watts></ns3:TPX></Extensions>
        </Trackpoint>
        <Trackpoint>
          <Time>2024-07-15T17:53:40Z</Time>
          <Position><LatitudeDegrees>50.3333500</LatitudeDegrees><LongitudeDegrees>6.9475000</LongitudeDegrees></Position>
          <AltitudeMeters>497.0</AltitudeMeters>
          <DistanceMeters>3500.52</DistanceMeters>
          <HeartRateBpm><Value>151</Value></HeartRateBpm>
          <Cadence>87</Cadence>
          <Extensions><ns3:TPX><ns3:Speed>10.402</ns3:Speed><ns3:Watts>252</ns3:Watts></ns3:TPX></Extensions>
        </Trackpoint>
        <Trackpoint>
          <Time>2024-07-15T17:53:41Z</Time>
          <Position><LatitudeDegrees>50.3333508</LatitudeDegrees><LongitudeDegrees>6.9473535</LongitudeDegrees></Position>
          <AltitudeMeters>496.6</AltitudeMeters>
          <DistanceMeters>3510.92</DistanceMeters>
          <HeartRateBpm><Value>150</Value></HeartRateBpm>
          <Cadence>87</Cadence>
          <Extensions><ns3:TPX><ns3:Speed>10.402</ns3:Speed><ns3:Watts>253</ns3:Watts></ns3:TPX></Extensions>
        </Trackpoint>
        <Trackpoint>
          <Time>2024-07-15T17:53:42Z</Time>
          <Position><LatitudeDegrees>50.3333531</LatitudeDegrees><LongitudeDegrees>6.9472073</LongitudeDegrees></Position>
          <AltitudeMeters>496.2</AltitudeMeters>
          <DistanceMeters>3521.30</DistanceMeters>
          <HeartRateBpm><Value>149</Value></HeartRateBpm>
          <Cadence>87</Cadence>
          <Extensions><ns3:TPX><ns3:Speed>10.376</ns3:Speed><ns3:Watts>253</ns3:Watts></ns3:TPX></Extensions>
        </Trackpoint>
        <Trackpoint>
          <Time>2024-07-15T17:53:43Z</Time>
          <Position><LatitudeDegrees>50.3333569</LatitudeDegrees><LongitudeDegrees>6.9470620</LongitudeDegrees></Position>
          <AltitudeMeters>495.8</AltitudeMeters>
          <DistanceMeters>3531.62</DistanceMeters>
          <HeartRateBpm><Value>148</Value></HeartRateBpm>
          <Cadence>87</Cadence>
          <Extensions><ns3:TPX><ns3:Speed>10.325</ns3:Speed><ns3:Watts>254</ns3:Watts></ns3:TPX></Extensions>
        </Trackpoint>
        <Trackpoint>
          <Time>2024-07-15T17:53:44Z</Time>
          <Position><LatitudeDegrees>50.3333623</LatitudeDegrees><LongitudeDegrees>6.9469178</LongitudeDegrees></Position>
          <AltitudeMeters>495.3</AltitudeMeters>
          <DistanceMeters>3541.87</DistanceMeters>
          <HeartRateBpm><Value>147</Value></HeartRateBpm>
          <Cadence>87</Cadence>
          <Extensions><ns3:TPX><ns3:Speed>10.248</ns3:Speed><ns3:Watts>254</ns3:Watts></ns3:TPX></Extensions>
        </Trackpoint>
        <Trackpoint>
          <Time>2024-07-15T17:53:45Z</Time>
          <Position><LatitudeDegrees>50.3333692</LatitudeDegrees><LongitudeDegrees>6.9467753</LongitudeDegrees></Position>
          <AltitudeMeters>494.9</AltitudeMeters>
          <DistanceMeters>3552.02</DistanceMeters>
          <HeartRateBpm><Value>146</Value></HeartRateBpm>
          <Cadence>88</Cadence>
          <Extensions><ns3:TPX><ns3:Speed>10.146</ns3:Speed><ns3:Watts>255</ns3:Watts></ns3:TPX></Extensions>
        </Trackpoint>
        <Trackpoint>
          <Time>2024-07-15T17:53:46Z</Time>
          <Position><LatitudeDegrees>50.3333777</LatitudeDegrees><LongitudeDegrees>6.9466348</LongitudeDegrees></Position>
          <AltitudeMeters>494.4</AltitudeMeters>
          <DistanceMeters>3562.04</DistanceMeters>
          <HeartRateBpm><Value>145</Value></HeartRateBpm>
          <Cadence>88</Cadence>
          <Extensions><ns3:TPX><ns3:Speed>10.020</ns3:Speed><ns3:Watts>255</ns3:Watts></ns3:TPX></Extensions>
        </Trackpoint>
        <Trackpoint>
          <Time>2024-07-15T17:53:47Z</Time>
          <Position><LatitudeDegrees>50.3333877</LatitudeDegrees><LongitudeDegrees>6.9464966</LongitudeDegrees></Position>
          <AltitudeMeters>494.0</AltitudeMeters>
          <DistanceMeters>3571.91</DistanceMeters>
          <HeartRateBpm><Value>143</Value></HeartRateBpm>
          <Cadence>88</Cadence>
          <Extensions><ns3:TPX><ns3:Speed>9.870</ns3:Speed><ns3:Watts>255</ns3:Watts></ns3:TPX></Extensions>
        </Trackpoint>
        <Trackpoint>
          <Time>2024-07-15T17:53:48Z</Time>
          <Position><LatitudeDegrees>50.3333992</LatitudeDegrees><LongitudeDegrees>6.9463611</LongitudeDegrees></Position>
          <AltitudeMeters>493.5</AltitudeMeters>
          <DistanceMeters>3581.60</DistanceMeters>
          <HeartRateBpm><Value>142</Value></HeartRateBpm>
          <Cadence>88</Cadence>
          <Extensions><ns3:TPX><ns3:Speed>9.697</ns3:Speed><ns3:Watts>256</ns3:Watts></ns3:TPX></Extensions>
        </Trackpoint>
        <Trackpoint>
          <Time>2024-07-15T17:53:49Z</Time>
          <Position><LatitudeDegrees>50.3334122</LatitudeDegrees><LongitudeDegrees>6.9462288</LongitudeDegrees></Position>
          <AltitudeMeters>493.0</AltitudeMeters>
          <DistanceMeters>3591.11</DistanceMeters>
          <HeartRateBpm><Value>140</Value></HeartRateBpm>
          <Cadence>88</Cadence>
          <Extensions><ns3:TPX><ns3:Speed>9.502</ns3:Speed><ns3:Watts>255</ns3:Watts></ns3:TPX></Extensions>
        </Trackpoint>
        <Trackpoint>
          <Time>2024-07-15T17:53:50Z</Time>
          <Position><LatitudeDegrees>50.3334267</LatitudeDegrees><LongitudeDegrees>6.9461000</LongitudeDegrees></Position>
          <AltitudeMeters>492.5</AltitudeMeters>
          <DistanceMeters>3600.39</DistanceMeters>
          <HeartRateBpm><Value>139</Value></HeartRateBpm>
          <Cadence>88</Cadence>
          <Extensions><ns3:TPX><ns3:Speed>9.285</ns3:Speed><ns3:Watts>255</ns3:Watts></ns3:TPX></Extensions>
        </Trackpoint>
        <Trackpoint>
          <Time>2024-07-15T17:53:51Z</Time>
          <Position><LatitudeDegrees>50.3334427</LatitudeDegrees><LongitudeDegrees>6.9459750</LongitudeDegrees></Position>
          <AltitudeMeters>492.0</AltitudeMeters>
          <DistanceMeters>3609.44</DistanceMeters>
          <HeartRateBpm><Value>137</Value></HeartRateBpm>
          <Cadence>88</Cadence>
          <Extensions><ns3:TPX><ns3:Speed>9.048</ns3:Speed><ns3:Watts>255</ns3:Watts></ns3:TPX></Extensions>
        </Trackpoint>
        <Trackpoint>
          <Time>2024-07-15T17:53:52Z</Time>
          <Position><LatitudeDegrees>50.3334601</LatitudeDegrees><LongitudeDegrees>6.9458542</LongitudeDegrees></Position>
          <AltitudeMeters>491.5</AltitudeMeters>
          <DistanceMeters>3618.23</DistanceMeters>
          <HeartRateBpm><Value>136</Value></HeartRateBpm>
          <Cadence>89</Cadence>
          <Extensions><ns3:TPX><ns3:Speed>8.792</ns3:Speed><ns3:Watts>254</ns3:Watts></ns3:TPX></Extensions>
        </Trackpoint>
        <Trackpoint>
          <Time>2024-07-15T17:53:53Z</Time>
          <Position><LatitudeDegrees>50.3334791</LatitudeDegrees><LongitudeDegrees>6.9457379</LongitudeDegrees></Position>
          <AltitudeMeters>491.0</AltitudeMeters>
          <DistanceMeters>3626.75</DistanceMeters>
          <HeartRateBpm><Value>134</Value></HeartRateBpm>
          <Cadence>89</Cadence>
          <Extensions><ns3:TPX><ns3:Speed>8.519</ns3:Speed><ns3:Watts>254</ns3:Watts></ns3:TPX></Extensions>
        </Trackpoint>
        <Trackpoint>
          <Time>2024-07-15T17:53:54Z</Time>
          <Position><LatitudeDegrees>50.3334994</LatitudeDegrees><LongitudeDegrees>6.9456264</LongitudeDegrees></Position>
          <AltitudeMeters>490.5</AltitudeMeters>
          <DistanceMeters>3634.98</DistanceMeters>
          <HeartRateBpm><Value>133</Value></HeartRateBpm>
          <Cadence>89</Cadence>
          <Extensions><ns3:TPX><ns3:Speed>8.230</ns3:Speed><ns3:Watts>253</ns3:Watts></ns3:TPX></Extensions>
        </Trackpoint>
        <Trackpoint>
          <Time>2024-07-15T17:53:55Z</Time>
          <Position><LatitudeDegrees>50.3335213</LatitudeDegrees><LongitudeDegrees>6.9455201</LongitudeDegrees></Position>
          <AltitudeMeters>490.0</AltitudeMeters>
          <DistanceMeters>3642.91</DistanceMeters>
          <HeartRateBpm><Value>132</Value></HeartRateBpm>
          <Cadence>89</Cadence>
          <Extensions><ns3:TPX><ns3:Speed>7.928</ns3:Speed><ns3:Watts>252</ns3:Watts></ns3:TPX></Extensions>
        </Trackpoint>
        <Trackpoint>
          <Time>2024-07-15T17:53:56Z</Time>
          <Position><LatitudeDegrees>50.3335445</LatitudeDegrees><LongitudeDegrees>6.9454192</LongitudeDegrees></Position>
          <AltitudeMeters>489.5</AltitudeMeters>
          <DistanceMeters>3650.52</DistanceMeters>
          <HeartRateBpm><Value>132</Value></HeartRateBpm>
          <Cadence>89</Cadence>
          <Extensions><ns3:TPX><ns3:Speed>7.614</ns3:Speed><ns3:Watts>251</ns3:Watts></ns3:TPX></Extensions>
        </Trackpoint>
        <Trackpoint>
          <Time>2024-07-15T17:53:57Z</Time>
          <Position><LatitudeDegrees>50.3335692</LatitudeDegrees><LongitudeDegrees>6.9453240</LongitudeDegrees></Position>
          <AltitudeMeters>489.0</AltitudeMeters>
          <DistanceMeters>3657.82</DistanceMeters>
          <HeartRateBpm><Value>131</Value></HeartRateBpm>
          <Cadence>89</Cadence>
          <Extensions><ns3:TPX><ns3:Speed>7.292</ns3:Speed><ns3:Watts>249</ns3:Watts></ns3:TPX></Extensions>
        </Trackpoint>
        <Trackpoint>
          <Time>2024-07-15T17:53:58Z</Time>
          <Position><LatitudeDegrees>50.3335952</LatitudeDegrees><LongitudeDegrees>6.9452348</LongitudeDegrees></Position>
          <AltitudeMeters>488.5</AltitudeMeters>
          <DistanceMeters>3664.78</DistanceMeters>
          <HeartRateBpm><Value>131</Value></HeartRateBpm>
          <Cadence>89</Cadence>
          <Extensions><ns3:TPX><ns3:Speed>6.965</ns3:Speed><ns3:Watts>248</ns3:Watts></ns3:TPX></Extensions>
        </Trackpoint>
        <Trackpoint>
          <Time>2024-07-15T17:53:59Z</Time>
          <Position><LatitudeDegrees>50.3336227</LatitudeDegrees><LongitudeDegrees>6.9451517</LongitudeDegrees></Position>
          <AltitudeMeters>488.0</AltitudeMeters>
          <DistanceMeters>3671.42</DistanceMeters>
          <HeartRateBpm><Value>131</Value></HeartRateBpm>
          <Cadence>90</Cadence>
          <Extensions><ns3:TPX><ns3:Speed>6.636</ns3:Speed><ns3:Watts>246</ns3:Watts></ns3:TPX></Extensions>
        </Trackpoint>
        <Trackpoint>
          <Time>2024-07-15T17:54:00Z</Time>
          <Position><LatitudeDegrees>50.3336514</LatitudeDegrees><LongitudeDegrees>6.9450751</LongitudeDegrees></Position>
          <AltitudeMeters>487.5</AltitudeMeters>
          <DistanceMeters>3677.72</DistanceMeters>
          <HeartRateBpm><Value>131</Value></HeartRateBpm>
          <Cadence>90</Cadence>
          <Extensions><ns3:TPX><ns3:Speed>6.308</ns3:Speed><ns3:Watts>244</ns3:Watts></ns3:TPX></Extensions>
        </Trackpoint>
        <Trackpoint>
          <Time>2024-07-15T17:54:01Z</Time>
          <Position><LatitudeDegrees>50.3336816</LatitudeDegrees><LongitudeDegrees>6.9450052</LongitudeDegrees></Position>
          <AltitudeMeters>487.0</AltitudeMeters>
          <DistanceMeters>3683.71</DistanceMeters>
          <HeartRateBpm><Value>131</Value></HeartRateBpm>
          <Cadence>90</Cadence>
          <Extensions><ns3:TPX><ns3:Speed>5.989</ns3:Speed><ns3:Watts>242</ns3:Watts></ns3:TPX></Extensions>
        </Trackpoint>
        <Trackpoint>
          <Time>2024-07-15T17:54:02Z</Time>
          <Position><LatitudeDegrees>50.3337130</LatitudeDegrees><LongitudeDegrees>6.9449421</LongitudeDegrees></Position>
          <AltitudeMeters>486.5</AltitudeMeters>
          <DistanceMeters>3689.39</DistanceMeters>
          <HeartRateBpm><Value>131</Value></HeartRateBpm>
          <Cadence>90</Cadence>
          <Extensions><ns3:TPX><ns3:Speed>5.682</ns3:Speed><ns3:Watts>240</ns3:Watts></ns3:TPX></Extensions>
        </Trackpoint>
        <Trackpoint>
          <Time>2024-07-15T17:54:03Z</Time>
          <Position><LatitudeDegrees>50.3337457</LatitudeDegrees><LongitudeDegrees>6.9448860</LongitudeDegrees></Position>
          <AltitudeMeters>486.0</AltitudeMeters>
          <DistanceMeters>3694.79</DistanceMeters>
          <HeartRateBpm><Value>132</Value></HeartRateBpm>
          <Cadence>90</Cadence>
          <Extensions><ns3:TPX><ns3:Speed>5.394</ns3:Speed><ns3:Watts>237</ns3:Watts></ns3:TPX></Extensions>
        </Trackpoint>
        <Trackpoint>
          <Time>2024-07-15T17:54:04Z</Time>
          <Position><LatitudeDegrees>50.3337797</LatitudeDegrees><LongitudeDegrees>6.9448370</LongitudeDegrees></Position>
          <AltitudeMeters>485.6</AltitudeMeters>
          <DistanceMeters>3699.92</DistanceMeters>
          <HeartRateBpm><Value>133</Value></HeartRateBpm>
          <Cadence>90</Cadence>
          <Extensions><ns3:TPX><ns3:Speed>5.133</ns3:Speed><ns3:Watts>235</ns3:Watts></ns3:TPX></Extensions>
        </Trackpoint>
        <Trackpoint>
          <Time>2024-07-15T17:54:05Z</Time>
          <Position><LatitudeDegrees>50.3338150</LatitudeDegrees><LongitudeDegrees>6.9447954</LongitudeDegrees></Position>
          <AltitudeMeters>485.1</AltitudeMeters>
          <DistanceMeters>3704.83</DistanceMeters>
          <HeartRateBpm><Value>133</Value></HeartRateBpm>
          <Cadence>90</Cadence>
          <Extensions><ns3:TPX><ns3:Speed>4.908</ns3:Speed><ns3:Watts>232</ns3:Watts></ns3:TPX></Extensions>
        </Trackpoint>
        <Trackpoint>
          <Time>2024-07-15T17:54:06Z</Time>
          <Position><LatitudeDegrees>50.3338514</LatitudeDegrees><LongitudeDegrees>6.9447612</LongitudeDegrees></Position>
          <AltitudeMeters>484.7</AltitudeMeters>
          <DistanceMeters>3709.56</DistanceMeters>
          <HeartRateBpm><Value>134</Value></HeartRateBpm>
          <Cadence>90</Cadence>
          <Extensions><ns3:TPX><ns3:Speed>4.727</ns3:Speed><ns3:Watts>229</ns3:Watts></ns3:TPX></Extensions>
        </Trackpoint>
        <Trackpoint>
          <Time>2024-07-15T17:54:07Z</Time>
          <Position><LatitudeDegrees>50.3338891</LatitudeDegrees><LongitudeDegrees>6.9447345</LongitudeDegrees></Position>
          <AltitudeMeters>484.2</AltitudeMeters>
          <DistanceMeters>3714.15</DistanceMeters>
          <HeartRateBpm><Value>135</Value></HeartRateBpm>
          <Cadence>90</Cadence>
          <Extensions><ns3:TPX><ns3:Speed>4.597</ns3:Speed><ns3:Watts>227</ns3:Watts></ns3:TPX></Extensions>
        </Trackpoint>
        <Trackpoint>
          <Time>2024-07-15T17:54:08Z</Time>
          <Position><LatitudeDegrees>50.3339279</LatitudeDegrees><LongitudeDegrees>6.9447153</LongitudeDegrees></Position>
          <AltitudeMeters>483.8</AltitudeMeters>
          <DistanceMeters>3718.68</DistanceMeters>
          <HeartRateBpm><Value>136</Value></HeartRateBpm>
          <Cadence>90</Cadence>
          <Extensions><ns3:TPX><ns3:Speed>4.527</ns3:Speed><ns3:Watts>224</ns3:Watts></ns3:TPX></Extensions>
        </Trackpoint>
        <Trackpoint>
          <Time>2024-07-15T17:54:09Z</Time>
          <Position><LatitudeDegrees>50.3339679</LatitudeDegrees><LongitudeDegrees>6.9447038</LongitudeDegrees></Position>
          <AltitudeMeters>483.4</AltitudeMeters>
          <DistanceMeters>3723.20</DistanceMeters>
          <HeartRateBpm><Value>136</Value></HeartRateBpm>
          <Cadence>90</Cadence>
          <Extensions><ns3:TPX><ns3:Speed>4.520</ns3:Speed><ns3:Watts>221</ns3:Watts></ns3:TPX></Extensions>
        </Trackpoint>
        <Trackpoint>
          <Time>2024-07-15T17:54:10Z</Time>
          <Position><LatitudeDegrees>50.3340090</LatitudeDegrees><LongitudeDegrees>6.9447000</LongitudeDegrees></Position>
          <AltitudeMeters>483.0</AltitudeMeters>
          <DistanceMeters>3727.78</DistanceMeters>
          <HeartRateBpm><Value>137</Value></HeartRateBpm>
          <Cadence>90</Cadence>
          <Extensions><ns3:TPX><ns3:Speed>4.578</ns3:Speed><ns3:Watts>218</ns3:Watts></ns3:TPX></Extensions>
        </Trackpoint>
        <Trackpoint>
          <Time>2024-07-15T17:54:11Z</Time>
          <Position><LatitudeDegrees>50.3340512</LatitudeDegrees><LongitudeDegrees>6.9447038</LongitudeDegrees></Position>
          <AltitudeMeters>482.6</AltitudeMeters>
          <DistanceMeters>3732.48</DistanceMeters>
          <HeartRateBpm><Value>137</Value></HeartRateBpm>
          <Cadence>90</Cadence>
          <Extensions><ns3:TPX><ns3:Speed>4.699</ns3:Speed><ns3:Watts>216</ns3:Watts></ns3:TPX></Extensions>
        </Trackpoint>
        <Trackpoint>
          <Time>2024-07-15T17:54:12Z</Time>
          <Position><LatitudeDegrees>50.3340945</LatitudeDegrees><LongitudeDegrees>6.9447153</LongitudeDegrees></Position>
          <AltitudeMeters>482.2</AltitudeMeters>
          <DistanceMeters>3737.36</DistanceMeters>
          <HeartRateBpm><Value>137</Value></HeartRateBpm>
          <Cadence>90</Cadence>
          <Extensions><ns3:TPX><ns3:Speed>4.878</ns3:Speed><ns3:Watts>213</ns3:Watts></ns3:TPX></Extensions>
        </Trackpoint>
        <Trackpoint>
          <Time>2024-07-15T17:54:13Z</Time>
          <Position><LatitudeDegrees>50.3341387</LatitudeDegrees><LongitudeDegrees>6.9447345</LongitudeDegrees></Position>
          <AltitudeMeters>481.9</AltitudeMeters>
          <DistanceMeters>3742.47</DistanceMeters>
          <HeartRateBpm><Value>137</Value></HeartRateBpm>
          <Cadence>90</Cadence>
          <Extensions><ns3:TPX><ns3:Speed>5.108</ns3:Speed><ns3:Watts>210</ns3:Watts></ns3:TPX></Extensions>
        </Trackpoint>
        <Trackpoint>
          <Time>2024-07-15T17:54:14Z</Time>
          <Position><LatitudeDegrees>50.3341840</LatitudeDegrees><LongitudeDegrees>6.9447612</LongitudeDegrees></Position>
          <AltitudeMeters>481.6</AltitudeMeters>
          <DistanceMeters>3747.85</DistanceMeters>
          <HeartRateBpm><Value>137</Value></HeartRateBpm>
          <Cadence>90</Cadence>
          <Extensions><ns3:TPX><ns3:Speed>5.381</ns3:Speed><ns3:Watts>208</ns3:Watts></ns3:TPX></Extensions>
        </Trackpoint>
        <Trackpoint>
          <Time>2024-07-15T17:54:15Z</Time>
          <Position><LatitudeDegrees>50.3342303</LatitudeDegrees><LongitudeDegrees>6.9447954</LongitudeDegrees></Position>
          <AltitudeMeters>481.3</AltitudeMeters>
          <DistanceMeters>3753.53</DistanceMeters>
          <HeartRateBpm><Value>137</Value></HeartRateBpm>
          <Cadence>90</Cadence>
          <Extensions><ns3:TPX><ns3:Speed>5.688</ns3:Speed><ns3:Watts>205</ns3:Watts></ns3:TPX></Extensions>
        </Trackpoint>
        <Trackpoint>
          <Time>2024-07-15T17:54:16Z</Time>
          <Position><LatitudeDegrees>50.3342775</LatitudeDegrees><LongitudeDegrees>6.9448370</LongitudeDegrees></Position>
          <AltitudeMeters>481.0</AltitudeMeters>
          <DistanceMeters>3759.56</DistanceMeters>
          <HeartRateBpm><Value>136</Value></HeartRateBpm>
          <Cadence>90</Cadence>
          <Extensions><ns3:TPX><ns3:Speed>6.023</ns3:Speed><ns3:Watts>203</ns3:Watts></ns3:TPX></Extensions>
        </Trackpoint>
        <Trackpoint>
          <Time>2024-07-15T17:54:17Z</Time>
          <Position><LatitudeDegrees>50.3343256</LatitudeDegrees><LongitudeDegrees>6.9448860</LongitudeDegrees></Position>
          <AltitudeMeters>480.7</AltitudeMeters>
          <DistanceMeters>3765.94</DistanceMeters>
          <HeartRateBpm><Value>136</Value></HeartRateBpm>
          <Cadence>90</Cadence>
          <Extensions><ns3:TPX><ns3:Speed>6.377</ns3:Speed><ns3:Watts>201</ns3:Watts></ns3:TPX></Extensions>
        </Trackpoint>
        <Trackpoint>
          <Time>2024-07-15T17:54:18Z</Time>
          <Position><LatitudeDegrees>50.3343746</LatitudeDegrees><LongitudeDegrees>6.9449421</LongitudeDegrees></Position>
          <AltitudeMeters>480.4</AltitudeMeters>
          <DistanceMeters>3772.68</DistanceMeters>
          <HeartRateBpm><Value>135</Value></HeartRateBpm>
          <Cadence>90</Cadence>
          <Extensions><ns3:TPX><ns3:Speed>6.746</ns3:Speed><ns3:Watts>199</ns3:Watts></ns3:TPX></Extensions>
        </Trackpoint>
        <Trackpoint>
          <Time>2024-07-15T17:54:19Z</Time>
          <Position><LatitudeDegrees>50.3344244</LatitudeDegrees><LongitudeDegrees>6.9450052</LongitudeDegrees></Position>
          <AltitudeMeters>480.2</AltitudeMeters>
          <DistanceMeters>3779.81</DistanceMeters>
          <HeartRateBpm><Value>134</Value></HeartRateBpm>
          <Cadence>90</Cadence>
          <Extensions><ns3:TPX><ns3:Speed>7.124</ns3:Speed><ns3:Watts>197</ns3:Watts></ns3:TPX></Extensions>
        </Trackpoint>
        <Trackpoint>
          <Time>2024-07-15T17:54:20Z</Time>
          <Position><LatitudeDegrees>50.3344750</LatitudeDegrees><LongitudeDegrees>6.9450751</LongitudeDegrees></Position>
          <AltitudeMeters>480.0</AltitudeMeters>
          <DistanceMeters>3787.31</DistanceMeters>
          <HeartRateBpm><Value>133</Value></HeartRateBpm>
          <Cadence>90</Cadence>
          <Extensions><ns3:TPX><ns3:Speed>7.505</ns3:Speed><ns3:Watts>195</ns3:Watts></ns3:TPX></Extensions>
        </Trackpoint>
        <Trackpoint>
          <Time>2024-07-15T17:54:21Z</Time>
          <Position><LatitudeDegrees>50.3345264</LatitudeDegrees><LongitudeDegrees>6.9451517</LongitudeDegrees></Position>
          <AltitudeMeters>479.8</AltitudeMeters>
          <DistanceMeters>3795.20</DistanceMeters>
          <HeartRateBpm><Value>132</Value></HeartRateBpm>
          <Cadence>90</Cadence>
          <Extensions><ns3:TPX><ns3:Speed>7.887</ns3:Speed><ns3:Watts>194</ns3:Watts></ns3:TPX></Extensions>
        </Trackpoint>
        <Trackpoint>
          <Time>2024-07-15T17:54:22Z</Time>
          <Position><LatitudeDegrees>50.3345785</LatitudeDegrees><LongitudeDegrees>6.9452348</LongitudeDegrees></Position>
          <AltitudeMeters>479.7</AltitudeMeters>
          <DistanceMeters>3803.46</DistanceMeters>
          <HeartRateBpm><Value>130</Value></HeartRateBpm>
          <Cadence>90</Cadence>
          <Extensions><ns3:TPX><ns3:Speed>8.266</ns3:Speed><ns3:Watts>193</ns3:Watts></ns3:TPX></Extensions>
        </Trackpoint>
        <Trackpoint>
          <Time>2024-07-15T17:54:23Z</Time>
          <Position><LatitudeDegrees>50.3346314</LatitudeDegrees><LongitudeDegrees>6.9453240</LongitudeDegrees></Position>
          <AltitudeMeters>479.5</AltitudeMeters>
          <DistanceMeters>3812.10</DistanceMeters>
          <HeartRateBpm><Value>129</Value></HeartRateBpm>
          <Cadence>90</Cadence>
          <Extensions><ns3:TPX><ns3:Speed>8.639</ns3:Speed><ns3:Watts>192</ns3:Watts></ns3:TPX></Extensions>
        </Trackpoint>
        <Trackpoint>
          <Time>2024-07-15T17:54:24Z</Time>
          <Position><LatitudeDegrees>50.3346848</LatitudeDegrees><LongitudeDegrees>6.9454192</LongitudeDegrees></Position>
          <AltitudeMeters>479.4</AltitudeMeters>
          <DistanceMeters>3821.10</DistanceMeters>
          <HeartRateBpm><Value>128</Value></HeartRateBpm>
          <Cadence>90</Cadence>
          <Extensions><ns3:TPX><ns3:Speed>9.002</ns3:Speed><ns3:Watts>191</ns3:Watts></ns3:TPX></Extensions>
        </Trackpoint>
        <Trackpoint>
          <Time>2024-07-15T17:54:25Z</Time>
          <Position><LatitudeDegrees>50.3347390</LatitudeDegrees><LongitudeDegrees>6.9455201</LongitudeDegrees></Position>
          <AltitudeMeters>479.3</AltitudeMeters>
          <DistanceMeters>3830.46</DistanceMeters>
          <HeartRateBpm><Value>126</Value></HeartRateBpm>
          <Cadence>90</Cadence>
          <Extensions><ns3:TPX><ns3:Speed>9.355</ns3:Speed><ns3:Watts>190</ns3:Watts></ns3:TPX></Extensions>
        </Trackpoint>
        <Trackpoint>
          <Time>2024-07-15T17:54:26Z</Time>
          <Position><LatitudeDegrees>50.3347937</LatitudeDegrees><LongitudeDegrees>6.9456264</LongitudeDegrees></Position>
          <AltitudeMeters>479.2</AltitudeMeters>
          <DistanceMeters>3840.15</DistanceMeters>
          <HeartRateBpm><Value>125</Value></HeartRateBpm>
          <Cadence>90</Cadence>
          <Extensions><ns3:TPX><ns3:Speed>9.694</ns3:Speed><ns3:Watts>190</ns3:Watts></ns3:TPX></Extensions>
        </Trackpoint>
        <Trackpoint>
          <Time>2024-07-15T17:54:27Z</Time>
          <Position><LatitudeDegrees>50.3348489</LatitudeDegrees><LongitudeDegrees>6.9457379</LongitudeDegrees></Position>
          <AltitudeMeters>479.2</AltitudeMeters>
          <DistanceMeters>3850.17</DistanceMeters>
          <HeartRateBpm><Value>124</Value></HeartRateBpm>
          <Cadence>90</Cadence>
          <Extensions><ns3:TPX><ns3:Speed>10.018</ns3:Speed><ns3:Watts>190</ns3:Watts></ns3:TPX></Extensions>
        </Trackpoint>
        <Trackpoint>
          <Time>2024-07-15T17:54:28Z</Time>
          <Position><LatitudeDegrees>50.3349047</LatitudeDegrees><LongitudeDegrees>6.9458542</LongitudeDegrees></Position>
          <AltitudeMeters>479.1</AltitudeMeters>
          <DistanceMeters>3860.50</DistanceMeters>
          <HeartRateBpm><Value>123</Value></HeartRateBpm>
          <Cadence>90</Cadence>
          <Extensions><ns3:TPX><ns3:Speed>10.325</ns3:Speed><ns3:Watts>190</ns3:Watts></ns3:TPX></Extensions>
        </Trackpoint>
        <Trackpoint>
          <Time>2024-07-15T17:54:29Z</Time>
          <Position><LatitudeDegrees>50.3349610</LatitudeDegrees><LongitudeDegrees>6.9459750</LongitudeDegrees></Position>
          <AltitudeMeters>479.1</AltitudeMeters>
          <DistanceMeters>3871.11</DistanceMeters>
          <HeartRateBpm><Value>123</Value></HeartRateBpm>
          <Cadence>90</Cadence>
          <Extensions><ns3:TPX><ns3:Speed>10.614</ns3:Speed><ns3:Watts>190</ns3:Watts></ns3:TPX></Extensions>
        </Trackpoint>
        <Trackpoint>
          <Time>2024-07-15T17:54:30Z</Time>
          <Position><LatitudeDegrees>50.3350177</LatitudeDegrees><LongitudeDegrees>6.9461000</LongitudeDegrees></Position>
          <AltitudeMeters>479.1</AltitudeMeters>
          <DistanceMeters>3881.99</DistanceMeters>
          <HeartRateBpm><Value>122</Value></HeartRateBpm>
          <Cadence>90</Cadence>
          <Extensions><ns3:TPX><ns3:Speed>10.883</ns3:Speed><ns3:Watts>191</ns3:Watts></ns3:TPX></Extensions>
        </Trackpoint>
        <Trackpoint>
          <Time>2024-07-15T17:54:31Z</Time>
          <Position><LatitudeDegrees>50.3350747</LatitudeDegrees><LongitudeDegrees>6.9462288</LongitudeDegrees></Position>
          <AltitudeMeters>479.1</AltitudeMeters>
          <DistanceMeters>3893.12</DistanceMeters>
          <HeartRateBpm><Value>122</Value></HeartRateBpm>
          <Cadence>90</Cadence>
          <Extensions><ns3:TPX><ns3:Speed>11.131</ns3:Speed><ns3:Watts>191</ns3:Watts></ns3:TPX></Extensions>
        </Trackpoint>
        <Trackpoint>
          <Time>2024-07-15T17:54:32Z</Time>
          <Position><LatitudeDegrees>50.3351322</LatitudeDegrees><LongitudeDegrees>6.9463611</LongitudeDegrees></Position>
          <AltitudeMeters>479.2</AltitudeMeters>
          <DistanceMeters>3904.48</DistanceMeters>
          <HeartRateBpm><Value>122</Value></HeartRateBpm>
          <Cadence>90</Cadence>
          <Extensions><ns3:TPX><ns3:Speed>11.358</ns3:Speed><ns3:Watts>192</ns3:Watts></ns3:TPX></Extensions>
        </Trackpoint>
        <Trackpoint>
          <Time>2024-07-15T17:54:33Z</Time>
          <Position><LatitudeDegrees>50.3351900</LatitudeDegrees><LongitudeDegrees>6.9464966</LongitudeDegrees></Position>
          <AltitudeMeters>479.2</AltitudeMeters>
          <DistanceMeters>3916.04</DistanceMeters>
          <HeartRateBpm><Value>122</Value></HeartRateBpm>
          <Cadence>90</Cadence>
          <Extensions><ns3:TPX><ns3:Speed>11.561</ns3:Speed><ns3:Watts>193</ns3:Watts></ns3:TPX></Extensions>
        </Trackpoint>
        <Trackpoint>
          <Time>2024-07-15T17:54:34Z</Time>
          <Position><LatitudeDegrees>50.3352480</LatitudeDegrees><LongitudeDegrees>6.9466348</LongitudeDegrees></Position>
          <AltitudeMeters>479.3</AltitudeMeters>
          <DistanceMeters>3927.78</DistanceMeters>
          <HeartRateBpm><Value>122</Value></HeartRateBpm>
          <Cadence>90</Cadence>
          <Extensions><ns3:TPX><ns3:Speed>11.741</ns3:Speed><ns3:Watts>195</ns3:Watts></ns3:TPX></Extensions>
        </Trackpoint>
        <Trackpoint>
          <Time>2024-07-15T17:54:35Z</Time>
          <Position><LatitudeDegrees>50.3353063</LatitudeDegrees><LongitudeDegrees>6.9467753</LongitudeDegrees></Position>
          <AltitudeMeters>479.4</AltitudeMeters>
          <DistanceMeters>3939.68</DistanceMeters>
          <HeartRateBpm><Value>123</Value></HeartRateBpm>
          <Cadence>90</Cadence>
          <Extensions><ns3:TPX><ns3:Speed>11.897</ns3:Speed><ns3:Watts>196</ns3:Watts></ns3:TPX></Extensions>
        </Trackpoint>
        <Trackpoint>
          <Time>2024-07-15T17:54:36Z</Time>
          <Position><LatitudeDegrees>50.3353648</LatitudeDegrees><LongitudeDegrees>6.9469178</LongitudeDegrees></Position>
          <AltitudeMeters>479.5</AltitudeMeters>
          <DistanceMeters>3951.71</DistanceMeters>
          <HeartRateBpm><Value>124</Value></HeartRateBpm>
          <Cadence>89</Cadence>
          <Extensions><ns3:TPX><ns3:Speed>12.027</ns3:Speed><ns3:Watts>197</ns3:Watts></ns3:TPX></Extensions>
        </Trackpoint>
        <Trackpoint>
          <Time>2024-07-15T17:54:37Z</Time>
          <Position><LatitudeDegrees>50.3354235</LatitudeDegrees><LongitudeDegrees>6.9470620</LongitudeDegrees></Position>
          <AltitudeMeters>479.6</AltitudeMeters>
          <DistanceMeters>3963.84</DistanceMeters>
          <HeartRateBpm><Value>124</Value></HeartRateBpm>
          <Cadence>89</Cadence>
          <Extensions><ns3:TPX><ns3:Speed>12.132</ns3:Speed><ns3:Watts>199</ns3:Watts></ns3:TPX></Extensions>
        </Trackpoint>
        <Trackpoint>
          <Time>2024-07-15T17:54:38Z</Time>
          <Position><LatitudeDegrees>50.3354822</LatitudeDegrees><LongitudeDegrees>6.9472073</LongitudeDegrees></Position>
          <AltitudeMeters>479.7</AltitudeMeters>
          <DistanceMeters>3976.05</DistanceMeters>
          <HeartRateBpm><Value>125</Value></HeartRateBpm>
          <Cadence>89</Cadence>
          <Extensions><ns3:TPX><ns3:Speed>12.211</ns3:Speed><ns3:Watts>201</ns3:Watts></ns3:TPX></Extensions>
        </Trackpoint>
        <Trackpoint>
          <Time>2024-07-15T17:54:39Z</Time>
          <Position><LatitudeDegrees>50.3355411</LatitudeDegrees><LongitudeDegrees>6.9473535</LongitudeDegrees></Position>
          <AltitudeMeters>479.8</AltitudeMeters>
          <DistanceMeters>3988.32</DistanceMeters>
          <HeartRateBpm><Value>126</Value></HeartRateBpm>
          <Cadence>89</Cadence>
          <Extensions><ns3:TPX><ns3:Speed>12.264</ns3:Speed><ns3:Watts>203</ns3:Watts></ns3:TPX></Extensions>
        </Trackpoint>
      </Track>
    </Lap>
    <Lap StartTime="2024-07-15T17:54:40Z">
      <TotalTimeSeconds>240</TotalTimeSeconds>
      <DistanceMeters>2000.30</DistanceMeters>
      <Intensity>Active</Intensity><TriggerMethod>Manual</TriggerMethod>
      <Track>
        <Trackpoint>
          <Time>2024-07-15T17:54:40Z</Time>
          <Position><LatitudeDegrees>50.3356000</LatitudeDegrees><LongitudeDegrees>6.9475000</LongitudeDegrees></Position>
          <AltitudeMeters>480.0</AltitudeMeters>
          <DistanceMeters>4000.61</DistanceMeters>
          <HeartRateBpm><Value>128</Value></HeartRateBpm>
          <Cadence>89</Cadence>
          <Extensions><ns3:TPX><ns3:Speed>12.291</ns3:Speed><ns3:Watts>205</ns3:Watts></ns3:TPX></Extensions>
        </Trackpoint>
        <Trackpoint>
          <Time>2024-07-15T17:54:41Z</Time>
          <Position><LatitudeDegrees>50.3356589</LatitudeDegrees><LongitudeDegrees>6.9476465</LongitudeDegrees></Position>
          <AltitudeMeters>480.2</AltitudeMeters>
          <DistanceMeters>4012.90</DistanceMeters>
          <HeartRateBpm><Value>129</Value></HeartRateBpm>
          <Cadence>89</Cadence>
          <Extensions><ns3:TPX><ns3:Speed>12.291</ns3:Speed><ns3:Watts>206</ns3:Watts></ns3:TPX></Extensions>
        </Trackpoint>
        <Trackpoint>
          <Time>2024-07-15T17:54:42Z</Time>
          <Position><LatitudeDegrees>50.3357178</LatitudeDegrees><LongitudeDegrees>6.9477927</LongitudeDegrees></Position>
          <AltitudeMeters>480.3</AltitudeMeters>
          <DistanceMeters>4025.16</DistanceMeters>
          <HeartRateBpm><Value>130</Value></HeartRateBpm>
          <Cadence>89</Cadence>
          <Extensions><ns3:TPX><ns3:Speed>12.264</ns3:Speed><ns3:Watts>208</ns3:Watts></ns3:TPX></Extensions>
        </Trackpoint>
        <Trackpoint>
          <Time>2024-07-15T17:54:43Z</Time>
          <Position><LatitudeDegrees>50.3357765</LatitudeDegrees><LongitudeDegrees>6.9479380</LongitudeDegrees></Position>
          <AltitudeMeters>480.5</AltitudeMeters>
          <DistanceMeters>4037.37</DistanceMeters>
          <HeartRateBpm><Value>131</Value></HeartRateBpm>
          <Cadence>89</Cadence>
          <Extensions><ns3:TPX><ns3:Speed>12.211</ns3:Speed><ns3:Watts>210</ns3:Watts></ns3:TPX></Extensions>
        </Trackpoint>
        <Trackpoint>
          <Time>2024-07-15T17:54:44Z</Time>
          <Position><LatitudeDegrees>50.3358352</LatitudeDegrees><LongitudeDegrees>6.9480822</LongitudeDegrees></Position>
          <AltitudeMeters>480.7</AltitudeMeters>
          <DistanceMeters>4049.51</DistanceMeters>
          <HeartRateBpm><Value>132</Value></HeartRateBpm>
          <Cadence>88</Cadence>
          <Extensions><ns3:TPX><ns3:Speed>12.132</ns3:Speed><ns3:Watts>212</ns3:Watts></ns3:TPX></Extensions>
        </Trackpoint>
        <Trackpoint>
          <Time>2024-07-15T17:54:45Z</Time>
          <Position><LatitudeDegrees>50.3358937</LatitudeDegrees><LongitudeDegrees>6.9482247</LongitudeDegrees></Position>
          <AltitudeMeters>480.9</AltitudeMeters>
          <DistanceMeters>4061.53</DistanceMeters>
          <HeartRateBpm><Value>132</Value></HeartRateBpm>
          <Cadence>88</Cadence>
          <Extensions><ns3:TPX><ns3:Speed>12.027</ns3:Speed><ns3:Watts>214</ns3:Watts></ns3:TPX></Extensions>
        </Trackpoint>
        <Trackpoint>
          <Time>2024-07-15T17:54:46Z</Time>
          <Position><LatitudeDegrees>50.3359520</LatitudeDegrees><LongitudeDegrees>6.9483652</LongitudeDegrees></Position>
          <AltitudeMeters>481.1</AltitudeMeters>
          <DistanceMeters>4073.43</DistanceMeters>
          <HeartRateBpm><Value>133</Value></HeartRateBpm>
          <Cadence>88</Cadence>
          <Extensions><ns3:TPX><ns3:Speed>11.897</ns3:Speed><ns3:Watts>216</ns3:Watts></ns3:TPX></Extensions>
        </Trackpoint>
        <Trackpoint>
          <Time>2024-07-15T17:54:47Z</Time>
          <Position><LatitudeDegrees>50.3360100</LatitudeDegrees><LongitudeDegrees>6.9485034</LongitudeDegrees></Position>
          <AltitudeMeters>481.3</AltitudeMeters>
          <DistanceMeters>4085.17</DistanceMeters>
          <HeartRateBpm><Value>134</Value></HeartRateBpm>
          <Cadence>88</Cadence>
          <Extensions><ns3:TPX><ns3:Speed>11.741</ns3:Speed><ns3:Watts>217</ns3:Watts></ns3:TPX></Extensions>
        </Trackpoint>
        <Trackpoint>
          <Time>2024-07-15T17:54:48Z</Time>
          <Position><LatitudeDegrees>50.3360678</LatitudeDegrees><LongitudeDegrees>6.9486389</LongitudeDegrees></Position>
          <AltitudeMeters>481.5</AltitudeMeters>
          <DistanceMeters>4096.73</DistanceMeters>
          <HeartRateBpm><Value>134</Value></HeartRateBpm>
          <Cadence>88</Cadence>
          <Extensions><ns3:TPX><ns3:Speed>11.561</ns3:Speed><ns3:Watts>219</ns3:Watts></ns3:TPX></Extensions>
        </Trackpoint>
        <Trackpoint>
          <Time>2024-07-15T17:54:49Z</Time>
          <Position><LatitudeDegrees>50.3361253</LatitudeDegrees><LongitudeDegrees>6.9487712</LongitudeDegrees></Position>
          <AltitudeMeters>481.7</AltitudeMeters>
          <DistanceMeters>4108.09</DistanceMeters>
          <HeartRateBpm><Value>134</Value></HeartRateBpm>
          <Cadence>88</Cadence>
          <Extensions><ns3:TPX><ns3:Speed>11.358</ns3:Speed><ns3:Watts>220</ns3:Watts></ns3:TPX></Extensions>
        </Trackpoint>
        <Trackpoint>
          <Time>2024-07-15T17:54:50Z</Time>
          <Position><LatitudeDegrees>50.3361823</LatitudeDegrees><LongitudeDegrees>6.9489000</LongitudeDegrees></Position>
          <AltitudeMeters>481.9</AltitudeMeters>
          <DistanceMeters>4119.22</DistanceMeters>
          <HeartRateBpm><Value>134</Value></HeartRateBpm>
          <Cadence>87</Cadence>
          <Extensions><ns3:TPX><ns3:Speed>11.131</ns3:Speed><ns3:Watts>222</ns3:Watts></ns3:TPX></Extensions>
        </Trackpoint>
        <Trackpoint>
          <Time>2024-07-15T17:54:51Z</Time>
          <Position><LatitudeDegrees>50.3362390</LatitudeDegrees><LongitudeDegrees>6.9490250</LongitudeDegrees></Position>
          <AltitudeMeters>482.1</AltitudeMeters>
          <DistanceMeters>4130.10</DistanceMeters>
          <HeartRateBpm><Value>134</Value></HeartRateBpm>
          <Cadence>87</Cadence>
          <Extensions><ns3:TPX><ns3:Speed>10.883</ns3:Speed><ns3:Watts>223</ns3:Watts></ns3:TPX></Extensions>
        </Trackpoint>
        <Trackpoint>
          <Time>2024-07-15T17:54:52Z</Time>
          <Position><LatitudeDegrees>50.3362953</LatitudeDegrees><LongitudeDegrees>6.9491458</LongitudeDegrees></Position>
          <AltitudeMeters>482.4</AltitudeMeters>
          <DistanceMeters>4140.72</DistanceMeters>
          <HeartRateBpm><Value>133</Value></HeartRateBpm>
          <Cadence>87</Cadence>
          <Extensions><ns3:TPX><ns3:Speed>10.613</ns3:Speed><ns3:Watts>224</ns3:Watts></ns3:TPX></Extensions>
        </Trackpoint>
        <Trackpoint>
          <Time>2024-07-15T17:54:53Z</Time>
          <Position><LatitudeDegrees>50.3363511</LatitudeDegrees><LongitudeDegrees>6.9492621</LongitudeDegrees></Position>
          <AltitudeMeters>482.6</AltitudeMeters>
          <DistanceMeters>4151.04</DistanceMeters>
          <HeartRateBpm><Value>133</Value></HeartRateBpm>
          <Cadence>87</Cadence>
          <Extensions><ns3:TPX><ns3:Speed>10.325</ns3:Speed><ns3:Watts>225</ns3:Watts></ns3:TPX></Extensions>
        </Trackpoint>
        <Trackpoint>
          <Time>2024-07-15T17:54:54Z</Time>
          <Position><LatitudeDegrees>50.3364063</LatitudeDegrees><LongitudeDegrees>6.9493736</LongitudeDegrees></Position>
          <AltitudeMeters>482.8</AltitudeMeters>
          <DistanceMeters>4161.06</DistanceMeters>
          <HeartRateBpm><Value>132</Value></HeartRateBpm>
          <Cadence>87</Cadence>
          <Extensions><ns3:TPX><ns3:Speed>10.017</ns3:Speed><ns3:Watts>226</ns3:Watts></ns3:TPX></Extensions>
        </Trackpoint>
        <Trackpoint>
          <Time>2024-07-15T17:54:55Z</Time>
          <Position><LatitudeDegrees>50.3364610</LatitudeDegrees><LongitudeDegrees>6.9494799</LongitudeDegrees></Position>
          <AltitudeMeters>483.0</AltitudeMeters>
          <DistanceMeters>4170.75</DistanceMeters>
          <HeartRateBpm><Value>131</Value></HeartRateBpm>
          <Cadence>86</Cadence>
          <Extensions><ns3:TPX><ns3:Speed>9.693</ns3:Speed><ns3:Watts>226</ns3:Watts></ns3:TPX></Extensions>
        </Trackpoint>
        <Trackpoint>
          <Time>2024-07-15T17:54:56Z</Time>
          <Position><LatitudeDegrees>50.3365152</LatitudeDegrees><LongitudeDegrees>6.9495808</LongitudeDegrees></Position>
          <AltitudeMeters>483.2</AltitudeMeters>
          <DistanceMeters>4180.11</DistanceMeters>
          <HeartRateBpm><Value>130</Value></HeartRateBpm>
          <Cadence>86</Cadence>
          <Extensions><ns3:TPX><ns3:Speed>9.354</ns3:Speed><ns3:Watts>227</ns3:Watts></ns3:TPX></Extensions>
        </Trackpoint>
        <Trackpoint>
          <Time>2024-07-15T17:54:57Z</Time>
          <Position><LatitudeDegrees>50.3365686</LatitudeDegrees><LongitudeDegrees>6.9496760</LongitudeDegrees></Position>
          <AltitudeMeters>483.4</AltitudeMeters>
          <DistanceMeters>4189.11</DistanceMeters>
          <HeartRateBpm><Value>129</Value></HeartRateBpm>
          <Cadence>86</Cadence>
          <Extensions><ns3:TPX><ns3:Speed>9.002</ns3:Speed><ns3:Watts>227</ns3:Watts></ns3:TPX></Extensions>
        </Trackpoint>
        <Trackpoint>
          <Time>2024-07-15T17:54:58Z</Time>
          <Position><LatitudeDegrees>50.3366215</LatitudeDegrees><LongitudeDegrees>6.9497652</LongitudeDegrees></Position>
          <AltitudeMeters>483.6</AltitudeMeters>
          <DistanceMeters>4197.75</DistanceMeters>
          <HeartRateBpm><Value>128</Value></HeartRateBpm>
          <Cadence>86</Cadence>
          <Extensions><ns3:TPX><ns3:Speed>8.638</ns3:Speed><ns3:Watts>227</ns3:Watts></ns3:TPX></Extensions>
        </Trackpoint>
        <Trackpoint>
          <Time>2024-07-15T17:54:59Z</Time>
          <Position><LatitudeDegrees>50.3366736</LatitudeDegrees><LongitudeDegrees>6.9498483</LongitudeDegrees></Position>
          <AltitudeMeters>483.8</AltitudeMeters>
          <DistanceMeters>4206.01</DistanceMeters>
          <HeartRateBpm><Value>128</Value></HeartRateBpm>
          <Cadence>86</Cadence>
          <Extensions><ns3:TPX><ns3:Speed>8.266</ns3:Speed><ns3:Watts>227</ns3:Watts></ns3:TPX></Extensions>
        </Trackpoint>
        <Trackpoint>
          <Time>2024-07-15T17:55:00Z</Time>
          <Position><LatitudeDegrees>50.3367250</LatitudeDegrees><LongitudeDegrees>6.9499249</LongitudeDegrees></Position>
          <AltitudeMeters>484.0</AltitudeMeters>
          <DistanceMeters>4213.90</DistanceMeters>
          <HeartRateBpm><Value>127</Value></HeartRateBpm>
          <Cadence>85</Cadence>
          <Extensions><ns3:TPX><ns3:Speed>7.887</ns3:Speed><ns3:Watts>226</ns3:Watts></ns3:TPX></Extensions>
        </Trackpoint>
        <Trackpoint>
          <Time>2024-07-15T17:55:01Z</Time>
          <Position><LatitudeDegrees>50.3367756</LatitudeDegrees><LongitudeDegrees>6.9499948</LongitudeDegrees></Position>
          <AltitudeMeters>484.2</AltitudeMeters>
          <DistanceMeters>4221.40</DistanceMeters>
          <HeartRateBpm><Value>126</Value></HeartRateBpm>
          <Cadence>85</Cadence>
          <Extensions><ns3:TPX><ns3:Speed>7.505</ns3:Speed><ns3:Watts>226</ns3:Watts></ns3:TPX></Extensions>
        </Trackpoint>
        <Trackpoint>
          <Time>2024-07-15T17:55:02Z</Time>
          <Position><LatitudeDegrees>50.3368254</LatitudeDegrees><LongitudeDegrees>6.9500579</LongitudeDegrees></Position>
          <AltitudeMeters>484.4</AltitudeMeters>
          <DistanceMeters>4228.53</DistanceMeters>
          <HeartRateBpm><Value>126</Value></HeartRateBpm>
          <Cadence>85</Cadence>
          <Extensions><ns3:TPX><ns3:Speed>7.124</ns3:Speed><ns3:Watts>226</ns3:Watts></ns3:TPX></Extensions>
        </Trackpoint>
        <Trackpoint>
          <Time>2024-07-15T17:55:03Z</Time>
          <Position><LatitudeDegrees>50.3368744</LatitudeDegrees><LongitudeDegrees>6.9501140</LongitudeDegrees></Position>
          <AltitudeMeters>484.6</AltitudeMeters>
          <DistanceMeters>4235.27</DistanceMeters>
          <HeartRateBpm><Value>125</Value></HeartRateBpm>
          <Cadence>85</Cadence>
          <Extensions><ns3:TPX><ns3:Speed>6.746</ns3:Speed><ns3:Watts>225</ns3:Watts></ns3:TPX></Extensions>
        </Trackpoint>
        <Trackpoint>
          <Time>2024-07-15T17:55:04Z</Time>
          <Position><LatitudeDegrees>50.3369225</LatitudeDegrees><LongitudeDegrees>6.9501630</LongitudeDegrees></Position>
          <AltitudeMeters>484.8</AltitudeMeters>
          <DistanceMeters>4241.65</DistanceMeters>
          <HeartRateBpm><Value>125</Value></HeartRateBpm>
          <Cadence>85</Cadence>
          <Extensions><ns3:TPX><ns3:Speed>6.377</ns3:Speed><ns3:Watts>224</ns3:Watts></ns3:TPX></Extensions>
        </Trackpoint>
        <Trackpoint>
          <Time>2024-07-15T17:55:05Z</Time>
          <Position><LatitudeDegrees>50.3369697</LatitudeDegrees><LongitudeDegrees>6.9502046</LongitudeDegrees></Position>
          <AltitudeMeters>484.9</AltitudeMeters>
          <DistanceMeters>4247.67</DistanceMeters>
          <HeartRateBpm><Value>125</Value></HeartRateBpm>
          <Cadence>84</Cadence>
          <Extensions><ns3:TPX><ns3:Speed>6.023</ns3:Speed><ns3:Watts>223</ns3:Watts></ns3:TPX></Extensions>
        </Trackpoint>
        <Trackpoint>
          <Time>2024-07-15T17:55:06Z</Time>
          <Position><LatitudeDegrees>50.3370160</LatitudeDegrees><LongitudeDegrees>6.9502388</LongitudeDegrees></Position>
          <AltitudeMeters>485.1</AltitudeMeters>
          <DistanceMeters>4253.36</DistanceMeters>
          <HeartRateBpm><Value>125</Value></HeartRateBpm>
          <Cadence>84</Cadence>
          <Extensions><ns3:TPX><ns3:Speed>5.688</ns3:Speed><ns3:Watts>222</ns3:Watts></ns3:TPX></Extensions>
        </Trackpoint>
        <Trackpoint>
          <Time>2024-07-15T17:55:07Z</Time>
          <Position><LatitudeDegrees>50.3370613</LatitudeDegrees><LongitudeDegrees>6.9502655</LongitudeDegrees></Position>
          <AltitudeMeters>485.3</AltitudeMeters>
          <DistanceMeters>4258.74</DistanceMeters>
          <HeartRateBpm><Value>126</Value></HeartRateBpm>
          <Cadence>84</Cadence>
          <Extensions><ns3:TPX><ns3:Speed>5.381</ns3:Speed><ns3:Watts>221</ns3:Watts></ns3:TPX></Extensions>
        </Trackpoint>
        <Trackpoint>
          <Time>2024-07-15T17:55:08Z</Time>
          <Position><LatitudeDegrees>50.3371055</LatitudeDegrees><LongitudeDegrees>6.9502847</LongitudeDegrees></Position>
          <AltitudeMeters>485.5</AltitudeMeters>
          <DistanceMeters>4263.85</DistanceMeters>
          <HeartRateBpm><Value>126</Value></HeartRateBpm>
          <Cadence>84</Cadence>
          <Extensions><ns3:TPX><ns3:Speed>5.108</ns3:Speed><ns3:Watts>220</ns3:Watts></ns3:TPX></Extensions>
        </Trackpoint>
        <Trackpoint>
          <Time>2024-07-15T17:55:09Z</Time>
          <Position><LatitudeDegrees>50.3371488</LatitudeDegrees><LongitudeDegrees>6.9502962</LongitudeDegrees></Position>
          <AltitudeMeters>485.6</AltitudeMeters>
          <DistanceMeters>4268.73</DistanceMeters>
          <HeartRateBpm><Value>127</Value></HeartRateBpm>
          <Cadence>83</Cadence>
          <Extensions><ns3:TPX><ns3:Speed>4.878</ns3:Speed><ns3:Watts>219</ns3:Watts></ns3:TPX></Extensions>
        </Trackpoint>
        <Trackpoint>
          <Time>2024-07-15T17:55:10Z</Time>
          <Position><LatitudeDegrees>50.3371910</LatitudeDegrees><LongitudeDegrees>6.9503000</LongitudeDegrees></Position>
          <AltitudeMeters>485.8</AltitudeMeters>
          <DistanceMeters>4273.43</DistanceMeters>
          <HeartRateBpm><Value>128</Value></HeartRateBpm>
          <Cadence>83</Cadence>
          <Extensions><ns3:TPX><ns3:Speed>4.699</ns3:Speed><ns3:Watts>218</ns3:Watts></ns3:TPX></Extensions>
        </Trackpoint>
        <Trackpoint>
          <Time>2024-07-15T17:55:11Z</Time>
          <Position><LatitudeDegrees>50.3372321</LatitudeDegrees><LongitudeDegrees>6.9502962</LongitudeDegrees></Position>
          <AltitudeMeters>486.0</AltitudeMeters>
          <DistanceMeters>4278.01</DistanceMeters>
          <HeartRateBpm><Value>129</Value></HeartRateBpm>
          <Cadence>83</Cadence>
          <Extensions><ns3:TPX><ns3:Speed>4.578</ns3:Speed><ns3:Watts>217</ns3:Watts></ns3:TPX></Extensions>
        </Trackpoint>
        <Trackpoint>
          <Time>2024-07-15T17:55:12Z</Time>
          <Position><LatitudeDegrees>50.3372721</LatitudeDegrees><LongitudeDegrees>6.9502847</LongitudeDegrees></Position>
          <AltitudeMeters>486.1</AltitudeMeters>
          <DistanceMeters>4282.53</DistanceMeters>
          <HeartRateBpm><Value>131</Value></HeartRateBpm>
          <Cadence>83</Cadence>
          <Extensions><ns3:TPX><ns3:Speed>4.520</ns3:Speed><ns3:Watts>216</ns3:Watts></ns3:TPX></Extensions>
        </Trackpoint>
        <Trackpoint>
          <Time>2024-07-15T17:55:13Z</Time>
          <Position><LatitudeDegrees>50.3373109</LatitudeDegrees><LongitudeDegrees>6.9502655</LongitudeDegrees></Position>
          <AltitudeMeters>486.3</AltitudeMeters>
          <DistanceMeters>4287.05</DistanceMeters>
          <HeartRateBpm><Value>132</Value></HeartRateBpm>
          <Cadence>82</Cadence>
          <Extensions><ns3:TPX><ns3:Speed>4.527</ns3:Speed><ns3:Watts>216</ns3:Watts></ns3:TPX></Extensions>
        </Trackpoint>
        <Trackpoint>
          <Time>2024-07-15T17:55:14Z</Time>
          <Position><LatitudeDegrees>50.3373486</LatitudeDegrees><LongitudeDegrees>6.9502388</LongitudeDegrees></Position>
          <AltitudeMeters>486.5</AltitudeMeters>
          <DistanceMeters>4291.65</DistanceMeters>
          <HeartRateBpm><Value>133</Value></HeartRateBpm>
          <Cadence>82</Cadence>
          <Extensions><ns3:TPX><ns3:Speed>4.597</ns3:Speed><ns3:Watts>215</ns3:Watts></ns3:TPX></Extensions>
        </Trackpoint>
        <Trackpoint>
          <Time>2024-07-15T17:55:15Z</Time>
          <Position><LatitudeDegrees>50.3373850</LatitudeDegrees><LongitudeDegrees>6.9502046</LongitudeDegrees></Position>
          <AltitudeMeters>486.6</AltitudeMeters>
          <DistanceMeters>4296.38</DistanceMeters>
          <HeartRateBpm><Value>135</Value></HeartRateBpm>
          <Cadence>82</Cadence>
          <Extensions><ns3:TPX><ns3:Speed>4.727</ns3:Speed><ns3:Watts>214</ns3:Watts></ns3:TPX></Extensions>
        </Trackpoint>
        <Trackpoint>
          <Time>2024-07-15T17:55:16Z</Time>
          <Position><LatitudeDegrees>50.3374203</LatitudeDegrees><LongitudeDegrees>6.9501630</LongitudeDegrees></Position>
          <AltitudeMeters>486.8</AltitudeMeters>
          <DistanceMeters>4301.29</DistanceMeters>
          <HeartRateBpm><Value>136</Value></HeartRateBpm>
          <Cadence>82</Cadence>
          <Extensions><ns3:TPX><ns3:Speed>4.908</ns3:Speed><ns3:Watts>214</ns3:Watts></ns3:TPX></Extensions>
        </Trackpoint>
        <Trackpoint>
          <Time>2024-07-15T17:55:17Z</Time>
          <Position><LatitudeDegrees>50.3374543</LatitudeDegrees><LongitudeDegrees>6.9501140</LongitudeDegrees></Position>
          <AltitudeMeters>487.0</AltitudeMeters>
          <DistanceMeters>4306.42</DistanceMeters>
          <HeartRateBpm><Value>138</Value></HeartRateBpm>
          <Cadence>82</Cadence>
          <Extensions><ns3:TPX><ns3:Speed>5.133</ns3:Speed><ns3:Watts>213</ns3:Watts></ns3:TPX></Extensions>
        </Trackpoint>
        <Trackpoint>
          <Time>2024-07-15T17:55:18Z</Time>
          <Position><LatitudeDegrees>50.3374870</LatitudeDegrees><LongitudeDegrees>6.9500579</LongitudeDegrees></Position>
          <AltitudeMeters>487.1</AltitudeMeters>
          <DistanceMeters>4311.81</DistanceMeters>
          <HeartRateBpm><Value>139</Value></HeartRateBpm>
          <Cadence>81</Cadence>
          <Extensions><ns3:TPX><ns3:Speed>5.394</ns3:Speed><ns3:Watts>213</ns3:Watts></ns3:TPX></Extensions>
        </Trackpoint>
        <Trackpoint>
          <Time>2024-07-15T17:55:19Z</Time>
          <Position><LatitudeDegrees>50.3375184</LatitudeDegrees><LongitudeDegrees>6.9499948</LongitudeDegrees></Position>
          <AltitudeMeters>487.3</AltitudeMeters>
          <DistanceMeters>4317.49</DistanceMeters>
          <HeartRateBpm><Value>140</Value></HeartRateBpm>
          <Cadence>81</Cadence>
          <Extensions><ns3:TPX><ns3:Speed>5.681</ns3:Speed><ns3:Watts>213</ns3:Watts></ns3:TPX></Extensions>
        </Trackpoint>
        <Trackpoint>
          <Time>2024-07-15T17:55:20Z</Time>
          <Position><LatitudeDegrees>50.3375486</LatitudeDegrees><LongitudeDegrees>6.9499249</LongitudeDegrees></Position>
          <AltitudeMeters>487.5</AltitudeMeters>
          <DistanceMeters>4323.48</DistanceMeters>
          <HeartRateBpm><Value>141</Value></HeartRateBpm>
          <Cadence>81</Cadence>
          <Extensions><ns3:TPX><ns3:Speed>5.988</ns3:Speed><ns3:Watts>213</ns3:Watts></ns3:TPX></Extensions>
        </Trackpoint>
        <Trackpoint>
          <Time>2024-07-15T17:55:21Z</Time>
          <Position><LatitudeDegrees>50.3375773</LatitudeDegrees><LongitudeDegrees>6.9498483</LongitudeDegrees></Position>
          <AltitudeMeters>487.7</AltitudeMeters>
          <DistanceMeters>4329.79</DistanceMeters>
          <HeartRateBpm><Value>142</Value></HeartRateBpm>
          <Cadence>81</Cadence>
          <Extensions><ns3:TPX><ns3:Speed>6.308</ns3:Speed><ns3:Watts>213</ns3:Watts></ns3:TPX></Extensions>
        </Trackpoint>
        <Trackpoint>
          <Time>2024-07-15T17:55:22Z</Time>
          <Position><LatitudeDegrees>50.3376048</LatitudeDegrees><LongitudeDegrees>6.9497652</LongitudeDegrees></Position>
          <AltitudeMeters>487.9</AltitudeMeters>
          <DistanceMeters>4336.43</DistanceMeters>
          <HeartRateBpm><Value>143</Value></HeartRateBpm>
          <Cadence>80</Cadence>
          <Extensions><ns3:TPX><ns3:Speed>6.635</ns3:Speed><ns3:Watts>213</ns3:Watts></ns3:TPX></Extensions>
        </Trackpoint>
        <Trackpoint>
          <Time>2024-07-15T17:55:23Z</Time>
          <Position><LatitudeDegrees>50.3376308</LatitudeDegrees><LongitudeDegrees>6.9496760</LongitudeDegrees></Position>
          <AltitudeMeters>488.1</AltitudeMeters>
          <DistanceMeters>4343.39</DistanceMeters>
          <HeartRateBpm><Value>143</Value></HeartRateBpm>
          <Cadence>80</Cadence>
          <Extensions><ns3:TPX><ns3:Speed>6.964</ns3:Speed><ns3:Watts>214</ns3:Watts></ns3:TPX></Extensions>
        </Trackpoint>
        <Trackpoint>
          <Time>2024-07-15T17:55:24Z</Time>
          <Position><LatitudeDegrees>50.3376555</LatitudeDegrees><LongitudeDegrees>6.9495808</LongitudeDegrees></Position>
          <AltitudeMeters>488.3</AltitudeMeters>
          <DistanceMeters>4350.68</DistanceMeters>
          <HeartRateBpm><Value>143</Value></HeartRateBpm>
          <Cadence>80</Cadence>
          <Extensions><ns3:TPX><ns3:Speed>7.292</ns3:Speed><ns3:Watts>215</ns3:Watts></ns3:TPX></Extensions>
        </Trackpoint>
        <Trackpoint>
          <Time>2024-07-15T17:55:25Z</Time>
          <Position><LatitudeDegrees>50.3376787</LatitudeDegrees><LongitudeDegrees>6.9494799</LongitudeDegrees></Position>
          <AltitudeMeters>488.5</AltitudeMeters>
          <DistanceMeters>4358.30</DistanceMeters>
          <HeartRateBpm><Value>144</Value></HeartRateBpm>
          <Cadence>80</Cadence>
          <Extensions><ns3:TPX><ns3:Speed>7.614</ns3:Speed><ns3:Watts>216</ns3:Watts></ns3:TPX></Extensions>
        </Trackpoint>
        <Trackpoint>
          <Time>2024-07-15T17:55:26Z</Time>
          <Position><LatitudeDegrees>50.3377006</LatitudeDegrees><LongitudeDegrees>6.9493736</LongitudeDegrees></Position>
          <AltitudeMeters>488.7</AltitudeMeters>
          <DistanceMeters>4366.22</DistanceMeters>
          <HeartRateBpm><Value>143</Value></HeartRateBpm>
          <Cadence>79</Cadence>
          <Extensions><ns3:TPX><ns3:Speed>7.927</ns3:Speed><ns3:Watts>217</ns3:Watts></ns3:TPX></Extensions>
        </Trackpoint>
        <Trackpoint>
          <Time>2024-07-15T17:55:27Z</Time>
          <Position><LatitudeDegrees>50.3377209</LatitudeDegrees><LongitudeDegrees>6.9492621</LongitudeDegrees></Position>
          <AltitudeMeters>488.9</AltitudeMeters>
          <DistanceMeters>4374.45</DistanceMeters>
          <HeartRateBpm><Value>143</Value></HeartRateBpm>
          <Cadence>79</Cadence>
          <Extensions><ns3:TPX><ns3:Speed>8.229</ns3:Speed><ns3:Watts>219</ns3:Watts></ns3:TPX></Extensions>
        </Trackpoint>
        <Trackpoint>
          <Time>2024-07-15T17:55:28Z</Time>
          <Position><LatitudeDegrees>50.3377399</LatitudeDegrees><LongitudeDegrees>6.9491458</LongitudeDegrees></Position>
          <AltitudeMeters>489.2</AltitudeMeters>
          <DistanceMeters>4382.97</DistanceMeters>
          <HeartRateBpm><Value>143</Value></HeartRateBpm>
          <Cadence>79</Cadence>
          <Extensions><ns3:TPX><ns3:Speed>8.518</ns3:Speed><ns3:Watts>220</ns3:Watts></ns3:TPX></Extensions>
        </Trackpoint>
        <Trackpoint>
          <Time>2024-07-15T17:55:29Z</Time>
          <Position><LatitudeDegrees>50.3377573</LatitudeDegrees><LongitudeDegrees>6.9490250</LongitudeDegrees></Position>
          <AltitudeMeters>489.4</AltitudeMeters>
          <DistanceMeters>4391.76</DistanceMeters>
          <HeartRateBpm><Value>142</Value></HeartRateBpm>
          <Cadence>79</Cadence>
          <Extensions><ns3:TPX><ns3:Speed>8.791</ns3:Speed><ns3:Watts>222</ns3:Watts></ns3:TPX></Extensions>
        </Trackpoint>
        <Trackpoint>
          <Time>2024-07-15T17:55:30Z</Time>
          <Position><LatitudeDegrees>50.3377733</LatitudeDegrees><LongitudeDegrees>6.9489000</LongitudeDegrees></Position>
          <AltitudeMeters>489.7</AltitudeMeters>
          <DistanceMeters>4400.81</DistanceMeters>
          <HeartRateBpm><Value>142</Value></HeartRateBpm>
          <Cadence>79</Cadence>
          <Extensions><ns3:TPX><ns3:Speed>9.047</ns3:Speed><ns3:Watts>224</ns3:Watts></ns3:TPX></Extensions>
        </Trackpoint>
        <Trackpoint>
          <Time>2024-07-15T17:55:31Z</Time>
          <Position><LatitudeDegrees>50.3377878</LatitudeDegrees><LongitudeDegrees>6.9487712</LongitudeDegrees></Position>
          <AltitudeMeters>490.0</AltitudeMeters>
          <DistanceMeters>4410.09</DistanceMeters>
          <HeartRateBpm><Value>141</Value></HeartRateBpm>
          <Cadence>78</Cadence>
          <Extensions><ns3:TPX><ns3:Speed>9.284</ns3:Speed><ns3:Watts>226</ns3:Watts></ns3:TPX></Extensions>
        </Trackpoint>
        <Trackpoint>
          <Time>2024-07-15T17:55:32Z</Time>
          <Position><LatitudeDegrees>50.3378008</LatitudeDegrees><LongitudeDegrees>6.9486389</LongitudeDegrees></Position>
          <AltitudeMeters>490.3</AltitudeMeters>
          <DistanceMeters>4419.59</DistanceMeters>
          <HeartRateBpm><Value>140</Value></HeartRateBpm>
          <Cadence>78</Cadence>
          <Extensions><ns3:TPX><ns3:Speed>9.501</ns3:Speed><ns3:Watts>229</ns3:Watts></ns3:TPX></Extensions>
        </Trackpoint>
        <Trackpoint>
          <Time>2024-07-15T17:55:33Z</Time>
          <Position><LatitudeDegrees>50.3378123</LatitudeDegrees><LongitudeDegrees>6.9485034</LongitudeDegrees></Position>
          <AltitudeMeters>490.6</AltitudeMeters>
          <DistanceMeters>4429.29</DistanceMeters>
          <HeartRateBpm><Value>140</Value></HeartRateBpm>
          <Cadence>78</Cadence>
          <Extensions><ns3:TPX><ns3:Speed>9.696</ns3:Speed><ns3:Watts>231</ns3:Watts></ns3:TPX></Extensions>
        </Trackpoint>
        <Trackpoint>
          <Time>2024-07-15T17:55:34Z</Time>
          <Position><LatitudeDegrees>50.3378223</LatitudeDegrees><LongitudeDegrees>6.9483652</LongitudeDegrees></Position>
          <AltitudeMeters>490.9</AltitudeMeters>
          <DistanceMeters>4439.16</DistanceMeters>
          <HeartRateBpm><Value>139</Value></HeartRateBpm>
          <Cadence>78</Cadence>
          <Extensions><ns3:TPX><ns3:Speed>9.870</ns3:Speed><ns3:Watts>234</ns3:Watts></ns3:TPX></Extensions>
        </Trackpoint>
        <Trackpoint>
          <Time>2024-07-15T17:55:35Z</Time>
          <Position><LatitudeDegrees>50.3378308</LatitudeDegrees><LongitudeDegrees>6.9482247</LongitudeDegrees></Position>
          <AltitudeMeters>491.2</AltitudeMeters>
          <DistanceMeters>4449.18</DistanceMeters>
          <HeartRateBpm><Value>139</Value></HeartRateBpm>
          <Cadence>77</Cadence>
          <Extensions><ns3:TPX><ns3:Speed>10.019</ns3:Speed><ns3:Watts>237</ns3:Watts></ns3:TPX></Extensions>
        </Trackpoint>
        <Trackpoint>
          <Time>2024-07-15T17:55:36Z</Time>
          <Position><LatitudeDegrees>50.3378377</LatitudeDegrees><LongitudeDegrees>6.9480822</LongitudeDegrees></Position>
          <AltitudeMeters>491.5</AltitudeMeters>
          <DistanceMeters>4459.33</DistanceMeters>
          <HeartRateBpm><Value>138</Value></HeartRateBpm>
          <Cadence>77</Cadence>
          <Extensions><ns3:TPX><ns3:Speed>10.146</ns3:Speed><ns3:Watts>240</ns3:Watts></ns3:TPX></Extensions>
        </Trackpoint>
        <Trackpoint>
          <Time>2024-07-15T17:55:37Z</Time>
          <Position><LatitudeDegrees>50.3378431</LatitudeDegrees><LongitudeDegrees>6.9479380</LongitudeDegrees></Position>
          <AltitudeMeters>491.9</AltitudeMeters>
          <DistanceMeters>4469.57</DistanceMeters>
          <HeartRateBpm><Value>138</Value></HeartRateBpm>
          <Cadence>77</Cadence>
          <Extensions><ns3:TPX><ns3:Speed>10.247</ns3:Speed><ns3:Watts>243</ns3:Watts></ns3:TPX></Extensions>
        </Trackpoint>
        <Trackpoint>
          <Time>2024-07-15T17:55:38Z</Time>
          <Position><LatitudeDegrees>50.3378469</LatitudeDegrees><LongitudeDegrees>6.9477927</LongitudeDegrees></Position>
          <AltitudeMeters>492.2</AltitudeMeters>
          <DistanceMeters>4479.90</DistanceMeters>
          <HeartRateBpm><Value>138</Value></HeartRateBpm>
          <Cadence>77</Cadence>
          <Extensions><ns3:TPX><ns3:Speed>10.324</ns3:Speed><ns3:Watts>246</ns3:Watts></ns3:TPX></Extensions>
        </Trackpoint>
        <Trackpoint>
          <Time>2024-07-15T17:55:39Z</Time>
          <Position><LatitudeDegrees>50.3378492</LatitudeDegrees><LongitudeDegrees>6.9476465</LongitudeDegrees></Position>
          <AltitudeMeters>492.6</AltitudeMeters>
          <DistanceMeters>4490.27</DistanceMeters>
          <HeartRateBpm><Value>138</Value></HeartRateBpm>
          <Cadence>77</Cadence>
          <Extensions><ns3:TPX><ns3:Speed>10.375</ns3:Speed><ns3:Watts>249</ns3:Watts></ns3:TPX></Extensions>
        </Trackpoint>
        <Trackpoint>
          <Time>2024-07-15T17:55:40Z</Time>
          <Position><LatitudeDegrees>50.3378500</LatitudeDegrees><LongitudeDegrees>6.9475000</LongitudeDegrees></Position>
          <AltitudeMeters>493.0</AltitudeMeters>
          <DistanceMeters>4500.67</DistanceMeters>
          <HeartRateBpm><Value>139</Value></HeartRateBpm>
          <Cadence>76</Cadence>
          <Extensions><ns3:TPX><ns3:Speed>10.401</ns3:Speed><ns3:Watts>252</ns3:Watts></ns3:TPX></Extensions>
        </Trackpoint>
        <Trackpoint>
          <Time>2024-07-15T17:55:41Z</Time>
          <Position><LatitudeDegrees>50.3378492</LatitudeDegrees><LongitudeDegrees>6.9473535</LongitudeDegrees></Position>
          <AltitudeMeters>493.4</AltitudeMeters>
          <DistanceMeters>4511.07</DistanceMeters>
          <HeartRateBpm><Value>139</Value></HeartRateBpm>
          <Cadence>76</Cadence>
          <Extensions><ns3:TPX><ns3:Speed>10.401</ns3:Speed><ns3:Watts>255</ns3:Watts></ns3:TPX></Extensions>
        </Trackpoint>
        <Trackpoint>
          <Time>2024-07-15T17:55:42Z</Time>
          <Position><LatitudeDegrees>50.3378469</LatitudeDegrees><LongitudeDegrees>6.9472073</LongitudeDegrees></Position>
          <AltitudeMeters>493.8</AltitudeMeters>
          <DistanceMeters>4521.45</DistanceMeters>
          <HeartRateBpm><Value>140</Value></HeartRateBpm>
          <Cadence>76</Cadence>
          <Extensions><ns3:TPX><ns3:Speed>10.375</ns3:Speed><ns3:Watts>258</ns3:Watts></ns3:TPX></Extensions>
        </Trackpoint>
        <Trackpoint>
          <Time>2024-07-15T17:55:43Z</Time>
          <Position><LatitudeDegrees>50.3378431</LatitudeDegrees><LongitudeDegrees>6.9470620</LongitudeDegrees></Position>
          <AltitudeMeters>494.2</AltitudeMeters>
          <DistanceMeters>4531.77</DistanceMeters>
          <HeartRateBpm><Value>141</Value></HeartRateBpm>
          <Cadence>76</Cadence>
          <Extensions><ns3:TPX><ns3:Speed>10.324</ns3:Speed><ns3:Watts>261</ns3:Watts></ns3:TPX></Extensions>
        </Trackpoint>
        <Trackpoint>
          <Time>2024-07-15T17:55:44Z</Time>
          <Position><LatitudeDegrees>50.3378377</LatitudeDegrees><LongitudeDegrees>6.9469178</LongitudeDegrees></Position>
          <AltitudeMeters>494.7</AltitudeMeters>
          <DistanceMeters>4542.02</DistanceMeters>
          <HeartRateBpm><Value>142</Value></HeartRateBpm>
          <Cadence>76</Cadence>
          <Extensions><ns3:TPX><ns3:Speed>10.247</ns3:Speed><ns3:Watts>264</ns3:Watts></ns3:TPX></Extensions>
        </Trackpoint>
        <Trackpoint>
          <Time>2024-07-15T17:55:45Z</Time>
          <Position><LatitudeDegrees>50.3378308</LatitudeDegrees><LongitudeDegrees>6.9467753</LongitudeDegrees></Position>
          <AltitudeMeters>495.1</AltitudeMeters>
          <DistanceMeters>4552.16</DistanceMeters>
          <HeartRateBpm><Value>143</Value></HeartRateBpm>
          <Cadence>75</Cadence>
          <Extensions><ns3:TPX><ns3:Speed>10.146</ns3:Speed><ns3:Watts>267</ns3:Watts></ns3:TPX></Extensions>
        </Trackpoint>
        <Trackpoint>
          <Time>2024-07-15T17:55:46Z</Time>
          <Position><LatitudeDegrees>50.3378223</LatitudeDegrees><LongitudeDegrees>6.9466348</LongitudeDegrees></Position>
          <AltitudeMeters>495.6</AltitudeMeters>
          <DistanceMeters>4562.18</DistanceMeters>
          <HeartRateBpm><Value>144</Value></HeartRateBpm>
          <Cadence>75</Cadence>
          <Extensions><ns3:TPX><ns3:Speed>10.019</ns3:Speed><ns3:Watts>270</ns3:Watts></ns3:TPX></Extensions>
        </Trackpoint>
        <Trackpoint>
          <Time>2024-07-15T17:55:47Z</Time>
          <Position><LatitudeDegrees>50.3378123</LatitudeDegrees><LongitudeDegrees>6.9464966</LongitudeDegrees></Position>
          <AltitudeMeters>496.0</AltitudeMeters>
          <DistanceMeters>4572.05</DistanceMeters>
          <HeartRateBpm><Value>146</Value></HeartRateBpm>
          <Cadence>75</Cadence>
          <Extensions><ns3:TPX><ns3:Speed>9.870</ns3:Speed><ns3:Watts>273</ns3:Watts></ns3:TPX></Extensions>
        </Trackpoint>
        <Trackpoint>
          <Time>2024-07-15T17:55:48Z</Time>
          <Position><LatitudeDegrees>50.3378008</LatitudeDegrees><LongitudeDegrees>6.9463611</LongitudeDegrees></Position>
          <AltitudeMeters>496.5</AltitudeMeters>
          <DistanceMeters>4581.75</DistanceMeters>
          <HeartRateBpm><Value>147</Value></HeartRateBpm>
          <Cadence>75</Cadence>
          <Extensions><ns3:TPX><ns3:Speed>9.696</ns3:Speed><ns3:Watts>275</ns3:Watts></ns3:TPX></Extensions>
        </Trackpoint>
        <Trackpoint>
          <Time>2024-07-15T17:55:49Z</Time>
          <Position><LatitudeDegrees>50.3377878</LatitudeDegrees><LongitudeDegrees>6.9462288</LongitudeDegrees></Position>
          <AltitudeMeters>497.0</AltitudeMeters>
          <DistanceMeters>4591.25</DistanceMeters>
          <HeartRateBpm><Value>149</Value></HeartRateBpm>
          <Cadence>75</Cadence>
          <Extensions><ns3:TPX><ns3:Speed>9.501</ns3:Speed><ns3:Watts>278</ns3:Watts></ns3:TPX></Extensions>
        </Trackpoint>
        <Trackpoint>
          <Time>2024-07-15T17:55:50Z</Time>
          <Position><LatitudeDegrees>50.3377733</LatitudeDegrees><LongitudeDegrees>6.9461000</LongitudeDegrees></Position>
          <AltitudeMeters>497.5</AltitudeMeters>
          <DistanceMeters>4600.53</DistanceMeters>
          <HeartRateBpm><Value>150</Value></HeartRateBpm>
          <Cadence>75</Cadence>
          <Extensions><ns3:TPX><ns3:Speed>9.284</ns3:Speed><ns3:Watts>280</ns3:Watts></ns3:TPX></Extensions>
        </Trackpoint>
        <Trackpoint>
          <Time>2024-07-15T17:55:51Z</Time>
          <Position><LatitudeDegrees>50.3377573</LatitudeDegrees><LongitudeDegrees>6.9459750</LongitudeDegrees></Position>
          <AltitudeMeters>498.0</AltitudeMeters>
          <DistanceMeters>4609.58</DistanceMeters>
          <HeartRateBpm><Value>152</Value></HeartRateBpm>
          <Cadence>75</Cadence>
          <Extensions><ns3:TPX><ns3:Speed>9.047</ns3:Speed><ns3:Watts>282</ns3:Watts></ns3:TPX></Extensions>
        </Trackpoint>
        <Trackpoint>
          <Time>2024-07-15T17:55:52Z</Time>
          <Position><LatitudeDegrees>50.3377399</LatitudeDegrees><LongitudeDegrees>6.9458542</LongitudeDegrees></Position>
          <AltitudeMeters>498.5</AltitudeMeters>
          <DistanceMeters>4618.37</DistanceMeters>
          <HeartRateBpm><Value>153</Value></HeartRateBpm>
          <Cadence>74</Cadence>
          <Extensions><ns3:TPX><ns3:Speed>8.791</ns3:Speed><ns3:Watts>284</ns3:Watts></ns3:TPX></Extensions>
        </Trackpoint>
        <Trackpoint>
          <Time>2024-07-15T17:55:53Z</Time>
          <Position><LatitudeDegrees>50.3377209</LatitudeDegrees><LongitudeDegrees>6.9457379</LongitudeDegrees></Position>
          <AltitudeMeters>499.0</AltitudeMeters>
          <DistanceMeters>4626.89</DistanceMeters>
          <HeartRateBpm><Value>155</Value></HeartRateBpm>
          <Cadence>74</Cadence>
          <Extensions><ns3:TPX><ns3:Speed>8.518</ns3:Speed><ns3:Watts>285</ns3:Watts></ns3:TPX></Extensions>
        </Trackpoint>
        <Trackpoint>
          <Time>2024-07-15T17:55:54Z</Time>
          <Position><LatitudeDegrees>50.3377006</LatitudeDegrees><LongitudeDegrees>6.9456264</LongitudeDegrees></Position>
          <AltitudeMeters>499.5</AltitudeMeters>
          <DistanceMeters>4635.12</DistanceMeters>
          <HeartRateBpm><Value>156</Value></HeartRateBpm>
          <Cadence>74</Cadence>
          <Extensions><ns3:TPX><ns3:Speed>8.229</ns3:Speed><ns3:Watts>287</ns3:Watts></ns3:TPX></Extensions>
        </Trackpoint>
        <Trackpoint>
          <Time>2024-07-15T17:55:55Z</Time>
          <Position><LatitudeDegrees>50.3376787</LatitudeDegrees><LongitudeDegrees>6.9455201</LongitudeDegrees></Position>
          <AltitudeMeters>500.0</AltitudeMeters>
          <DistanceMeters>4643.05</DistanceMeters>
          <HeartRateBpm><Value>157</Value></HeartRateBpm>
          <Cadence>74</Cadence>
          <Extensions><ns3:TPX><ns3:Speed>7.927</ns3:Speed><ns3:Watts>288</ns3:Watts></ns3:TPX></Extensions>
        </Trackpoint>
        <Trackpoint>
          <Time>2024-07-15T17:55:56Z</Time>
          <Position><LatitudeDegrees>50.3376555</LatitudeDegrees><LongitudeDegrees>6.9454192</LongitudeDegrees></Position>
          <AltitudeMeters>500.5</AltitudeMeters>
          <DistanceMeters>4650.66</DistanceMeters>
          <HeartRateBpm><Value>157</Value></HeartRateBpm>
          <Cadence>74</Cadence>
          <Extensions><ns3:TPX><ns3:Speed>7.614</ns3:Speed><ns3:Watts>289</ns3:Watts></ns3:TPX></Extensions>
        </Trackpoint>
        <Trackpoint>
          <Time>2024-07-15T17:55:57Z</Time>
          <Position><LatitudeDegrees>50.3376308</LatitudeDegrees><LongitudeDegrees>6.9453240</LongitudeDegrees></Position>
          <AltitudeMeters>501.0</AltitudeMeters>
          <DistanceMeters>4657.95</DistanceMeters>
          <HeartRateBpm><Value>158</Value></HeartRateBpm>
          <Cadence>74</Cadence>
          <Extensions><ns3:TPX><ns3:Speed>7.292</ns3:Speed><ns3:Watts>290</ns3:Watts></ns3:TPX></Extensions>
        </Trackpoint>
        <Trackpoint>
          <Time>2024-07-15T17:55:58Z</Time>
          <Position><LatitudeDegrees>50.3376048</LatitudeDegrees><LongitudeDegrees>6.9452348</LongitudeDegrees></Position>
          <AltitudeMeters>501.5</AltitudeMeters>
          <DistanceMeters>4664.92</DistanceMeters>
          <HeartRateBpm><Value>158</Value></HeartRateBpm>
          <Cadence>74</Cadence>
          <Extensions><ns3:TPX><ns3:Speed>6.964</ns3:Speed><ns3:Watts>291</ns3:Watts></ns3:TPX></Extensions>
        </Trackpoint>
        <Trackpoint>
          <Time>2024-07-15T17:55:59Z</Time>
          <Position><LatitudeDegrees>50.3375773</LatitudeDegrees><LongitudeDegrees>6.9451517</LongitudeDegrees></Position>
          <AltitudeMeters>502.0</AltitudeMeters>
          <DistanceMeters>4671.55</DistanceMeters>
          <HeartRateBpm><Value>158</Value></HeartRateBpm>
          <Cadence>73</Cadence>
          <Extensions><ns3:TPX><ns3:Speed>6.635</ns3:Speed><ns3:Watts>291</ns3:Watts></ns3:TPX></Extensions>
        </Trackpoint>
        <Trackpoint>
          <Time>2024-07-15T17:56:00Z</Time>
          <Position><LatitudeDegrees>50.3375486</LatitudeDegrees><LongitudeDegrees>6.9450751</LongitudeDegrees></Position>
          <AltitudeMeters>502.5</AltitudeMeters>
          <DistanceMeters>4677.86</DistanceMeters>
          <HeartRateBpm><Value>158</Value></HeartRateBpm>
          <Cadence>73</Cadence>
          <Extensions><ns3:TPX><ns3:Speed>6.308</ns3:Speed><ns3:Watts>291</ns3:Watts></ns3:TPX></Extensions>
        </Trackpoint>
        <Trackpoint>
          <Time>2024-07-15T17:56:01Z</Time>
          <Position><LatitudeDegrees>50.3375184</LatitudeDegrees><LongitudeDegrees>6.9450052</LongitudeDegrees></Position>
          <AltitudeMeters>503.0</AltitudeMeters>
          <DistanceMeters>4683.85</DistanceMeters>
          <HeartRateBpm><Value>158</Value></HeartRateBpm>
          <Cadence>73</Cadence>
          <Extensions><ns3:TPX><ns3:Speed>5.988</ns3:Speed><ns3:Watts>291</ns3:Watts></ns3:TPX></Extensions>
        </Trackpoint>
        <Trackpoint>
          <Time>2024-07-15T17:56:02Z</Time>
          <Position><LatitudeDegrees>50.3374870</LatitudeDegrees><LongitudeDegrees>6.9449421</LongitudeDegrees></Position>
          <AltitudeMeters>503.5</AltitudeMeters>
          <DistanceMeters>4689.53</DistanceMeters>
          <HeartRateBpm><Value>158</Value></HeartRateBpm>
          <Cadence>73</Cadence>
          <Extensions><ns3:TPX><ns3:Speed>5.681</ns3:Speed><ns3:Watts>291</ns3:Watts></ns3:TPX></Extensions>
        </Trackpoint>
        <Trackpoint>
          <Time>2024-07-15T17:56:03Z</Time>
          <Position><LatitudeDegrees>50.3374543</LatitudeDegrees><LongitudeDegrees>6.9448860</LongitudeDegrees></Position>
          <AltitudeMeters>504.0</AltitudeMeters>
          <DistanceMeters>4694.92</DistanceMeters>
          <HeartRateBpm><Value>157</Value></HeartRateBpm>
          <Cadence>73</Cadence>
          <Extensions><ns3:TPX><ns3:Speed>5.394</ns3:Speed><ns3:Watts>291</ns3:Watts></ns3:TPX></Extensions>
        </Trackpoint>
        <Trackpoint>
          <Time>2024-07-15T17:56:04Z</Time>
          <Position><LatitudeDegrees>50.3374203</LatitudeDegrees><LongitudeDegrees>6.9448370</LongitudeDegrees></Position>
          <AltitudeMeters>504.4</AltitudeMeters>
          <DistanceMeters>4700.06</DistanceMeters>
          <HeartRateBpm><Value>156</Value></HeartRateBpm>
          <Cadence>73</Cadence>
          <Extensions><ns3:TPX><ns3:Speed>5.133</ns3:Speed><ns3:Watts>290</ns3:Watts></ns3:TPX></Extensions>
        </Trackpoint>
        <Trackpoint>
          <Time>2024-07-15T17:56:05Z</Time>
          <Position><LatitudeDegrees>50.3373850</LatitudeDegrees><LongitudeDegrees>6.9447954</LongitudeDegrees></Position>
          <AltitudeMeters>504.9</AltitudeMeters>
          <DistanceMeters>4704.96</DistanceMeters>
          <HeartRateBpm><Value>156</Value></HeartRateBpm>
          <Cadence>73</Cadence>
          <Extensions><ns3:TPX><ns3:Speed>4.908</ns3:Speed><ns3:Watts>290</ns3:Watts></ns3:TPX></Extensions>
        </Trackpoint>
        <Trackpoint>
          <Time>2024-07-15T17:56:06Z</Time>
          <Position><LatitudeDegrees>50.3373486</LatitudeDegrees><LongitudeDegrees>6.9447612</LongitudeDegrees></Position>
          <AltitudeMeters>505.3</AltitudeMeters>
          <DistanceMeters>4709.69</DistanceMeters>
          <HeartRateBpm><Value>155</Value></HeartRateBpm>
          <Cadence>73</Cadence>
          <Extensions><ns3:TPX><ns3:Speed>4.727</ns3:Speed><ns3:Watts>289</ns3:Watts></ns3:TPX></Extensions>
        </Trackpoint>
        <Trackpoint>
          <Time>2024-07-15T17:56:07Z</Time>
          <Position><LatitudeDegrees>50.3373109</LatitudeDegrees><LongitudeDegrees>6.9447345</LongitudeDegrees></Position>
          <AltitudeMeters>505.8</AltitudeMeters>
          <DistanceMeters>4714.29</DistanceMeters>
          <HeartRateBpm><Value>154</Value></HeartRateBpm>
          <Cadence>73</Cadence>
          <Extensions><ns3:TPX><ns3:Speed>4.597</ns3:Speed><ns3:Watts>288</ns3:Watts></ns3:TPX></Extensions>
        </Trackpoint>
        <Trackpoint>
          <Time>2024-07-15T17:56:08Z</Time>
          <Position><LatitudeDegrees>50.3372721</LatitudeDegrees><LongitudeDegrees>6.9447153</LongitudeDegrees></Position>
          <AltitudeMeters>506.2</AltitudeMeters>
          <DistanceMeters>4718.82</DistanceMeters>
          <HeartRateBpm><Value>153</Value></HeartRateBpm>
          <Cadence>73</Cadence>
          <Extensions><ns3:TPX><ns3:Speed>4.527</ns3:Speed><ns3:Watts>288</ns3:Watts></ns3:TPX></Extensions>
        </Trackpoint>
        <Trackpoint>
          <Time>2024-07-15T17:56:09Z</Time>
          <Position><LatitudeDegrees>50.3372321</LatitudeDegrees><LongitudeDegrees>6.9447038</LongitudeDegrees></Position>
          <AltitudeMeters>506.6</AltitudeMeters>
          <DistanceMeters>4723.34</DistanceMeters>
          <HeartRateBpm><Value>153</Value></HeartRateBpm>
          <Cadence>73</Cadence>
          <Extensions><ns3:TPX><ns3:Speed>4.520</ns3:Speed><ns3:Watts>287</ns3:Watts></ns3:TPX></Extensions>
        </Trackpoint>
        <Trackpoint>
          <Time>2024-07-15T17:56:10Z</Time>
          <Position><LatitudeDegrees>50.3371910</LatitudeDegrees><LongitudeDegrees>6.9447000</LongitudeDegrees></Position>
          <AltitudeMeters>507.0</AltitudeMeters>
          <DistanceMeters>4727.91</DistanceMeters>
          <HeartRateBpm><Value>152</Value></HeartRateBpm>
          <Cadence>73</Cadence>
          <Extensions><ns3:TPX><ns3:Speed>4.578</ns3:Speed><ns3:Watts>286</ns3:Watts></ns3:TPX></Extensions>
        </Trackpoint>
        <Trackpoint>
          <Time>2024-07-15T17:56:11Z</Time>
          <Position><LatitudeDegrees>50.3371488</LatitudeDegrees><LongitudeDegrees>6.9447038</LongitudeDegrees></Position>
          <AltitudeMeters>507.4</AltitudeMeters>
          <DistanceMeters>4732.61</DistanceMeters>
          <HeartRateBpm><Value>152</Value></HeartRateBpm>
          <Cadence>73</Cadence>
          <Extensions><ns3:TPX><ns3:Speed>4.699</ns3:Speed><ns3:Watts>285</ns3:Watts></ns3:TPX></Extensions>
        </Trackpoint>
        <Trackpoint>
          <Time>2024-07-15T17:56:12Z</Time>
          <Position><LatitudeDegrees>50.3371055</LatitudeDegrees><LongitudeDegrees>6.9447153</LongitudeDegrees></Position>
          <AltitudeMeters>507.8</AltitudeMeters>
          <DistanceMeters>4737.49</DistanceMeters>
          <HeartRateBpm><Value>152</Value></HeartRateBpm>
          <Cadence>73</Cadence>
          <Extensions><ns3:TPX><ns3:Speed>4.878</ns3:Speed><ns3:Watts>284</ns3:Watts></ns3:TPX></Extensions>
        </Trackpoint>
        <Trackpoint>
          <Time>2024-07-15T17:56:13Z</Time>
          <Position><LatitudeDegrees>50.3370613</LatitudeDegrees><LongitudeDegrees>6.9447345</LongitudeDegrees></Position>
          <AltitudeMeters>508.1</AltitudeMeters>
          <DistanceMeters>4742.60</DistanceMeters>
          <HeartRateBpm><Value>152</Value></HeartRateBpm>
          <Cadence>73</Cadence>
          <Extensions><ns3:TPX><ns3:Speed>5.108</ns3:Speed><ns3:Watts>283</ns3:Watts></ns3:TPX></Extensions>
        </Trackpoint>
        <Trackpoint>
          <Time>2024-07-15T17:56:14Z</Time>
          <Position><LatitudeDegrees>50.3370160</LatitudeDegrees><LongitudeDegrees>6.9447612</LongitudeDegrees></Position>
          <AltitudeMeters>508.4</AltitudeMeters>
          <DistanceMeters>4747.98</DistanceMeters>
          <HeartRateBpm><Value>152</Value></HeartRateBpm>
          <Cadence>73</Cadence>
          <Extensions><ns3:TPX><ns3:Speed>5.381</ns3:Speed><ns3:Watts>282</ns3:Watts></ns3:TPX></Extensions>
        </Trackpoint>
        <Trackpoint>
          <Time>2024-07-15T17:56:15Z</Time>
          <Position><LatitudeDegrees>50.3369697</LatitudeDegrees><LongitudeDegrees>6.9447954</LongitudeDegrees></Position>
          <AltitudeMeters>508.7</AltitudeMeters>
          <DistanceMeters>4753.67</DistanceMeters>
          <HeartRateBpm><Value>152</Value></HeartRateBpm>
          <Cadence>73</Cadence>
          <Extensions><ns3:TPX><ns3:Speed>5.688</ns3:Speed><ns3:Watts>281</ns3:Watts></ns3:TPX></Extensions>
        </Trackpoint>
        <Trackpoint>
          <Time>2024-07-15T17:56:16Z</Time>
          <Position><LatitudeDegrees>50.3369225</LatitudeDegrees><LongitudeDegrees>6.9448370</LongitudeDegrees></Position>
          <AltitudeMeters>509.0</AltitudeMeters>
          <DistanceMeters>4759.69</DistanceMeters>
          <HeartRateBpm><Value>153</Value></HeartRateBpm>
          <Cadence>73</Cadence>
          <Extensions><ns3:TPX><ns3:Speed>6.023</ns3:Speed><ns3:Watts>280</ns3:Watts></ns3:TPX></Extensions>
        </Trackpoint>
        <Trackpoint>
          <Time>2024-07-15T17:56:17Z</Time>
          <Position><LatitudeDegrees>50.3368744</LatitudeDegrees><LongitudeDegrees>6.9448860</LongitudeDegrees></Position>
          <AltitudeMeters>509.3</AltitudeMeters>
          <DistanceMeters>4766.07</DistanceMeters>
          <HeartRateBpm><Value>153</Value></HeartRateBpm>
          <Cadence>73</Cadence>
          <Extensions><ns3:TPX><ns3:Speed>6.377</ns3:Speed><ns3:Watts>279</ns3:Watts></ns3:TPX></Extensions>
        </Trackpoint>
        <Trackpoint>
          <Time>2024-07-15T17:56:18Z</Time>
          <Position><LatitudeDegrees>50.3368254</LatitudeDegrees><LongitudeDegrees>6.9449421</LongitudeDegrees></Position>
          <AltitudeMeters>509.6</AltitudeMeters>
          <DistanceMeters>4772.82</DistanceMeters>
          <HeartRateBpm><Value>154</Value></HeartRateBpm>
          <Cadence>73</Cadence>
          <Extensions><ns3:TPX><ns3:Speed>6.746</ns3:Speed><ns3:Watts>278</ns3:Watts></ns3:TPX></Extensions>
        </Trackpoint>
        <Trackpoint>
          <Time>2024-07-15T17:56:19Z</Time>
          <Position><LatitudeDegrees>50.3367756</LatitudeDegrees><LongitudeDegrees>6.9450052</LongitudeDegrees></Position>
          <AltitudeMeters>509.8</AltitudeMeters>
          <DistanceMeters>4779.94</DistanceMeters>
          <HeartRateBpm><Value>155</Value></HeartRateBpm>
          <Cadence>73</Cadence>
          <Extensions><ns3:TPX><ns3:Speed>7.124</ns3:Speed><ns3:Watts>278</ns3:Watts></ns3:TPX></Extensions>
        </Trackpoint>
        <Trackpoint>
          <Time>2024-07-15T17:56:20Z</Time>
          <Position><LatitudeDegrees>50.3367250</LatitudeDegrees><LongitudeDegrees>6.9450751</LongitudeDegrees></Position>
          <AltitudeMeters>510.0</AltitudeMeters>
          <DistanceMeters>4787.44</DistanceMeters>
          <HeartRateBpm><Value>156</Value></HeartRateBpm>
          <Cadence>73</Cadence>
          <Extensions><ns3:TPX><ns3:Speed>7.505</ns3:Speed><ns3:Watts>278</ns3:Watts></ns3:TPX></Extensions>
        </Trackpoint>
        <Trackpoint>
          <Time>2024-07-15T17:56:21Z</Time>
          <Position><LatitudeDegrees>50.3366736</LatitudeDegrees><LongitudeDegrees>6.9451517</LongitudeDegrees></Position>
          <AltitudeMeters>510.2</AltitudeMeters>
          <DistanceMeters>4795.33</DistanceMeters>
          <HeartRateBpm><Value>157</Value></HeartRateBpm>
          <Cadence>73</Cadence>
          <Extensions><ns3:TPX><ns3:Speed>7.887</ns3:Speed><ns3:Watts>277</ns3:Watts></ns3:TPX></Extensions>
        </Trackpoint>
        <Trackpoint>
          <Time>2024-07-15T17:56:22Z</Time>
          <Position><LatitudeDegrees>50.3366215</LatitudeDegrees><LongitudeDegrees>6.9452348</LongitudeDegrees></Position>
          <AltitudeMeters>510.3</AltitudeMeters>
          <DistanceMeters>4803.60</DistanceMeters>
          <HeartRateBpm><Value>159</Value></HeartRateBpm>
          <Cadence>73</Cadence>
          <Extensions><ns3:TPX><ns3:Speed>8.266</ns3:Speed><ns3:Watts>277</ns3:Watts></ns3:TPX></Extensions>
        </Trackpoint>
        <Trackpoint>
          <Time>2024-07-15T17:56:23Z</Time>
          <Position><LatitudeDegrees>50.3365686</LatitudeDegrees><LongitudeDegrees>6.9453240</LongitudeDegrees></Position>
          <AltitudeMeters>510.5</AltitudeMeters>
          <DistanceMeters>4812.24</DistanceMeters>
          <HeartRateBpm><Value>160</Value></HeartRateBpm>
          <Cadence>73</Cadence>
          <Extensions><ns3:TPX><ns3:Speed>8.638</ns3:Speed><ns3:Watts>277</ns3:Watts></ns3:TPX></Extensions>
        </Trackpoint>
        <Trackpoint>
          <Time>2024-07-15T17:56:24Z</Time>
          <Position><LatitudeDegrees>50.3365152</LatitudeDegrees><LongitudeDegrees>6.9454192</LongitudeDegrees></Position>
          <AltitudeMeters>510.6</AltitudeMeters>
          <DistanceMeters>4821.24</DistanceMeters>
          <HeartRateBpm><Value>161</Value></HeartRateBpm>
          <Cadence>73</Cadence>
          <Extensions><ns3:TPX><ns3:Speed>9.002</ns3:Speed><ns3:Watts>277</ns3:Watts></ns3:TPX></Extensions>
        </Trackpoint>
        <Trackpoint>
          <Time>2024-07-15T17:56:25Z</Time>
          <Position><LatitudeDegrees>50.3364610</LatitudeDegrees><LongitudeDegrees>6.9455201</LongitudeDegrees></Position>
          <AltitudeMeters>510.7</AltitudeMeters>
          <DistanceMeters>4830.59</DistanceMeters>
          <HeartRateBpm><Value>163</Value></HeartRateBpm>
          <Cadence>73</Cadence>
          <Extensions><ns3:TPX><ns3:Speed>9.354</ns3:Speed><ns3:Watts>278</ns3:Watts></ns3:TPX></Extensions>
        </Trackpoint>
        <Trackpoint>
          <Time>2024-07-15T17:56:26Z</Time>
          <Position><LatitudeDegrees>50.3364063</LatitudeDegrees><LongitudeDegrees>6.9456264</LongitudeDegrees></Position>
          <AltitudeMeters>510.8</AltitudeMeters>
          <DistanceMeters>4840.29</DistanceMeters>
          <HeartRateBpm><Value>164</Value></HeartRateBpm>
          <Cadence>73</Cadence>
          <Extensions><ns3:TPX><ns3:Speed>9.693</ns3:Speed><ns3:Watts>278</ns3:Watts></ns3:TPX></Extensions>
        </Trackpoint>
        <Trackpoint>
          <Time>2024-07-15T17:56:27Z</Time>
          <Position><LatitudeDegrees>50.3363511</LatitudeDegrees><LongitudeDegrees>6.9457379</LongitudeDegrees></Position>
          <AltitudeMeters>510.8</AltitudeMeters>
          <DistanceMeters>4850.30</DistanceMeters>
          <HeartRateBpm><Value>165</Value></HeartRateBpm>
          <Cadence>73</Cadence>
          <Extensions><ns3:TPX><ns3:Speed>10.017</ns3:Speed><ns3:Watts>279</ns3:Watts></ns3:TPX></Extensions>
        </Trackpoint>
        <Trackpoint>
          <Time>2024-07-15T17:56:28Z</Time>
          <Position><LatitudeDegrees>50.3362953</LatitudeDegrees><LongitudeDegrees>6.9458542</LongitudeDegrees></Position>
          <AltitudeMeters>510.9</AltitudeMeters>
          <DistanceMeters>4860.63</DistanceMeters>
          <HeartRateBpm><Value>166</Value></HeartRateBpm>
          <Cadence>73</Cadence>
          <Extensions><ns3:TPX><ns3:Speed>10.325</ns3:Speed><ns3:Watts>280</ns3:Watts></ns3:TPX></Extensions>
        </Trackpoint>
        <Trackpoint>
          <Time>2024-07-15T17:56:29Z</Time>
          <Position><LatitudeDegrees>50.3362390</LatitudeDegrees><LongitudeDegrees>6.9459750</LongitudeDegrees></Position>
          <AltitudeMeters>510.9</AltitudeMeters>
          <DistanceMeters>4871.24</DistanceMeters>
          <HeartRateBpm><Value>166</Value></HeartRateBpm>
          <Cadence>73</Cadence>
          <Extensions><ns3:TPX><ns3:Speed>10.613</ns3:Speed><ns3:Watts>281</ns3:Watts></ns3:TPX></Extensions>
        </Trackpoint>
        <Trackpoint>
          <Time>2024-07-15T17:56:30Z</Time>
          <Position><LatitudeDegrees>50.3361823</LatitudeDegrees><LongitudeDegrees>6.9461000</LongitudeDegrees></Position>
          <AltitudeMeters>510.9</AltitudeMeters>
          <DistanceMeters>4882.12</DistanceMeters>
          <HeartRateBpm><Value>167</Value></HeartRateBpm>
          <Cadence>73</Cadence>
          <Extensions><ns3:TPX><ns3:Speed>10.883</ns3:Speed><ns3:Watts>282</ns3:Watts></ns3:TPX></Extensions>
        </Trackpoint>
        <Trackpoint>
          <Time>2024-07-15T17:56:31Z</Time>
          <Position><LatitudeDegrees>50.3361253</LatitudeDegrees><LongitudeDegrees>6.9462288</LongitudeDegrees></Position>
          <AltitudeMeters>510.9</AltitudeMeters>
          <DistanceMeters>4893.25</DistanceMeters>
          <HeartRateBpm><Value>167</Value></HeartRateBpm>
          <Cadence>73</Cadence>
          <Extensions><ns3:TPX><ns3:Speed>11.131</ns3:Speed><ns3:Watts>284</ns3:Watts></ns3:TPX></Extensions>
        </Trackpoint>
        <Trackpoint>
          <Time>2024-07-15T17:56:32Z</Time>
          <Position><LatitudeDegrees>50.3360678</LatitudeDegrees><LongitudeDegrees>6.9463611</LongitudeDegrees></Position>
          <AltitudeMeters>510.8</AltitudeMeters>
          <DistanceMeters>4904.61</DistanceMeters>
          <HeartRateBpm><Value>167</Value></HeartRateBpm>
          <Cadence>73</Cadence>
          <Extensions><ns3:TPX><ns3:Speed>11.358</ns3:Speed><ns3:Watts>285</ns3:Watts></ns3:TPX></Extensions>
        </Trackpoint>
        <Trackpoint>
          <Time>2024-07-15T17:56:33Z</Time>
          <Position><LatitudeDegrees>50.3360100</LatitudeDegrees><LongitudeDegrees>6.9464966</LongitudeDegrees></Position>
          <AltitudeMeters>510.8</AltitudeMeters>
          <DistanceMeters>4916.17</DistanceMeters>
          <HeartRateBpm><Value>167</Value></HeartRateBpm>
          <Cadence>73</Cadence>
          <Extensions><ns3:TPX><ns3:Speed>11.561</ns3:Speed><ns3:Watts>287</ns3:Watts></ns3:TPX></Extensions>
        </Trackpoint>
        <Trackpoint>
          <Time>2024-07-15T17:56:34Z</Time>
          <Position><LatitudeDegrees>50.3359520</LatitudeDegrees><LongitudeDegrees>6.9466348</LongitudeDegrees></Position>
          <AltitudeMeters>510.7</AltitudeMeters>
          <DistanceMeters>4927.91</DistanceMeters>
          <HeartRateBpm><Value>167</Value></HeartRateBpm>
          <Cadence>73</Cadence>
          <Extensions><ns3:TPX><ns3:Speed>11.741</ns3:Speed><ns3:Watts>288</ns3:Watts></ns3:TPX></Extensions>
        </Trackpoint>
        <Trackpoint>
          <Time>2024-07-15T17:56:35Z</Time>
          <Position><LatitudeDegrees>50.3358937</LatitudeDegrees><LongitudeDegrees>6.9467753</LongitudeDegrees></Position>
          <AltitudeMeters>510.6</AltitudeMeters>
          <DistanceMeters>4939.81</DistanceMeters>
          <HeartRateBpm><Value>166</Value></HeartRateBpm>
          <Cadence>73</Cadence>
          <Extensions><ns3:TPX><ns3:Speed>11.897</ns3:Speed><ns3:Watts>290</ns3:Watts></ns3:TPX></Extensions>
        </Trackpoint>
        <Trackpoint>
          <Time>2024-07-15T17:56:36Z</Time>
          <Position><LatitudeDegrees>50.3358352</LatitudeDegrees><LongitudeDegrees>6.9469178</LongitudeDegrees></Position>
          <AltitudeMeters>510.5</AltitudeMeters>
          <DistanceMeters>4951.84</DistanceMeters>
          <HeartRateBpm><Value>165</Value></HeartRateBpm>
          <Cadence>74</Cadence>
          <Extensions><ns3:TPX><ns3:Speed>12.027</ns3:Speed><ns3:Watts>292</ns3:Watts></ns3:TPX></Extensions>
        </Trackpoint>
        <Trackpoint>
          <Time>2024-07-15T17:56:37Z</Time>
          <Position><LatitudeDegrees>50.3357765</LatitudeDegrees><LongitudeDegrees>6.9470620</LongitudeDegrees></Position>
          <AltitudeMeters>510.4</AltitudeMeters>
          <DistanceMeters>4963.97</DistanceMeters>
          <HeartRateBpm><Value>165</Value></HeartRateBpm>
          <Cadence>74</Cadence>
          <Extensions><ns3:TPX><ns3:Speed>12.132</ns3:Speed><ns3:Watts>294</ns3:Watts></ns3:TPX></Extensions>
        </Trackpoint>
        <Trackpoint>
          <Time>2024-07-15T17:56:38Z</Time>
          <Position><LatitudeDegrees>50.3357178</LatitudeDegrees><LongitudeDegrees>6.9472073</LongitudeDegrees></Position>
          <AltitudeMeters>510.3</AltitudeMeters>
          <DistanceMeters>4976.18</DistanceMeters>
          <HeartRateBpm><Value>164</Value></HeartRateBpm>
          <Cadence>74</Cadence>
          <Extensions><ns3:TPX><ns3:Speed>12.211</ns3:Speed><ns3:Watts>296</ns3:Watts></ns3:TPX></Extensions>
        </Trackpoint>
        <Trackpoint>
          <Time>2024-07-15T17:56:39Z</Time>
          <Position><LatitudeDegrees>50.3356589</LatitudeDegrees><LongitudeDegrees>6.9473535</LongitudeDegrees></Position>
          <AltitudeMeters>510.2</AltitudeMeters>
          <DistanceMeters>4988.45</DistanceMeters>
          <HeartRateBpm><Value>163</Value></HeartRateBpm>
          <Cadence>74</Cadence>
          <Extensions><ns3:TPX><ns3:Speed>12.264</ns3:Speed><ns3:Watts>298</ns3:Watts></ns3:TPX></Extensions>
        </Trackpoint>
        <Trackpoint>
          <Time>2024-07-15T17:56:40Z</Time>
          <Position><LatitudeDegrees>50.3356000</LatitudeDegrees><LongitudeDegrees>6.9475000</LongitudeDegrees></Position>
          <AltitudeMeters>510.0</AltitudeMeters>
          <DistanceMeters>5000.74</DistanceMeters>
          <HeartRateBpm><Value>162</Value></HeartRateBpm>
          <Cadence>74</Cadence>
          <Extensions><ns3:TPX><ns3:Speed>12.291</ns3:Speed><ns3:Watts>300</ns3:Watts></ns3:TPX></Extensions>
        </Trackpoint>
        <Trackpoint>
          <Time>2024-07-15T17:56:41Z</Time>
          <Position><LatitudeDegrees>50.3355411</LatitudeDegrees><LongitudeDegrees>6.9476465</LongitudeDegrees></Position>
          <AltitudeMeters>509.8</AltitudeMeters>
          <DistanceMeters>5013.03</DistanceMeters>
          <HeartRateBpm><Value>160</Value></HeartRateBpm>
          <Cadence>74</Cadence>
          <Extensions><ns3:TPX><ns3:Speed>12.291</ns3:Speed><ns3:Watts>301</ns3:Watts></ns3:TPX></Extensions>
        </Trackpoint>
        <Trackpoint>
          <Time>2024-07-15T17:56:42Z</Time>
          <Position><LatitudeDegrees>50.3354822</LatitudeDegrees><LongitudeDegrees>6.9477927</LongitudeDegrees></Position>
          <AltitudeMeters>509.7</AltitudeMeters>
          <DistanceMeters>5025.29</DistanceMeters>
          <HeartRateBpm><Value>159</Value></HeartRateBpm>
          <Cadence>74</Cadence>
          <Extensions><ns3:TPX><ns3:Speed>12.264</ns3:Speed><ns3:Watts>303</ns3:Watts></ns3:TPX></Extensions>
        </Trackpoint>
        <Trackpoint>
          <Time>2024-07-15T17:56:43Z</Time>
          <Position><LatitudeDegrees>50.3354235</LatitudeDegrees><LongitudeDegrees>6.9479380</LongitudeDegrees></Position>
          <AltitudeMeters>509.5</AltitudeMeters>
          <DistanceMeters>5037.50</DistanceMeters>
          <HeartRateBpm><Value>158</Value></HeartRateBpm>
          <Cadence>74</Cadence>
          <Extensions><ns3:TPX><ns3:Speed>12.211</ns3:Speed><ns3:Watts>305</ns3:Watts></ns3:TPX></Extensions>
        </Trackpoint>
        <Trackpoint>
          <Time>2024-07-15T17:56:44Z</Time>
          <Position><LatitudeDegrees>50.3353648</LatitudeDegrees><LongitudeDegrees>6.9480822</LongitudeDegrees></Position>
          <AltitudeMeters>509.3</AltitudeMeters>
          <DistanceMeters>5049.64</DistanceMeters>
          <HeartRateBpm><Value>157</Value></HeartRateBpm>
          <Cadence>75</Cadence>
          <Extensions><ns3:TPX><ns3:Speed>12.132</ns3:Speed><ns3:Watts>307</ns3:Watts></ns3:TPX></Extensions>
        </Trackpoint>
        <Trackpoint>
          <Time>2024-07-15T17:56:45Z</Time>
          <Position><LatitudeDegrees>50.3353063</LatitudeDegrees><LongitudeDegrees>6.9482247</LongitudeDegrees></Position>
          <AltitudeMeters>509.1</AltitudeMeters>
          <DistanceMeters>5061.66</DistanceMeters>
          <HeartRateBpm><Value>157</Value></HeartRateBpm>
          <Cadence>75</Cadence>
          <Extensions><ns3:TPX><ns3:Speed>12.027</ns3:Speed><ns3:Watts>308</ns3:Watts></ns3:TPX></Extensions>
        </Trackpoint>
        <Trackpoint>
          <Time>2024-07-15T17:56:46Z</Time>
          <Position><LatitudeDegrees>50.3352480</LatitudeDegrees><LongitudeDegrees>6.9483652</LongitudeDegrees></Position>
          <AltitudeMeters>508.9</AltitudeMeters>
          <DistanceMeters>5073.56</DistanceMeters>
          <HeartRateBpm><Value>156</Value></HeartRateBpm>
          <Cadence>75</Cadence>
          <Extensions><ns3:TPX><ns3:Speed>11.897</ns3:Speed><ns3:Watts>309</ns3:Watts></ns3:TPX></Extensions>
        </Trackpoint>
        <Trackpoint>
          <Time>2024-07-15T17:56:47Z</Time>
          <Position><LatitudeDegrees>50.3351900</LatitudeDegrees><LongitudeDegrees>6.9485034</LongitudeDegrees></Position>
          <AltitudeMeters>508.7</AltitudeMeters>
          <DistanceMeters>5085.30</DistanceMeters>
          <HeartRateBpm><Value>155</Value></HeartRateBpm>
          <Cadence>75</Cadence>
          <Extensions><ns3:TPX><ns3:Speed>11.741</ns3:Speed><ns3:Watts>311</ns3:Watts></ns3:TPX></Extensions>
        </Trackpoint>
        <Trackpoint>
          <Time>2024-07-15T17:56:48Z</Time>
          <Position><LatitudeDegrees>50.3351322</LatitudeDegrees><LongitudeDegrees>6.9486389</LongitudeDegrees></Position>
          <AltitudeMeters>508.5</AltitudeMeters>
          <DistanceMeters>5096.86</DistanceMeters>
          <HeartRateBpm><Value>155</Value></HeartRateBpm>
          <Cadence>75</Cadence>
          <Extensions><ns3:TPX><ns3:Speed>11.561</ns3:Speed><ns3:Watts>312</ns3:Watts></ns3:TPX></Extensions>
        </Trackpoint>
        <Trackpoint>
          <Time>2024-07-15T17:56:49Z</Time>
          <Position><LatitudeDegrees>50.3350747</LatitudeDegrees><LongitudeDegrees>6.9487712</LongitudeDegrees></Position>
          <AltitudeMeters>508.3</AltitudeMeters>
          <DistanceMeters>5108.22</DistanceMeters>
          <HeartRateBpm><Value>155</Value></HeartRateBpm>
          <Cadence>75</Cadence>
          <Extensions><ns3:TPX><ns3:Speed>11.358</ns3:Speed><ns3:Watts>313</ns3:Watts></ns3:TPX></Extensions>
        </Trackpoint>
        <Trackpoint>
          <Time>2024-07-15T17:56:50Z</Time>
          <Position><LatitudeDegrees>50.3350177</LatitudeDegrees><LongitudeDegrees>6.9489000</LongitudeDegrees></Position>
          <AltitudeMeters>508.1</AltitudeMeters>
          <DistanceMeters>5119.35</DistanceMeters>
          <HeartRateBpm><Value>155</Value></HeartRateBpm>
          <Cadence>76</Cadence>
          <Extensions><ns3:TPX><ns3:Speed>11.131</ns3:Speed><ns3:Watts>313</ns3:Watts></ns3:TPX></Extensions>
        </Trackpoint>
        <Trackpoint>
          <Time>2024-07-15T17:56:51Z</Time>
          <Position><LatitudeDegrees>50.3349610</LatitudeDegrees><LongitudeDegrees>6.9490250</LongitudeDegrees></Position>
          <AltitudeMeters>507.9</AltitudeMeters>
          <DistanceMeters>5130.23</DistanceMeters>
          <HeartRateBpm><Value>155</Value></HeartRateBpm>
          <Cadence>76</Cadence>
          <Extensions><ns3:TPX><ns3:Speed>10.883</ns3:Speed><ns3:Watts>314</ns3:Watts></ns3:TPX></Extensions>
        </Trackpoint>
        <Trackpoint>
          <Time>2024-07-15T17:56:52Z</Time>
          <Position><LatitudeDegrees>50.3349047</LatitudeDegrees><LongitudeDegrees>6.9491458</LongitudeDegrees></Position>
          <AltitudeMeters>507.6</AltitudeMeters>
          <DistanceMeters>5140.85</DistanceMeters>
          <HeartRateBpm><Value>156</Value></HeartRateBpm>
          <Cadence>76</Cadence>
          <Extensions><ns3:TPX><ns3:Speed>10.614</ns3:Speed><ns3:Watts>314</ns3:Watts></ns3:TPX></Extensions>
        </Trackpoint>
        <Trackpoint>
          <Time>2024-07-15T17:56:53Z</Time>
          <Position><LatitudeDegrees>50.3348489</LatitudeDegrees><LongitudeDegrees>6.9492621</LongitudeDegrees></Position>
          <AltitudeMeters>507.4</AltitudeMeters>
          <DistanceMeters>5151.17</DistanceMeters>
          <HeartRateBpm><Value>156</Value></HeartRateBpm>
          <Cadence>76</Cadence>
          <Extensions><ns3:TPX><ns3:Speed>10.325</ns3:Speed><ns3:Watts>314</ns3:Watts></ns3:TPX></Extensions>
        </Trackpoint>
        <Trackpoint>
          <Time>2024-07-15T17:56:54Z</Time>
          <Position><LatitudeDegrees>50.3347937</LatitudeDegrees><LongitudeDegrees>6.9493736</LongitudeDegrees></Position>
          <AltitudeMeters>507.2</AltitudeMeters>
          <DistanceMeters>5161.19</DistanceMeters>
          <HeartRateBpm><Value>157</Value></HeartRateBpm>
          <Cadence>76</Cadence>
          <Extensions><ns3:TPX><ns3:Speed>10.018</ns3:Speed><ns3:Watts>314</ns3:Watts></ns3:TPX></Extensions>
        </Trackpoint>
        <Trackpoint>
          <Time>2024-07-15T17:56:55Z</Time>
          <Position><LatitudeDegrees>50.3347390</LatitudeDegrees><LongitudeDegrees>6.9494799</LongitudeDegrees></Position>
          <AltitudeMeters>507.0</AltitudeMeters>
          <DistanceMeters>5170.88</DistanceMeters>
          <HeartRateBpm><Value>158</Value></HeartRateBpm>
          <Cadence>77</Cadence>
          <Extensions><ns3:TPX><ns3:Speed>9.694</ns3:Speed><ns3:Watts>314</ns3:Watts></ns3:TPX></Extensions>
        </Trackpoint>
        <Trackpoint>
          <Time>2024-07-15T17:56:56Z</Time>
          <Position><LatitudeDegrees>50.3346848</LatitudeDegrees><LongitudeDegrees>6.9495808</LongitudeDegrees></Position>
          <AltitudeMeters>506.8</AltitudeMeters>
          <DistanceMeters>5180.24</DistanceMeters>
          <HeartRateBpm><Value>159</Value></HeartRateBpm>
          <Cadence>77</Cadence>
          <Extensions><ns3:TPX><ns3:Speed>9.355</ns3:Speed><ns3:Watts>313</ns3:Watts></ns3:TPX></Extensions>
        </Trackpoint>
        <Trackpoint>
          <Time>2024-07-15T17:56:57Z</Time>
          <Position><LatitudeDegrees>50.3346314</LatitudeDegrees><LongitudeDegrees>6.9496760</LongitudeDegrees></Position>
          <AltitudeMeters>506.6</AltitudeMeters>
          <DistanceMeters>5189.24</DistanceMeters>
          <HeartRateBpm><Value>160</Value></HeartRateBpm>
          <Cadence>77</Cadence>
          <Extensions><ns3:TPX><ns3:Speed>9.002</ns3:Speed><ns3:Watts>312</ns3:Watts></ns3:TPX></Extensions>
        </Trackpoint>
        <Trackpoint>
          <Time>2024-07-15T17:56:58Z</Time>
          <Position><LatitudeDegrees>50.3345785</LatitudeDegrees><LongitudeDegrees>6.9497652</LongitudeDegrees></Position>
          <AltitudeMeters>506.4</AltitudeMeters>
          <DistanceMeters>5197.88</DistanceMeters>
          <HeartRateBpm><Value>161</Value></HeartRateBpm>
          <Cadence>77</Cadence>
          <Extensions><ns3:TPX><ns3:Speed>8.639</ns3:Speed><ns3:Watts>311</ns3:Watts></ns3:TPX></Extensions>
        </Trackpoint>
        <Trackpoint>
          <Time>2024-07-15T17:56:59Z</Time>
          <Position><LatitudeDegrees>50.3345264</LatitudeDegrees><LongitudeDegrees>6.9498483</LongitudeDegrees></Position>
          <AltitudeMeters>506.2</AltitudeMeters>
          <DistanceMeters>5206.15</DistanceMeters>
          <HeartRateBpm><Value>161</Value></HeartRateBpm>
          <Cadence>77</Cadence>
          <Extensions><ns3:TPX><ns3:Speed>8.266</ns3:Speed><ns3:Watts>310</ns3:Watts></ns3:TPX></Extensions>
        </Trackpoint>
        <Trackpoint>
          <Time>2024-07-15T17:57:00Z</Time>
          <Position><LatitudeDegrees>50.3344750</LatitudeDegrees><LongitudeDegrees>6.9499249</LongitudeDegrees></Position>
          <AltitudeMeters>506.0</AltitudeMeters>
          <DistanceMeters>5214.03</DistanceMeters>
          <HeartRateBpm><Value>162</Value></HeartRateBpm>
          <Cadence>78</Cadence>
          <Extensions><ns3:TPX><ns3:Speed>7.887</ns3:Speed><ns3:Watts>309</ns3:Watts></ns3:TPX></Extensions>
        </Trackpoint>
        <Trackpoint>
          <Time>2024-07-15T17:57:01Z</Time>
          <Position><LatitudeDegrees>50.3344244</LatitudeDegrees><LongitudeDegrees>6.9499948</LongitudeDegrees></Position>
          <AltitudeMeters>505.8</AltitudeMeters>
          <DistanceMeters>5221.54</DistanceMeters>
          <HeartRateBpm><Value>163</Value></HeartRateBpm>
          <Cadence>78</Cadence>
          <Extensions><ns3:TPX><ns3:Speed>7.505</ns3:Speed><ns3:Watts>307</ns3:Watts></ns3:TPX></Extensions>
        </Trackpoint>
        <Trackpoint>
          <Time>2024-07-15T17:57:02Z</Time>
          <Position><LatitudeDegrees>50.3343746</LatitudeDegrees><LongitudeDegrees>6.9500579</LongitudeDegrees></Position>
          <AltitudeMeters>505.6</AltitudeMeters>
          <DistanceMeters>5228.66</DistanceMeters>
          <HeartRateBpm><Value>163</Value></HeartRateBpm>
          <Cadence>78</Cadence>
          <Extensions><ns3:TPX><ns3:Speed>7.124</ns3:Speed><ns3:Watts>305</ns3:Watts></ns3:TPX></Extensions>
        </Trackpoint>
        <Trackpoint>
          <Time>2024-07-15T17:57:03Z</Time>
          <Position><LatitudeDegrees>50.3343256</LatitudeDegrees><LongitudeDegrees>6.9501140</LongitudeDegrees></Position>
          <AltitudeMeters>505.4</AltitudeMeters>
          <DistanceMeters>5235.41</DistanceMeters>
          <HeartRateBpm><Value>164</Value></HeartRateBpm>
          <Cadence>78</Cadence>
          <Extensions><ns3:TPX><ns3:Speed>6.746</ns3:Speed><ns3:Watts>303</ns3:Watts></ns3:TPX></Extensions>
        </Trackpoint>
        <Trackpoint>
          <Time>2024-07-15T17:57:04Z</Time>
          <Position><LatitudeDegrees>50.3342775</LatitudeDegrees><LongitudeDegrees>6.9501630</LongitudeDegrees></Position>
          <AltitudeMeters>505.2</AltitudeMeters>
          <DistanceMeters>5241.79</DistanceMeters>
          <HeartRateBpm><Value>164</Value></HeartRateBpm>
          <Cadence>78</Cadence>
          <Extensions><ns3:TPX><ns3:Speed>6.377</ns3:Speed><ns3:Watts>301</ns3:Watts></ns3:TPX></Extensions>
        </Trackpoint>
        <Trackpoint>
          <Time>2024-07-15T17:57:05Z</Time>
          <Position><LatitudeDegrees>50.3342303</LatitudeDegrees><LongitudeDegrees>6.9502046</LongitudeDegrees></Position>
          <AltitudeMeters>505.1</AltitudeMeters>
          <DistanceMeters>5247.81</DistanceMeters>
          <HeartRateBpm><Value>164</Value></HeartRateBpm>
          <Cadence>79</Cadence>
          <Extensions><ns3:TPX><ns3:Speed>6.023</ns3:Speed><ns3:Watts>299</ns3:Watts></ns3:TPX></Extensions>
        </Trackpoint>
        <Trackpoint>
          <Time>2024-07-15T17:57:06Z</Time>
          <Position><LatitudeDegrees>50.3341840</LatitudeDegrees><LongitudeDegrees>6.9502388</LongitudeDegrees></Position>
          <AltitudeMeters>504.9</AltitudeMeters>
          <DistanceMeters>5253.50</DistanceMeters>
          <HeartRateBpm><Value>164</Value></HeartRateBpm>
          <Cadence>79</Cadence>
          <Extensions><ns3:TPX><ns3:Speed>5.688</ns3:Speed><ns3:Watts>296</ns3:Watts></ns3:TPX></Extensions>
        </Trackpoint>
        <Trackpoint>
          <Time>2024-07-15T17:57:07Z</Time>
          <Position><LatitudeDegrees>50.3341387</LatitudeDegrees><LongitudeDegrees>6.9502655</LongitudeDegrees></Position>
          <AltitudeMeters>504.7</AltitudeMeters>
          <DistanceMeters>5258.88</DistanceMeters>
          <HeartRateBpm><Value>163</Value></HeartRateBpm>
          <Cadence>79</Cadence>
          <Extensions><ns3:TPX><ns3:Speed>5.381</ns3:Speed><ns3:Watts>294</ns3:Watts></ns3:TPX></Extensions>
        </Trackpoint>
        <Trackpoint>
          <Time>2024-07-15T17:57:08Z</Time>
          <Position><LatitudeDegrees>50.3340945</LatitudeDegrees><LongitudeDegrees>6.9502847</LongitudeDegrees></Position>
          <AltitudeMeters>504.5</AltitudeMeters>
          <DistanceMeters>5263.99</DistanceMeters>
          <HeartRateBpm><Value>163</Value></HeartRateBpm>
          <Cadence>79</Cadence>
          <Extensions><ns3:TPX><ns3:Speed>5.108</ns3:Speed><ns3:Watts>291</ns3:Watts></ns3:TPX></Extensions>
        </Trackpoint>
        <Trackpoint>
          <Time>2024-07-15T17:57:09Z</Time>
          <Position><LatitudeDegrees>50.3340512</LatitudeDegrees><LongitudeDegrees>6.9502962</LongitudeDegrees></Position>
          <AltitudeMeters>504.4</AltitudeMeters>
          <DistanceMeters>5268.86</DistanceMeters>
          <HeartRateBpm><Value>162</Value></HeartRateBpm>
          <Cadence>80</Cadence>
          <Extensions><ns3:TPX><ns3:Speed>4.878</ns3:Speed><ns3:Watts>288</ns3:Watts></ns3:TPX></Extensions>
        </Trackpoint>
        <Trackpoint>
          <Time>2024-07-15T17:57:10Z</Time>
          <Position><LatitudeDegrees>50.3340090</LatitudeDegrees><LongitudeDegrees>6.9503000</LongitudeDegrees></Position>
          <AltitudeMeters>504.2</AltitudeMeters>
          <DistanceMeters>5273.56</DistanceMeters>
          <HeartRateBpm><Value>161</Value></HeartRateBpm>
          <Cadence>80</Cadence>
          <Extensions><ns3:TPX><ns3:Speed>4.699</ns3:Speed><ns3:Watts>286</ns3:Watts></ns3:TPX></Extensions>
        </Trackpoint>
        <Trackpoint>
          <Time>2024-07-15T17:57:11Z</Time>
          <Position><LatitudeDegrees>50.3339679</LatitudeDegrees><LongitudeDegrees>6.9502962</LongitudeDegrees></Position>
          <AltitudeMeters>504.0</AltitudeMeters>
          <DistanceMeters>5278.14</DistanceMeters>
          <HeartRateBpm><Value>160</Value></HeartRateBpm>
          <Cadence>80</Cadence>
          <Extensions><ns3:TPX><ns3:Speed>4.578</ns3:Speed><ns3:Watts>283</ns3:Watts></ns3:TPX></Extensions>
        </Trackpoint>
        <Trackpoint>
          <Time>2024-07-15T17:57:12Z</Time>
          <Position><LatitudeDegrees>50.3339279</LatitudeDegrees><LongitudeDegrees>6.9502847</LongitudeDegrees></Position>
          <AltitudeMeters>503.9</AltitudeMeters>
          <DistanceMeters>5282.66</DistanceMeters>
          <HeartRateBpm><Value>158</Value></HeartRateBpm>
          <Cadence>80</Cadence>
          <Extensions><ns3:TPX><ns3:Speed>4.520</ns3:Speed><ns3:Watts>280</ns3:Watts></ns3:TPX></Extensions>
        </Trackpoint>
        <Trackpoint>
          <Time>2024-07-15T17:57:13Z</Time>
          <Position><LatitudeDegrees>50.3338891</LatitudeDegrees><LongitudeDegrees>6.9502655</LongitudeDegrees></Position>
          <AltitudeMeters>503.7</AltitudeMeters>
          <DistanceMeters>5287.19</DistanceMeters>
          <HeartRateBpm><Value>157</Value></HeartRateBpm>
          <Cadence>81</Cadence>
          <Extensions><ns3:TPX><ns3:Speed>4.527</ns3:Speed><ns3:Watts>277</ns3:Watts></ns3:TPX></Extensions>
        </Trackpoint>
        <Trackpoint>
          <Time>2024-07-15T17:57:14Z</Time>
          <Position><LatitudeDegrees>50.3338514</LatitudeDegrees><LongitudeDegrees>6.9502388</LongitudeDegrees></Position>
          <AltitudeMeters>503.5</AltitudeMeters>
          <DistanceMeters>5291.79</DistanceMeters>
          <HeartRateBpm><Value>156</Value></HeartRateBpm>
          <Cadence>81</Cadence>
          <Extensions><ns3:TPX><ns3:Speed>4.597</ns3:Speed><ns3:Watts>275</ns3:Watts></ns3:TPX></Extensions>
        </Trackpoint>
        <Trackpoint>
          <Time>2024-07-15T17:57:15Z</Time>
          <Position><LatitudeDegrees>50.3338150</LatitudeDegrees><LongitudeDegrees>6.9502046</LongitudeDegrees></Position>
          <AltitudeMeters>503.4</AltitudeMeters>
          <DistanceMeters>5296.51</DistanceMeters>
          <HeartRateBpm><Value>154</Value></HeartRateBpm>
          <Cadence>81</Cadence>
          <Extensions><ns3:TPX><ns3:Speed>4.727</ns3:Speed><ns3:Watts>272</ns3:Watts></ns3:TPX></Extensions>
        </Trackpoint>
        <Trackpoint>
          <Time>2024-07-15T17:57:16Z</Time>
          <Position><LatitudeDegrees>50.3337797</LatitudeDegrees><LongitudeDegrees>6.9501630</LongitudeDegrees></Position>
          <AltitudeMeters>503.2</AltitudeMeters>
          <DistanceMeters>5301.42</DistanceMeters>
          <HeartRateBpm><Value>153</Value></HeartRateBpm>
          <Cadence>81</Cadence>
          <Extensions><ns3:TPX><ns3:Speed>4.908</ns3:Speed><ns3:Watts>269</ns3:Watts></ns3:TPX></Extensions>
        </Trackpoint>
        <Trackpoint>
          <Time>2024-07-15T17:57:17Z</Time>
          <Position><LatitudeDegrees>50.3337457</LatitudeDegrees><LongitudeDegrees>6.9501140</LongitudeDegrees></Position>
          <AltitudeMeters>503.0</AltitudeMeters>
          <DistanceMeters>5306.56</DistanceMeters>
          <HeartRateBpm><Value>151</Value></HeartRateBpm>
          <Cadence>81</Cadence>
          <Extensions><ns3:TPX><ns3:Speed>5.133</ns3:Speed><ns3:Watts>267</ns3:Watts></ns3:TPX></Extensions>
        </Trackpoint>
        <Trackpoint>
          <Time>2024-07-15T17:57:18Z</Time>
          <Position><LatitudeDegrees>50.3337130</LatitudeDegrees><LongitudeDegrees>6.9500579</LongitudeDegrees></Position>
          <AltitudeMeters>502.9</AltitudeMeters>
          <DistanceMeters>5311.95</DistanceMeters>
          <HeartRateBpm><Value>150</Value></HeartRateBpm>
          <Cadence>82</Cadence>
          <Extensions><ns3:TPX><ns3:Speed>5.394</ns3:Speed><ns3:Watts>264</ns3:Watts></ns3:TPX></Extensions>
        </Trackpoint>
        <Trackpoint>
          <Time>2024-07-15T17:57:19Z</Time>
          <Position><LatitudeDegrees>50.3336816</LatitudeDegrees><LongitudeDegrees>6.9499948</LongitudeDegrees></Position>
          <AltitudeMeters>502.7</AltitudeMeters>
          <DistanceMeters>5317.63</DistanceMeters>
          <HeartRateBpm><Value>149</Value></HeartRateBpm>
          <Cadence>82</Cadence>
          <Extensions><ns3:TPX><ns3:Speed>5.682</ns3:Speed><ns3:Watts>262</ns3:Watts></ns3:TPX></Extensions>
        </Trackpoint>
        <Trackpoint>
          <Time>2024-07-15T17:57:20Z</Time>
          <Position><LatitudeDegrees>50.3336514</LatitudeDegrees><LongitudeDegrees>6.9499249</LongitudeDegrees></Position>
          <AltitudeMeters>502.5</AltitudeMeters>
          <DistanceMeters>5323.62</DistanceMeters>
          <HeartRateBpm><Value>148</Value></HeartRateBpm>
          <Cadence>82</Cadence>
          <Extensions><ns3:TPX><ns3:Speed>5.989</ns3:Speed><ns3:Watts>260</ns3:Watts></ns3:TPX></Extensions>
        </Trackpoint>
        <Trackpoint>
          <Time>2024-07-15T17:57:21Z</Time>
          <Position><LatitudeDegrees>50.3336227</LatitudeDegrees><LongitudeDegrees>6.9498483</LongitudeDegrees></Position>
          <AltitudeMeters>502.3</AltitudeMeters>
          <DistanceMeters>5329.93</DistanceMeters>
          <HeartRateBpm><Value>147</Value></HeartRateBpm>
          <Cadence>82</Cadence>
          <Extensions><ns3:TPX><ns3:Speed>6.308</ns3:Speed><ns3:Watts>258</ns3:Watts></ns3:TPX></Extensions>
        </Trackpoint>
        <Trackpoint>
          <Time>2024-07-15T17:57:22Z</Time>
          <Position><LatitudeDegrees>50.3335952</LatitudeDegrees><LongitudeDegrees>6.9497652</LongitudeDegrees></Position>
          <AltitudeMeters>502.1</AltitudeMeters>
          <DistanceMeters>5336.56</DistanceMeters>
          <HeartRateBpm><Value>146</Value></HeartRateBpm>
          <Cadence>83</Cadence>
          <Extensions><ns3:TPX><ns3:Speed>6.636</ns3:Speed><ns3:Watts>256</ns3:Watts></ns3:TPX></Extensions>
        </Trackpoint>
        <Trackpoint>
          <Time>2024-07-15T17:57:23Z</Time>
          <Position><LatitudeDegrees>50.3335692</LatitudeDegrees><LongitudeDegrees>6.9496760</LongitudeDegrees></Position>
          <AltitudeMeters>501.9</AltitudeMeters>
          <DistanceMeters>5343.53</DistanceMeters>
          <HeartRateBpm><Value>146</Value></HeartRateBpm>
          <Cadence>83</Cadence>
          <Extensions><ns3:TPX><ns3:Speed>6.965</ns3:Speed><ns3:Watts>255</ns3:Watts></ns3:TPX></Extensions>
        </Trackpoint>
        <Trackpoint>
          <Time>2024-07-15T17:57:24Z</Time>
          <Position><LatitudeDegrees>50.3335445</LatitudeDegrees><LongitudeDegrees>6.9495808</LongitudeDegrees></Position>
          <AltitudeMeters>501.7</AltitudeMeters>
          <DistanceMeters>5350.82</DistanceMeters>
          <HeartRateBpm><Value>146</Value></HeartRateBpm>
          <Cadence>83</Cadence>
          <Extensions><ns3:TPX><ns3:Speed>7.292</ns3:Speed><ns3:Watts>253</ns3:Watts></ns3:TPX></Extensions>
        </Trackpoint>
        <Trackpoint>
          <Time>2024-07-15T17:57:25Z</Time>
          <Position><LatitudeDegrees>50.3335213</LatitudeDegrees><LongitudeDegrees>6.9494799</LongitudeDegrees></Position>
          <AltitudeMeters>501.5</AltitudeMeters>
          <DistanceMeters>5358.44</DistanceMeters>
          <HeartRateBpm><Value>145</Value></HeartRateBpm>
          <Cadence>83</Cadence>
          <Extensions><ns3:TPX><ns3:Speed>7.614</ns3:Speed><ns3:Watts>252</ns3:Watts></ns3:TPX></Extensions>
        </Trackpoint>
        <Trackpoint>
          <Time>2024-07-15T17:57:26Z</Time>
          <Position><LatitudeDegrees>50.3334994</LatitudeDegrees><LongitudeDegrees>6.9493736</LongitudeDegrees></Position>
          <AltitudeMeters>501.3</AltitudeMeters>
          <DistanceMeters>5366.36</DistanceMeters>
          <HeartRateBpm><Value>146</Value></HeartRateBpm>
          <Cadence>84</Cadence>
          <Extensions><ns3:TPX><ns3:Speed>7.928</ns3:Speed><ns3:Watts>251</ns3:Watts></ns3:TPX></Extensions>
        </Trackpoint>
        <Trackpoint>
          <Time>2024-07-15T17:57:27Z</Time>
          <Position><LatitudeDegrees>50.3334791</LatitudeDegrees><LongitudeDegrees>6.9492621</LongitudeDegrees></Position>
          <AltitudeMeters>501.1</AltitudeMeters>
          <DistanceMeters>5374.59</DistanceMeters>
          <HeartRateBpm><Value>146</Value></HeartRateBpm>
          <Cadence>84</Cadence>
          <Extensions><ns3:TPX><ns3:Speed>8.230</ns3:Speed><ns3:Watts>250</ns3:Watts></ns3:TPX></Extensions>
        </Trackpoint>
        <Trackpoint>
          <Time>2024-07-15T17:57:28Z</Time>
          <Position><LatitudeDegrees>50.3334601</LatitudeDegrees><LongitudeDegrees>6.9491458</LongitudeDegrees></Position>
          <AltitudeMeters>500.8</AltitudeMeters>
          <DistanceMeters>5383.11</DistanceMeters>
          <HeartRateBpm><Value>146</Value></HeartRateBpm>
          <Cadence>84</Cadence>
          <Extensions><ns3:TPX><ns3:Speed>8.519</ns3:Speed><ns3:Watts>250</ns3:Watts></ns3:TPX></Extensions>
        </Trackpoint>
        <Trackpoint>
          <Time>2024-07-15T17:57:29Z</Time>
          <Position><LatitudeDegrees>50.3334427</LatitudeDegrees><LongitudeDegrees>6.9490250</LongitudeDegrees></Position>
          <AltitudeMeters>500.6</AltitudeMeters>
          <DistanceMeters>5391.90</DistanceMeters>
          <HeartRateBpm><Value>147</Value></HeartRateBpm>
          <Cadence>84</Cadence>
          <Extensions><ns3:TPX><ns3:Speed>8.792</ns3:Speed><ns3:Watts>249</ns3:Watts></ns3:TPX></Extensions>
        </Trackpoint>
        <Trackpoint>
          <Time>2024-07-15T17:57:30Z</Time>
          <Position><LatitudeDegrees>50.3334267</LatitudeDegrees><LongitudeDegrees>6.9489000</LongitudeDegrees></Position>
          <AltitudeMeters>500.3</AltitudeMeters>
          <DistanceMeters>5400.95</DistanceMeters>
          <HeartRateBpm><Value>147</Value></HeartRateBpm>
          <Cadence>84</Cadence>
          <Extensions><ns3:TPX><ns3:Speed>9.048</ns3:Speed><ns3:Watts>249</ns3:Watts></ns3:TPX></Extensions>
        </Trackpoint>
        <Trackpoint>
          <Time>2024-07-15T17:57:31Z</Time>
          <Position><LatitudeDegrees>50.3334122</LatitudeDegrees><LongitudeDegrees>6.9487712</LongitudeDegrees></Position>
          <AltitudeMeters>500.0</AltitudeMeters>
          <DistanceMeters>5410.24</DistanceMeters>
          <HeartRateBpm><Value>148</Value></HeartRateBpm>
          <Cadence>85</Cadence>
          <Extensions><ns3:TPX><ns3:Speed>9.285</ns3:Speed><ns3:Watts>249</ns3:Watts></ns3:TPX></Extensions>
        </Trackpoint>
        <Trackpoint>
          <Time>2024-07-15T17:57:32Z</Time>
          <Position><LatitudeDegrees>50.3333992</LatitudeDegrees><LongitudeDegrees>6.9486389</LongitudeDegrees></Position>
          <AltitudeMeters>499.7</AltitudeMeters>
          <DistanceMeters>5419.74</DistanceMeters>
          <HeartRateBpm><Value>149</Value></HeartRateBpm>
          <Cadence>85</Cadence>
          <Extensions><ns3:TPX><ns3:Speed>9.502</ns3:Speed><ns3:Watts>248</ns3:Watts></ns3:TPX></Extensions>
        </Trackpoint>
        <Trackpoint>
          <Time>2024-07-15T17:57:33Z</Time>
          <Position><LatitudeDegrees>50.3333877</LatitudeDegrees><LongitudeDegrees>6.9485034</LongitudeDegrees></Position>
          <AltitudeMeters>499.4</AltitudeMeters>
          <DistanceMeters>5429.44</DistanceMeters>
          <HeartRateBpm><Value>149</Value></HeartRateBpm>
          <Cadence>85</Cadence>
          <Extensions><ns3:TPX><ns3:Speed>9.697</ns3:Speed><ns3:Watts>249</ns3:Watts></ns3:TPX></Extensions>
        </Trackpoint>
        <Trackpoint>
          <Time>2024-07-15T17:57:34Z</Time>
          <Position><LatitudeDegrees>50.3333777</LatitudeDegrees><LongitudeDegrees>6.9483652</LongitudeDegrees></Position>
          <AltitudeMeters>499.1</AltitudeMeters>
          <DistanceMeters>5439.31</DistanceMeters>
          <HeartRateBpm><Value>150</Value></HeartRateBpm>
          <Cadence>85</Cadence>
          <Extensions><ns3:TPX><ns3:Speed>9.870</ns3:Speed><ns3:Watts>249</ns3:Watts></ns3:TPX></Extensions>
        </Trackpoint>
        <Trackpoint>
          <Time>2024-07-15T17:57:35Z</Time>
          <Position><LatitudeDegrees>50.3333692</LatitudeDegrees><LongitudeDegrees>6.9482247</LongitudeDegrees></Position>
          <AltitudeMeters>498.8</AltitudeMeters>
          <DistanceMeters>5449.33</DistanceMeters>
          <HeartRateBpm><Value>150</Value></HeartRateBpm>
          <Cadence>86</Cadence>
          <Extensions><ns3:TPX><ns3:Speed>10.020</ns3:Speed><ns3:Watts>249</ns3:Watts></ns3:TPX></Extensions>
        </Trackpoint>
        <Trackpoint>
          <Time>2024-07-15T17:57:36Z</Time>
          <Position><LatitudeDegrees>50.3333623</LatitudeDegrees><LongitudeDegrees>6.9480822</LongitudeDegrees></Position>
          <AltitudeMeters>498.5</AltitudeMeters>
          <DistanceMeters>5459.47</DistanceMeters>
          <HeartRateBpm><Value>151</Value></HeartRateBpm>
          <Cadence>86</Cadence>
          <Extensions><ns3:TPX><ns3:Speed>10.146</ns3:Speed><ns3:Watts>250</ns3:Watts></ns3:TPX></Extensions>
        </Trackpoint>
        <Trackpoint>
          <Time>2024-07-15T17:57:37Z</Time>
          <Position><LatitudeDegrees>50.3333569</LatitudeDegrees><LongitudeDegrees>6.9479380</LongitudeDegrees></Position>
          <AltitudeMeters>498.1</AltitudeMeters>
          <DistanceMeters>5469.72</DistanceMeters>
          <HeartRateBpm><Value>151</Value></HeartRateBpm>
          <Cadence>86</Cadence>
          <Extensions><ns3:TPX><ns3:Speed>10.248</ns3:Speed><ns3:Watts>250</ns3:Watts></ns3:TPX></Extensions>
        </Trackpoint>
        <Trackpoint>
          <Time>2024-07-15T17:57:38Z</Time>
          <Position><LatitudeDegrees>50.3333531</LatitudeDegrees><LongitudeDegrees>6.9477927</LongitudeDegrees></Position>
          <AltitudeMeters>497.8</AltitudeMeters>
          <DistanceMeters>5480.05</DistanceMeters>
          <HeartRateBpm><Value>151</Value></HeartRateBpm>
          <Cadence>86</Cadence>
          <Extensions><ns3:TPX><ns3:Speed>10.325</ns3:Speed><ns3:Watts>251</ns3:Watts></ns3:TPX></Extensions>
        </Trackpoint>
        <Trackpoint>
          <Time>2024-07-15T17:57:39Z</Time>
          <Position><LatitudeDegrees>50.3333508</LatitudeDegrees><LongitudeDegrees>6.9476465</LongitudeDegrees></Position>
          <AltitudeMeters>497.4</AltitudeMeters>
          <DistanceMeters>5490.42</DistanceMeters>
          <HeartRateBpm><Value>151</Value></HeartRateBpm>
          <Cadence>86</Cadence>
          <Extensions><ns3:TPX><ns3:Speed>10.376</ns3:Speed><ns3:Watts>251</ns3:Watts></ns3:TPX></Extensions>
        </Trackpoint>
        <Trackpoint>
          <Time>2024-07-15T17:57:40Z</Time>
          <Position><LatitudeDegrees>50.3333500</LatitudeDegrees><LongitudeDegrees>6.9475000</LongitudeDegrees></Position>
          <AltitudeMeters>497.0</AltitudeMeters>
          <DistanceMeters>5500.82</DistanceMeters>
          <HeartRateBpm><Value>151</Value></HeartRateBpm>
          <Cadence>87</Cadence>
          <Extensions><ns3:TPX><ns3:Speed>10.402</ns3:Speed><ns3:Watts>252</ns3:Watts></ns3:TPX></Extensions>
        </Trackpoint>
        <Trackpoint>
          <Time>2024-07-15T17:57:41Z</Time>
          <Position><LatitudeDegrees>50.3333508</LatitudeDegrees><LongitudeDegrees>6.9473535</LongitudeDegrees></Position>
          <AltitudeMeters>496.6</AltitudeMeters>
          <DistanceMeters>5511.22</DistanceMeters>
          <HeartRateBpm><Value>150</Value></HeartRateBpm>
          <Cadence>87</Cadence>
          <Extensions><ns3:TPX><ns3:Speed>10.402</ns3:Speed><ns3:Watts>253</ns3:Watts></ns3:TPX></Extensions>
        </Trackpoint>
        <Trackpoint>
          <Time>2024-07-15T17:57:42Z</Time>
          <Position><LatitudeDegrees>50.3333531</LatitudeDegrees><LongitudeDegrees>6.9472073</LongitudeDegrees></Position>
          <AltitudeMeters>496.2</AltitudeMeters>
          <DistanceMeters>5521.60</DistanceMeters>
          <HeartRateBpm><Value>149</Value></HeartRateBpm>
          <Cadence>87</Cadence>
          <Extensions><ns3:TPX><ns3:Speed>10.376</ns3:Speed><ns3:Watts>253</ns3:Watts></ns3:TPX></Extensions>
        </Trackpoint>
        <Trackpoint>
          <Time>2024-07-15T17:57:43Z</Time>
          <Position><LatitudeDegrees>50.3333569</LatitudeDegrees><LongitudeDegrees>6.9470620</LongitudeDegrees></Position>
          <AltitudeMeters>495.8</AltitudeMeters>
          <DistanceMeters>5531.93</DistanceMeters>
          <HeartRateBpm><Value>148</Value></HeartRateBpm>
          <Cadence>87</Cadence>
          <Extensions><ns3:TPX><ns3:Speed>10.325</ns3:Speed><ns3:Watts>254</ns3:Watts></ns3:TPX></Extensions>
        </Trackpoint>
        <Trackpoint>
          <Time>2024-07-15T17:57:44Z</Time>
          <Position><LatitudeDegrees>50.3333623</LatitudeDegrees><LongitudeDegrees>6.9469178</LongitudeDegrees></Position>
          <AltitudeMeters>495.3</AltitudeMeters>
          <DistanceMeters>5542.17</DistanceMeters>
          <HeartRateBpm><Value>147</Value></HeartRateBpm>
          <Cadence>87</Cadence>
          <Extensions><ns3:TPX><ns3:Speed>10.248</ns3:Speed><ns3:Watts>254</ns3:Watts></ns3:TPX></Extensions>
        </Trackpoint>
        <Trackpoint>
          <Time>2024-07-15T17:57:45Z</Time>
          <Position><LatitudeDegrees>50.3333692</LatitudeDegrees><LongitudeDegrees>6.9467753</LongitudeDegrees></Position>
          <AltitudeMeters>494.9</AltitudeMeters>
          <DistanceMeters>5552.32</DistanceMeters>
          <HeartRateBpm><Value>146</Value></HeartRateBpm>
          <Cadence>88</Cadence>
          <Extensions><ns3:TPX><ns3:Speed>10.146</ns3:Speed><ns3:Watts>255</ns3:Watts></ns3:TPX></Extensions>
        </Trackpoint>
        <Trackpoint>
          <Time>2024-07-15T17:57:46Z</Time>
          <Position><LatitudeDegrees>50.3333777</LatitudeDegrees><LongitudeDegrees>6.9466348</LongitudeDegrees></Position>
          <AltitudeMeters>494.4</AltitudeMeters>
          <DistanceMeters>5562.34</DistanceMeters>
          <HeartRateBpm><Value>145</Value></HeartRateBpm>
          <Cadence>88</Cadence>
          <Extensions><ns3:TPX><ns3:Speed>10.020</ns3:Speed><ns3:Watts>255</ns3:Watts></ns3:TPX></Extensions>
        </Trackpoint>
        <Trackpoint>
          <Time>2024-07-15T17:57:47Z</Time>
          <Position><LatitudeDegrees>50.3333877</LatitudeDegrees><LongitudeDegrees>6.9464966</LongitudeDegrees></Position>
          <AltitudeMeters>494.0</AltitudeMeters>
          <DistanceMeters>5572.21</DistanceMeters>
          <HeartRateBpm><Value>143</Value></HeartRateBpm>
          <Cadence>88</Cadence>
          <Extensions><ns3:TPX><ns3:Speed>9.870</ns3:Speed><ns3:Watts>255</ns3:Watts></ns3:TPX></Extensions>
        </Trackpoint>
        <Trackpoint>
          <Time>2024-07-15T17:57:48Z</Time>
          <Position><LatitudeDegrees>50.3333992</LatitudeDegrees><LongitudeDegrees>6.9463611</LongitudeDegrees></Position>
          <AltitudeMeters>493.5</AltitudeMeters>
          <DistanceMeters>5581.91</DistanceMeters>
          <HeartRateBpm><Value>142</Value></HeartRateBpm>
          <Cadence>88</Cadence>
          <Extensions><ns3:TPX><ns3:Speed>9.697</ns3:Speed><ns3:Watts>256</ns3:Watts></ns3:TPX></Extensions>
        </Trackpoint>
        <Trackpoint>
          <Time>2024-07-15T17:57:49Z</Time>
          <Position><LatitudeDegrees>50.3334122</LatitudeDegrees><LongitudeDegrees>6.9462288</LongitudeDegrees></Position>
          <AltitudeMeters>493.0</AltitudeMeters>
          <DistanceMeters>5591.41</DistanceMeters>
          <HeartRateBpm><Value>140</Value></HeartRateBpm>
          <Cadence>88</Cadence>
          <Extensions><ns3:TPX><ns3:Speed>9.502</ns3:Speed><ns3:Watts>255</ns3:Watts></ns3:TPX></Extensions>
        </Trackpoint>
        <Trackpoint>
          <Time>2024-07-15T17:57:50Z</Time>
          <Position><LatitudeDegrees>50.3334267</LatitudeDegrees><LongitudeDegrees>6.9461000</LongitudeDegrees></Position>
          <AltitudeMeters>492.5</AltitudeMeters>
          <DistanceMeters>5600.69</DistanceMeters>
          <HeartRateBpm><Value>139</Value></HeartRateBpm>
          <Cadence>88</Cadence>
          <Extensions><ns3:TPX><ns3:Speed>9.285</ns3:Speed><ns3:Watts>255</ns3:Watts></ns3:TPX></Extensions>
        </Trackpoint>
        <Trackpoint>
          <Time>2024-07-15T17:57:51Z</Time>
          <Position><LatitudeDegrees>50.3334427</LatitudeDegrees><LongitudeDegrees>6.9459750</LongitudeDegrees></Position>
          <AltitudeMeters>492.0</AltitudeMeters>
          <DistanceMeters>5609.74</DistanceMeters>
          <HeartRateBpm><Value>137</Value></HeartRateBpm>
          <Cadence>88</Cadence>
          <Extensions><ns3:TPX><ns3:Speed>9.048</ns3:Speed><ns3:Watts>255</ns3:Watts></ns3:TPX></Extensions>
        </Trackpoint>
        <Trackpoint>
          <Time>2024-07-15T17:57:52Z</Time>
          <Position><LatitudeDegrees>50.3334601</LatitudeDegrees><LongitudeDegrees>6.9458542</LongitudeDegrees></Position>
          <AltitudeMeters>491.5</AltitudeMeters>
          <DistanceMeters>5618.53</DistanceMeters>
          <HeartRateBpm><Value>136</Value></HeartRateBpm>
          <Cadence>89</Cadence>
          <Extensions><ns3:TPX><ns3:Speed>8.792</ns3:Speed><ns3:Watts>254</ns3:Watts></ns3:TPX></Extensions>
        </Trackpoint>
        <Trackpoint>
          <Time>2024-07-15T17:57:53Z</Time>
          <Position><LatitudeDegrees>50.3334791</LatitudeDegrees><LongitudeDegrees>6.9457379</LongitudeDegrees></Position>
          <AltitudeMeters>491.0</AltitudeMeters>
          <DistanceMeters>5627.05</DistanceMeters>
          <HeartRateBpm><Value>134</Value></HeartRateBpm>
          <Cadence>89</Cadence>
          <Extensions><ns3:TPX><ns3:Speed>8.519</ns3:Speed><ns3:Watts>254</ns3:Watts></ns3:TPX></Extensions>
        </Trackpoint>
        <Trackpoint>
          <Time>2024-07-15T17:57:54Z</Time>
          <Position><LatitudeDegrees>50.3334994</LatitudeDegrees><LongitudeDegrees>6.9456264</LongitudeDegrees></Position>
          <AltitudeMeters>490.5</AltitudeMeters>
          <DistanceMeters>5635.28</DistanceMeters>
          <HeartRateBpm><Value>133</Value></HeartRateBpm>
          <Cadence>89</Cadence>
          <Extensions><ns3:TPX><ns3:Speed>8.230</ns3:Speed><ns3:Watts>253</ns3:Watts></ns3:TPX></Extensions>
        </Trackpoint>
        <Trackpoint>
          <Time>2024-07-15T17:57:55Z</Time>
          <Position><LatitudeDegrees>50.3335213</LatitudeDegrees><LongitudeDegrees>6.9455201</LongitudeDegrees></Position>
          <AltitudeMeters>490.0</AltitudeMeters>
          <DistanceMeters>5643.21</DistanceMeters>
          <HeartRateBpm><Value>132</Value></HeartRateBpm>
          <Cadence>89</Cadence>
          <Extensions><ns3:TPX><ns3:Speed>7.928</ns3:Speed><ns3:Watts>252</ns3:Watts></ns3:TPX></Extensions>
        </Trackpoint>
        <Trackpoint>
          <Time>2024-07-15T17:57:56Z</Time>
          <Position><LatitudeDegrees>50.3335445</LatitudeDegrees><LongitudeDegrees>6.9454192</LongitudeDegrees></Position>
          <AltitudeMeters>489.5</AltitudeMeters>
          <DistanceMeters>5650.83</DistanceMeters>
          <HeartRateBpm><Value>132</Value></HeartRateBpm>
          <Cadence>89</Cadence>
          <Extensions><ns3:TPX><ns3:Speed>7.614</ns3:Speed><ns3:Watts>251</ns3:Watts></ns3:TPX></Extensions>
        </Trackpoint>
        <Trackpoint>
          <Time>2024-07-15T17:57:57Z</Time>
          <Position><LatitudeDegrees>50.3335692</LatitudeDegrees><LongitudeDegrees>6.9453240</LongitudeDegrees></Position>
          <AltitudeMeters>489.0</AltitudeMeters>
          <DistanceMeters>5658.12</DistanceMeters>
          <HeartRateBpm><Value>131</Value></HeartRateBpm>
          <Cadence>89</Cadence>
          <Extensions><ns3:TPX><ns3:Speed>7.292</ns3:Speed><ns3:Watts>249</ns3:Watts></ns3:TPX></Extensions>
        </Trackpoint>
        <Trackpoint>
          <Time>2024-07-15T17:57:58Z</Time>
          <Position><LatitudeDegrees>50.3335952</LatitudeDegrees><LongitudeDegrees>6.9452348</LongitudeDegrees></Position>
          <AltitudeMeters>488.5</AltitudeMeters>
          <DistanceMeters>5665.08</DistanceMeters>
          <HeartRateBpm><Value>131</Value></HeartRateBpm>
          <Cadence>89</Cadence>
          <Extensions><ns3:TPX><ns3:Speed>6.965</ns3:Speed><ns3:Watts>248</ns3:Watts></ns3:TPX></Extensions>
        </Trackpoint>
        <Trackpoint>
          <Time>2024-07-15T17:57:59Z</Time>
          <Position><LatitudeDegrees>50.3336227</LatitudeDegrees><LongitudeDegrees>6.9451517</LongitudeDegrees></Position>
          <AltitudeMeters>488.0</AltitudeMeters>
          <DistanceMeters>5671.72</DistanceMeters>
          <HeartRateBpm><Value>131</Value></HeartRateBpm>
          <Cadence>90</Cadence>
          <Extensions><ns3:TPX><ns3:Speed>6.636</ns3:Speed><ns3:Watts>246</ns3:Watts></ns3:TPX></Extensions>
        </Trackpoint>
        <Trackpoint>
          <Time>2024-07-15T17:58:00Z</Time>
          <Position><LatitudeDegrees>50.3336514</LatitudeDegrees><LongitudeDegrees>6.9450751</LongitudeDegrees></Position>
          <AltitudeMeters>487.5</AltitudeMeters>
          <DistanceMeters>5678.03</DistanceMeters>
          <HeartRateBpm><Value>131</Value></HeartRateBpm>
          <Cadence>90</Cadence>
          <Extensions><ns3:TPX><ns3:Speed>6.308</ns3:Speed><ns3:Watts>244</ns3:Watts></ns3:TPX></Extensions>
        </Trackpoint>
        <Trackpoint>
          <Time>2024-07-15T17:58:01Z</Time>
          <Position><LatitudeDegrees>50.3336816</LatitudeDegrees><LongitudeDegrees>6.9450052</LongitudeDegrees></Position>
          <AltitudeMeters>487.0</AltitudeMeters>
          <DistanceMeters>5684.02</DistanceMeters>
          <HeartRateBpm><Value>131</Value></HeartRateBpm>
          <Cadence>90</Cadence>
          <Extensions><ns3:TPX><ns3:Speed>5.989</ns3:Speed><ns3:Watts>242</ns3:Watts></ns3:TPX></Extensions>
        </Trackpoint>
        <Trackpoint>
          <Time>2024-07-15T17:58:02Z</Time>
          <Position><LatitudeDegrees>50.3337130</LatitudeDegrees><LongitudeDegrees>6.9449421</LongitudeDegrees></Position>
          <AltitudeMeters>486.5</AltitudeMeters>
          <DistanceMeters>5689.70</DistanceMeters>
          <HeartRateBpm><Value>131</Value></HeartRateBpm>
          <Cadence>90</Cadence>
          <Extensions><ns3:TPX><ns3:Speed>5.682</ns3:Speed><ns3:Watts>240</ns3:Watts></ns3:TPX></Extensions>
        </Trackpoint>
        <Trackpoint>
          <Time>2024-07-15T17:58:03Z</Time>
          <Position><LatitudeDegrees>50.3337457</LatitudeDegrees><LongitudeDegrees>6.9448860</LongitudeDegrees></Position>
          <AltitudeMeters>486.0</AltitudeMeters>
          <DistanceMeters>5695.09</DistanceMeters>
          <HeartRateBpm><Value>132</Value></HeartRateBpm>
          <Cadence>90</Cadence>
          <Extensions><ns3:TPX><ns3:Speed>5.394</ns3:Speed><ns3:Watts>237</ns3:Watts></ns3:TPX></Extensions>
        </Trackpoint>
        <Trackpoint>
          <Time>2024-07-15T17:58:04Z</Time>
          <Position><LatitudeDegrees>50.3337797</LatitudeDegrees><LongitudeDegrees>6.9448370</LongitudeDegrees></Position>
          <AltitudeMeters>485.6</AltitudeMeters>
          <DistanceMeters>5700.22</DistanceMeters>
          <HeartRateBpm><Value>133</Value></HeartRateBpm>
          <Cadence>90</Cadence>
          <Extensions><ns3:TPX><ns3:Speed>5.133</ns3:Speed><ns3:Watts>235</ns3:Watts></ns3:TPX></Extensions>
        </Trackpoint>
        <Trackpoint>
          <Time>2024-07-15T17:58:05Z</Time>
          <Position><LatitudeDegrees>50.3338150</LatitudeDegrees><LongitudeDegrees>6.9447954</LongitudeDegrees></Position>
          <AltitudeMeters>485.1</AltitudeMeters>
          <DistanceMeters>5705.13</DistanceMeters>
          <HeartRateBpm><Value>133</Value></HeartRateBpm>
          <Cadence>90</Cadence>
          <Extensions><ns3:TPX><ns3:Speed>4.908</ns3:Speed><ns3:Watts>232</ns3:Watts></ns3:TPX></Extensions>
        </Trackpoint>
        <Trackpoint>
          <Time>2024-07-15T17:58:06Z</Time>
          <Position><LatitudeDegrees>50.3338514</LatitudeDegrees><LongitudeDegrees>6.9447612</LongitudeDegrees></Position>
          <AltitudeMeters>484.7</AltitudeMeters>
          <DistanceMeters>5709.86</DistanceMeters>
          <HeartRateBpm><Value>134</Value></HeartRateBpm>
          <Cadence>90</Cadence>
          <Extensions><ns3:TPX><ns3:Speed>4.727</ns3:Speed><ns3:Watts>229</ns3:Watts></ns3:TPX></Extensions>
        </Trackpoint>
        <Trackpoint>
          <Time>2024-07-15T17:58:07Z</Time>
          <Position><LatitudeDegrees>50.3338891</LatitudeDegrees><LongitudeDegrees>6.9447345</LongitudeDegrees></Position>
          <AltitudeMeters>484.2</AltitudeMeters>
          <DistanceMeters>5714.46</DistanceMeters>
          <HeartRateBpm><Value>135</Value></HeartRateBpm>
          <Cadence>90</Cadence>
          <Extensions><ns3:TPX><ns3:Speed>4.597</ns3:Speed><ns3:Watts>227</ns3:Watts></ns3:TPX></Extensions>
        </Trackpoint>
        <Trackpoint>
          <Time>2024-07-15T17:58:08Z</Time>
          <Position><LatitudeDegrees>50.3339279</LatitudeDegrees><LongitudeDegrees>6.9447153</LongitudeDegrees></Position>
          <AltitudeMeters>483.8</AltitudeMeters>
          <DistanceMeters>5718.98</DistanceMeters>
          <HeartRateBpm><Value>136</Value></HeartRateBpm>
          <Cadence>90</Cadence>
          <Extensions><ns3:TPX><ns3:Speed>4.527</ns3:Speed><ns3:Watts>224</ns3:Watts></ns3:TPX></Extensions>
        </Trackpoint>
        <Trackpoint>
          <Time>2024-07-15T17:58:09Z</Time>
          <Position><LatitudeDegrees>50.3339679</LatitudeDegrees><LongitudeDegrees>6.9447038</LongitudeDegrees></Position>
          <AltitudeMeters>483.4</AltitudeMeters>
          <DistanceMeters>5723.50</DistanceMeters>
          <HeartRateBpm><Value>136</Value></HeartRateBpm>
          <Cadence>90</Cadence>
          <Extensions><ns3:TPX><ns3:Speed>4.520</ns3:Speed><ns3:Watts>221</ns3:Watts></ns3:TPX></Extensions>
        </Trackpoint>
        <Trackpoint>
          <Time>2024-07-15T17:58:10Z</Time>
          <Position><LatitudeDegrees>50.3340090</LatitudeDegrees><LongitudeDegrees>6.9447000</LongitudeDegrees></Position>
          <AltitudeMeters>483.0</AltitudeMeters>
          <DistanceMeters>5728.08</DistanceMeters>
          <HeartRateBpm><Value>137</Value></HeartRateBpm>
          <Cadence>90</Cadence>
          <Extensions><ns3:TPX><ns3:Speed>4.578</ns3:Speed><ns3:Watts>218</ns3:Watts></ns3:TPX></Extensions>
        </Trackpoint>
        <Trackpoint>
          <Time>2024-07-15T17:58:11Z</Time>
          <Position><LatitudeDegrees>50.3340512</LatitudeDegrees><LongitudeDegrees>6.9447038</LongitudeDegrees></Position>
          <AltitudeMeters>482.6</AltitudeMeters>
          <DistanceMeters>5732.78</DistanceMeters>
          <HeartRateBpm><Value>137</Value></HeartRateBpm>
          <Cadence>90</Cadence>
          <Extensions><ns3:TPX><ns3:Speed>4.699</ns3:Speed><ns3:Watts>216</ns3:Watts></ns3:TPX></Extensions>
        </Trackpoint>
        <Trackpoint>
          <Time>2024-07-15T17:58:12Z</Time>
          <Position><LatitudeDegrees>50.3340945</LatitudeDegrees><LongitudeDegrees>6.9447153</LongitudeDegrees></Position>
          <AltitudeMeters>482.2</AltitudeMeters>
          <DistanceMeters>5737.66</DistanceMeters>
          <HeartRateBpm><Value>137</Value></HeartRateBpm>
          <Cadence>90</Cadence>
          <Extensions><ns3:TPX><ns3:Speed>4.878</ns3:Speed><ns3:Watts>213</ns3:Watts></ns3:TPX></Extensions>
        </Trackpoint>
        <Trackpoint>
          <Time>2024-07-15T17:58:13Z</Time>
          <Position><LatitudeDegrees>50.3341387</LatitudeDegrees><LongitudeDegrees>6.9447345</LongitudeDegrees></Position>
          <AltitudeMeters>481.9</AltitudeMeters>
          <DistanceMeters>5742.77</DistanceMeters>
          <HeartRateBpm><Value>137</Value></HeartRateBpm>
          <Cadence>90</Cadence>
          <Extensions><ns3:TPX><ns3:Speed>5.108</ns3:Speed><ns3:Watts>210</ns3:Watts></ns3:TPX></Extensions>
        </Trackpoint>
        <Trackpoint>
          <Time>2024-07-15T17:58:14Z</Time>
          <Position><LatitudeDegrees>50.3341840</LatitudeDegrees><LongitudeDegrees>6.9447612</LongitudeDegrees></Position>
          <AltitudeMeters>481.6</AltitudeMeters>
          <DistanceMeters>5748.15</DistanceMeters>
          <HeartRateBpm><Value>137</Value></HeartRateBpm>
          <Cadence>90</Cadence>
          <Extensions><ns3:TPX><ns3:Speed>5.381</ns3:Speed><ns3:Watts>208</ns3:Watts></ns3:TPX></Extensions>
        </Trackpoint>
        <Trackpoint>
          <Time>2024-07-15T17:58:15Z</Time>
          <Position><LatitudeDegrees>50.3342303</LatitudeDegrees><LongitudeDegrees>6.9447954</LongitudeDegrees></Position>
          <AltitudeMeters>481.3</AltitudeMeters>
          <DistanceMeters>5753.84</DistanceMeters>
          <HeartRateBpm><Value>137</Value></HeartRateBpm>
          <Cadence>90</Cadence>
          <Extensions><ns3:TPX><ns3:Speed>5.688</ns3:Speed><ns3:Watts>205</ns3:Watts></ns3:TPX></Extensions>
        </Trackpoint>
        <Trackpoint>
          <Time>2024-07-15T17:58:16Z</Time>
          <Position><LatitudeDegrees>50.3342775</LatitudeDegrees><LongitudeDegrees>6.9448370</LongitudeDegrees></Position>
          <AltitudeMeters>481.0</AltitudeMeters>
          <DistanceMeters>5759.86</DistanceMeters>
          <HeartRateBpm><Value>136</Value></HeartRateBpm>
          <Cadence>90</Cadence>
          <Extensions><ns3:TPX><ns3:Speed>6.023</ns3:Speed><ns3:Watts>203</ns3:Watts></ns3:TPX></Extensions>
        </Trackpoint>
        <Trackpoint>
          <Time>2024-07-15T17:58:17Z</Time>
          <Position><LatitudeDegrees>50.3343256</LatitudeDegrees><LongitudeDegrees>6.9448860</LongitudeDegrees></Position>
          <AltitudeMeters>480.7</AltitudeMeters>
          <DistanceMeters>5766.24</DistanceMeters>
          <HeartRateBpm><Value>136</Value></HeartRateBpm>
          <Cadence>90</Cadence>
          <Extensions><ns3:TPX><ns3:Speed>6.377</ns3:Speed><ns3:Watts>201</ns3:Watts></ns3:TPX></Extensions>
        </Trackpoint>
        <Trackpoint>
          <Time>2024-07-15T17:58:18Z</Time>
          <Position><LatitudeDegrees>50.3343746</LatitudeDegrees><LongitudeDegrees>6.9449421</LongitudeDegrees></Position>
          <AltitudeMeters>480.4</AltitudeMeters>
          <DistanceMeters>5772.98</DistanceMeters>
          <HeartRateBpm><Value>135</Value></HeartRateBpm>
          <Cadence>90</Cadence>
          <Extensions><ns3:TPX><ns3:Speed>6.746</ns3:Speed><ns3:Watts>199</ns3:Watts></ns3:TPX></Extensions>
        </Trackpoint>
        <Trackpoint>
          <Time>2024-07-15T17:58:19Z</Time>
          <Position><LatitudeDegrees>50.3344244</LatitudeDegrees><LongitudeDegrees>6.9450052</LongitudeDegrees></Position>
          <AltitudeMeters>480.2</AltitudeMeters>
          <DistanceMeters>5780.11</DistanceMeters>
          <HeartRateBpm><Value>134</Value></HeartRateBpm>
          <Cadence>90</Cadence>
          <Extensions><ns3:TPX><ns3:Speed>7.124</ns3:Speed><ns3:Watts>197</ns3:Watts></ns3:TPX></Extensions>
        </Trackpoint>
        <Trackpoint>
          <Time>2024-07-15T17:58:20Z</Time>
          <Position><LatitudeDegrees>50.3344750</LatitudeDegrees><LongitudeDegrees>6.9450751</LongitudeDegrees></Position>
          <AltitudeMeters>480.0</AltitudeMeters>
          <DistanceMeters>5787.61</DistanceMeters>
          <HeartRateBpm><Value>133</Value></HeartRateBpm>
          <Cadence>90</Cadence>
          <Extensions><ns3:TPX><ns3:Speed>7.505</ns3:Speed><ns3:Watts>195</ns3:Watts></ns3:TPX></Extensions>
        </Trackpoint>
        <Trackpoint>
          <Time>2024-07-15T17:58:21Z</Time>
          <Position><LatitudeDegrees>50.3345264</LatitudeDegrees><LongitudeDegrees>6.9451517</LongitudeDegrees></Position>
          <AltitudeMeters>479.8</AltitudeMeters>
          <DistanceMeters>5795.50</DistanceMeters>
          <HeartRateBpm><Value>132</Value></HeartRateBpm>
          <Cadence>90</Cadence>
          <Extensions><ns3:TPX><ns3:Speed>7.887</ns3:Speed><ns3:Watts>194</ns3:Watts></ns3:TPX></Extensions>
        </Trackpoint>
        <Trackpoint>
          <Time>2024-07-15T17:58:22Z</Time>
          <Position><LatitudeDegrees>50.3345785</LatitudeDegrees><LongitudeDegrees>6.9452348</LongitudeDegrees></Position>
          <AltitudeMeters>479.7</AltitudeMeters>
          <DistanceMeters>5803.77</DistanceMeters>
          <HeartRateBpm><Value>130</Value></HeartRateBpm>
          <Cadence>90</Cadence>
          <Extensions><ns3:TPX><ns3:Speed>8.266</ns3:Speed><ns3:Watts>193</ns3:Watts></ns3:TPX></Extensions>
        </Trackpoint>
        <Trackpoint>
          <Time>2024-07-15T17:58:23Z</Time>
          <Position><LatitudeDegrees>50.3346314</LatitudeDegrees><LongitudeDegrees>6.9453240</LongitudeDegrees></Position>
          <AltitudeMeters>479.5</AltitudeMeters>
          <DistanceMeters>5812.41</DistanceMeters>
          <HeartRateBpm><Value>129</Value></HeartRateBpm>
          <Cadence>90</Cadence>
          <Extensions><ns3:TPX><ns3:Speed>8.639</ns3:Speed><ns3:Watts>192</ns3:Watts></ns3:TPX></Extensions>
        </Trackpoint>
        <Trackpoint>
          <Time>2024-07-15T17:58:24Z</Time>
          <Position><LatitudeDegrees>50.3346848</LatitudeDegrees><LongitudeDegrees>6.9454192</LongitudeDegrees></Position>
          <AltitudeMeters>479.4</AltitudeMeters>
          <DistanceMeters>5821.41</DistanceMeters>
          <HeartRateBpm><Value>128</Value></HeartRateBpm>
          <Cadence>90</Cadence>
          <Extensions><ns3:TPX><ns3:Speed>9.002</ns3:Speed><ns3:Watts>191</ns3:Watts></ns3:TPX></Extensions>
        </Trackpoint>
        <Trackpoint>
          <Time>2024-07-15T17:58:25Z</Time>
          <Position><LatitudeDegrees>50.3347390</LatitudeDegrees><LongitudeDegrees>6.9455201</LongitudeDegrees></Position>
          <AltitudeMeters>479.3</AltitudeMeters>
          <DistanceMeters>5830.76</DistanceMeters>
          <HeartRateBpm><Value>126</Value></HeartRateBpm>
          <Cadence>90</Cadence>
          <Extensions><ns3:TPX><ns3:Speed>9.355</ns3:Speed><ns3:Watts>190</ns3:Watts></ns3:TPX></Extensions>
        </Trackpoint>
        <Trackpoint>
          <Time>2024-07-15T17:58:26Z</Time>
          <Position><LatitudeDegrees>50.3347937</LatitudeDegrees><LongitudeDegrees>6.9456264</LongitudeDegrees></Position>
          <AltitudeMeters>479.2</AltitudeMeters>
          <DistanceMeters>5840.46</DistanceMeters>
          <HeartRateBpm><Value>125</Value></HeartRateBpm>
          <Cadence>90</Cadence>
          <Extensions><ns3:TPX><ns3:Speed>9.694</ns3:Speed><ns3:Watts>190</ns3:Watts></ns3:TPX></Extensions>
        </Trackpoint>
        <Trackpoint>
          <Time>2024-07-15T17:58:27Z</Time>
          <Position><LatitudeDegrees>50.3348489</LatitudeDegrees><LongitudeDegrees>6.9457379</LongitudeDegrees></Position>
          <AltitudeMeters>479.2</AltitudeMeters>
          <DistanceMeters>5850.47</DistanceMeters>
          <HeartRateBpm><Value>124</Value></HeartRateBpm>
          <Cadence>90</Cadence>
          <Extensions><ns3:TPX><ns3:Speed>10.018</ns3:Speed><ns3:Watts>190</ns3:Watts></ns3:TPX></Extensions>
        </Trackpoint>
        <Trackpoint>
          <Time>2024-07-15T17:58:28Z</Time>
          <Position><LatitudeDegrees>50.3349047</LatitudeDegrees><LongitudeDegrees>6.9458542</LongitudeDegrees></Position>
          <AltitudeMeters>479.1</AltitudeMeters>
          <DistanceMeters>5860.80</DistanceMeters>
          <HeartRateBpm><Value>123</Value></HeartRateBpm>
          <Cadence>90</Cadence>
          <Extensions><ns3:TPX><ns3:Speed>10.325</ns3:Speed><ns3:Watts>190</ns3:Watts></ns3:TPX></Extensions>
        </Trackpoint>
        <Trackpoint>
          <Time>2024-07-15T17:58:29Z</Time>
          <Position><LatitudeDegrees>50.3349610</LatitudeDegrees><LongitudeDegrees>6.9459750</LongitudeDegrees></Position>
          <AltitudeMeters>479.1</AltitudeMeters>
          <DistanceMeters>5871.41</DistanceMeters>
          <HeartRateBpm><Value>123</Value></HeartRateBpm>
          <Cadence>90</Cadence>
          <Extensions><ns3:TPX><ns3:Speed>10.614</ns3:Speed><ns3:Watts>190</ns3:Watts></ns3:TPX></Extensions>
        </Trackpoint>
        <Trackpoint>
          <Time>2024-07-15T17:58:30Z</Time>
          <Position><LatitudeDegrees>50.3350177</LatitudeDegrees><LongitudeDegrees>6.9461000</LongitudeDegrees></Position>
          <AltitudeMeters>479.1</AltitudeMeters>
          <DistanceMeters>5882.29</DistanceMeters>
          <HeartRateBpm><Value>122</Value></HeartRateBpm>
          <Cadence>90</Cadence>
          <Extensions><ns3:TPX><ns3:Speed>10.883</ns3:Speed><ns3:Watts>191</ns3:Watts></ns3:TPX></Extensions>
        </Trackpoint>
        <Trackpoint>
          <Time>2024-07-15T17:58:31Z</Time>
          <Position><LatitudeDegrees>50.3350747</LatitudeDegrees><LongitudeDegrees>6.9462288</LongitudeDegrees></Position>
          <AltitudeMeters>479.1</AltitudeMeters>
          <DistanceMeters>5893.43</DistanceMeters>
          <HeartRateBpm><Value>122</Value></HeartRateBpm>
          <Cadence>90</Cadence>
          <Extensions><ns3:TPX><ns3:Speed>11.131</ns3:Speed><ns3:Watts>191</ns3:Watts></ns3:TPX></Extensions>
        </Trackpoint>
        <Trackpoint>
          <Time>2024-07-15T17:58:32Z</Time>
          <Position><LatitudeDegrees>50.3351322</LatitudeDegrees><LongitudeDegrees>6.9463611</LongitudeDegrees></Position>
          <AltitudeMeters>479.2</AltitudeMeters>
          <DistanceMeters>5904.78</DistanceMeters>
          <HeartRateBpm><Value>122</Value></HeartRateBpm>
          <Cadence>90</Cadence>
          <Extensions><ns3:TPX><ns3:Speed>11.358</ns3:Speed><ns3:Watts>192</ns3:Watts></ns3:TPX></Extensions>
        </Trackpoint>
        <Trackpoint>
          <Time>2024-07-15T17:58:33Z</Time>
          <Position><LatitudeDegrees>50.3351900</LatitudeDegrees><LongitudeDegrees>6.9464966</LongitudeDegrees></Position>
          <AltitudeMeters>479.2</AltitudeMeters>
          <DistanceMeters>5916.34</DistanceMeters>
          <HeartRateBpm><Value>122</Value></HeartRateBpm>
          <Cadence>90</Cadence>
          <Extensions><ns3:TPX><ns3:Speed>11.561</ns3:Speed><ns3:Watts>193</ns3:Watts></ns3:TPX></Extensions>
        </Trackpoint>
        <Trackpoint>
          <Time>2024-07-15T17:58:34Z</Time>
          <Position><LatitudeDegrees>50.3352480</LatitudeDegrees><LongitudeDegrees>6.9466348</LongitudeDegrees></Position>
          <AltitudeMeters>479.3</AltitudeMeters>
          <DistanceMeters>5928.09</DistanceMeters>
          <HeartRateBpm><Value>122</Value></HeartRateBpm>
          <Cadence>90</Cadence>
          <Extensions><ns3:TPX><ns3:Speed>11.741</ns3:Speed><ns3:Watts>195</ns3:Watts></ns3:TPX></Extensions>
        </Trackpoint>
        <Trackpoint>
          <Time>2024-07-15T17:58:35Z</Time>
          <Position><LatitudeDegrees>50.3353063</LatitudeDegrees><LongitudeDegrees>6.9467753</LongitudeDegrees></Position>
          <AltitudeMeters>479.4</AltitudeMeters>
          <DistanceMeters>5939.98</DistanceMeters>
          <HeartRateBpm><Value>123</Value></HeartRateBpm>
          <Cadence>90</Cadence>
          <Extensions><ns3:TPX><ns3:Speed>11.897</ns3:Speed><ns3:Watts>196</ns3:Watts></ns3:TPX></Extensions>
        </Trackpoint>
        <Trackpoint>
          <Time>2024-07-15T17:58:36Z</Time>
          <Position><LatitudeDegrees>50.3353648</LatitudeDegrees><LongitudeDegrees>6.9469178</LongitudeDegrees></Position>
          <AltitudeMeters>479.5</AltitudeMeters>
          <DistanceMeters>5952.01</DistanceMeters>
          <HeartRateBpm><Value>124</Value></HeartRateBpm>
          <Cadence>89</Cadence>
          <Extensions><ns3:TPX><ns3:Speed>12.027</ns3:Speed><ns3:Watts>197</ns3:Watts></ns3:TPX></Extensions>
        </Trackpoint>
        <Trackpoint>
          <Time>2024-07-15T17:58:37Z</Time>
          <Position><LatitudeDegrees>50.3354235</LatitudeDegrees><LongitudeDegrees>6.9470620</LongitudeDegrees></Position>
          <AltitudeMeters>479.6</AltitudeMeters>
          <DistanceMeters>5964.14</DistanceMeters>
          <HeartRateBpm><Value>124</Value></HeartRateBpm>
          <Cadence>89</Cadence>
          <Extensions><ns3:TPX><ns3:Speed>12.132</ns3:Speed><ns3:Watts>199</ns3:Watts></ns3:TPX></Extensions>
        </Trackpoint>
        <Trackpoint>
          <Time>2024-07-15T17:58:38Z</Time>
          <Position><LatitudeDegrees>50.3354822</LatitudeDegrees><LongitudeDegrees>6.9472073</LongitudeDegrees></Position>
          <AltitudeMeters>479.7</AltitudeMeters>
          <DistanceMeters>5976.35</DistanceMeters>
          <HeartRateBpm><Value>125</Value></HeartRateBpm>
          <Cadence>89</Cadence>
          <Extensions><ns3:TPX><ns3:Speed>12.211</ns3:Speed><ns3:Watts>201</ns3:Watts></ns3:TPX></Extensions>
        </Trackpoint>
        <Trackpoint>
          <Time>2024-07-15T17:58:39Z</Time>
          <Position><LatitudeDegrees>50.3355411</LatitudeDegrees><LongitudeDegrees>6.9473535</LongitudeDegrees></Position>
          <AltitudeMeters>479.8</AltitudeMeters>
          <DistanceMeters>5988.62</DistanceMeters>
          <HeartRateBpm><Value>126</Value></HeartRateBpm>
          <Cadence>89</Cadence>
          <Extensions><ns3:TPX><ns3:Speed>12.264</ns3:Speed><ns3:Watts>203</ns3:Watts></ns3:TPX></Extensions>
        </Trackpoint>
      </Track>
    </Lap>
  </Activity></Activities>
</TrainingCenterDatabase>
