<?xml version="1.0" encoding="UTF-8"?>
<gpx version="1.1" creator="Activity Layers example" xmlns="http://www.topografix.com/GPX/1/1" xmlns:gpxtpx="http://www.garmin.com/xmlschemas/TrackPointExtension/v1">
  <metadata><name>Demo lap course</name><time>2024-07-15T17:46:40Z</time></metadata>
  <trk><name>Demo lap course</name><trkseg>
    <trkpt lat="50.3356000" lon="6.9475000">
      <ele>480.0</ele>
      <time>2024-07-15T17:46:40Z</time>
      <extensions><power>205</power><gpxtpx:TrackPointExtension>
        <gpxtpx:atemp>4</gpxtpx:atemp>
        <gpxtpx:cad>89</gpxtpx:cad>
      </gpxtpx:TrackPointExtension></extensions>
    </trkpt>
    <trkpt lat="50.3356589" lon="6.9476465">
      <ele>480.2</ele>
      <time>2024-07-15T17:46:41Z</time>
      <extensions><power>206</power><gpxtpx:TrackPointExtension>
        <gpxtpx:atemp>4</gpxtpx:atemp>
        <gpxtpx:cad>89</gpxtpx:cad>
      </gpxtpx:TrackPointExtension></extensions>
    </trkpt>
    <trkpt lat="50.3357178" lon="6.9477927">
      <ele>480.3</ele>
      <time>2024-07-15T17:46:42Z</time>
      <extensions><power>208</power><gpxtpx:TrackPointExtension>
        <gpxtpx:atemp>4</gpxtpx:atemp>
        <gpxtpx:cad>89</gpxtpx:cad>
      </gpxtpx:TrackPointExtension></extensions>
    </trkpt>
    <trkpt lat="50.3357765" lon="6.9479380">
      <ele>480.5</ele>
      <time>2024-07-15T17:46:43Z</time>
      <extensions><power>210</power><gpxtpx:TrackPointExtension>
        <gpxtpx:atemp>4</gpxtpx:atemp>
        <gpxtpx:cad>89</gpxtpx:cad>
      </gpxtpx:TrackPointExtension></extensions>
    </trkpt>
    <trkpt lat="50.3358352" lon="6.9480822">
      <ele>480.7</ele>
      <time>2024-07-15T17:46:44Z</time>
      <extensions><power>212</power><gpxtpx:TrackPointExtension>
        <gpxtpx:atemp>4</gpxtpx:atemp>
        <gpxtpx:cad>88</gpxtpx:cad>
      </gpxtpx:TrackPointExtension></extensions>
    </trkpt>
    <trkpt lat="50.3358937" lon="6.9482247">
      <ele>480.9</ele>
      <time>2024-07-15T17:46:45Z</time>
      <extensions><power>214</power><gpxtpx:TrackPointExtension>
        <gpxtpx:atemp>4</gpxtpx:atemp>
        <gpxtpx:cad>88</gpxtpx:cad>
      </gpxtpx:TrackPointExtension></extensions>
    </trkpt>
    <trkpt lat="50.3359520" lon="6.9483652">
      <ele>481.1</ele>
      <time>2024-07-15T17:46:46Z</time>
      <extensions><power>216</power><gpxtpx:TrackPointExtension>
        <gpxtpx:atemp>4</gpxtpx:atemp>
        <gpxtpx:cad>88</gpxtpx:cad>
      </gpxtpx:TrackPointExtension></extensions>
    </trkpt>
    <trkpt lat="50.3360100" lon="6.9485034">
      <ele>481.3</ele>
      <time>2024-07-15T17:46:47Z</time>
      <extensions><power>217</power><gpxtpx:TrackPointExtension>
        <gpxtpx:atemp>4</gpxtpx:atemp>
        <gpxtpx:cad>88</gpxtpx:cad>
      </gpxtpx:TrackPointExtension></extensions>
    </trkpt>
    <trkpt lat="50.3360678" lon="6.9486389">
      <ele>481.5</ele>
      <time>2024-07-15T17:46:48Z</time>
      <extensions><power>219</power><gpxtpx:TrackPointExtension>
        <gpxtpx:atemp>4</gpxtpx:atemp>
        <gpxtpx:cad>88</gpxtpx:cad>
      </gpxtpx:TrackPointExtension></extensions>
    </trkpt>
    <trkpt lat="50.3361253" lon="6.9487712">
      <ele>481.7</ele>
      <time>2024-07-15T17:46:49Z</time>
      <extensions><power>220</power><gpxtpx:TrackPointExtension>
        <gpxtpx:atemp>4</gpxtpx:atemp>
        <gpxtpx:cad>88</gpxtpx:cad>
      </gpxtpx:TrackPointExtension></extensions>
    </trkpt>
    <trkpt lat="50.3361823" lon="6.9489000">
      <ele>481.9</ele>
      <time>2024-07-15T17:46:50Z</time>
      <extensions><power>222</power><gpxtpx:TrackPointExtension>
        <gpxtpx:atemp>4</gpxtpx:atemp>
        <gpxtpx:cad>87</gpxtpx:cad>
      </gpxtpx:TrackPointExtension></extensions>
    </trkpt>
    <trkpt lat="50.3362390" lon="6.9490250">
      <ele>482.1</ele>
      <time>2024-07-15T17:46:51Z</time>
      <extensions><power>223</power><gpxtpx:TrackPointExtension>
        <gpxtpx:atemp>4</gpxtpx:atemp>
        <gpxtpx:cad>87</gpxtpx:cad>
      </gpxtpx:TrackPointExtension></extensions>
    </trkpt>
    <trkpt lat="50.3362953" lon="6.9491458">
      <ele>482.4</ele>
      <time>2024-07-15T17:46:52Z</time>
      <extensions><power>224</power><gpxtpx:TrackPointExtension>
        <gpxtpx:atemp>4</gpxtpx:atemp>
        <gpxtpx:cad>87</gpxtpx:cad>
      </gpxtpx:TrackPointExtension></extensions>
    </trkpt>
    <trkpt lat="50.3363511" lon="6.9492621">
      <ele>482.6</ele>
      <time>2024-07-15T17:46:53Z</time>
      <extensions><power>225</power><gpxtpx:TrackPointExtension>
        <gpxtpx:atemp>3</gpxtpx:atemp>
        <gpxtpx:cad>87</gpxtpx:cad>
      </gpxtpx:TrackPointExtension></extensions>
    </trkpt>
    <trkpt lat="50.3364063" lon="6.9493736">
      <ele>482.8</ele>
      <time>2024-07-15T17:46:54Z</time>
      <extensions><power>226</power><gpxtpx:TrackPointExtension>
        <gpxtpx:atemp>3</gpxtpx:atemp>
        <gpxtpx:cad>87</gpxtpx:cad>
      </gpxtpx:TrackPointExtension></extensions>
    </trkpt>
    <trkpt lat="50.3364610" lon="6.9494799">
      <ele>483.0</ele>
      <time>2024-07-15T17:46:55Z</time>
      <extensions><power>226</power><gpxtpx:TrackPointExtension>
        <gpxtpx:atemp>3</gpxtpx:atemp>
        <gpxtpx:cad>86</gpxtpx:cad>
      </gpxtpx:TrackPointExtension></extensions>
    </trkpt>
    <trkpt lat="50.3365152" lon="6.9495808">
      <ele>483.2</ele>
      <time>2024-07-15T17:46:56Z</time>
      <extensions><power>227</power><gpxtpx:TrackPointExtension>
        <gpxtpx:atemp>3</gpxtpx:atemp>
        <gpxtpx:cad>86</gpxtpx:cad>
      </gpxtpx:TrackPointExtension></extensions>
    </trkpt>
    <trkpt lat="50.3365686" lon="6.9496760">
      <ele>483.4</ele>
      <time>2024-07-15T17:46:57Z</time>
      <extensions><power>227</power><gpxtpx:TrackPointExtension>
        <gpxtpx:atemp>3</gpxtpx:atemp>
        <gpxtpx:cad>86</gpxtpx:cad>
      </gpxtpx:TrackPointExtension></extensions>
    </trkpt>
    <trkpt lat="50.3366215" lon="6.9497652">
      <ele>483.6</ele>
      <time>2024-07-15T17:46:58Z</time>
      <extensions><power>227</power><gpxtpx:TrackPointExtension>
        <gpxtpx:atemp>3</gpxtpx:atemp>
        <gpxtpx:cad>86</gpxtpx:cad>
      </gpxtpx:TrackPointExtension></extensions>
    </trkpt>
    <trkpt lat="50.3366736" lon="6.9498483">
      <ele>483.8</ele>
      <time>2024-07-15T17:46:59Z</time>
      <extensions><power>227</power><gpxtpx:TrackPointExtension>
        <gpxtpx:atemp>3</gpxtpx:atemp>
        <gpxtpx:cad>86</gpxtpx:cad>
      </gpxtpx:TrackPointExtension></extensions>
    </trkpt>
    <trkpt lat="50.3367250" lon="6.9499249">
      <ele>484.0</ele>
      <time>2024-07-15T17:47:00Z</time>
      <extensions><power>226</power><gpxtpx:TrackPointExtension>
        <gpxtpx:atemp>3</gpxtpx:atemp>
        <gpxtpx:cad>85</gpxtpx:cad>
      </gpxtpx:TrackPointExtension></extensions>
    </trkpt>
    <trkpt lat="50.3367756" lon="6.9499948">
      <ele>484.2</ele>
      <time>2024-07-15T17:47:01Z</time>
      <extensions><power>226</power><gpxtpx:TrackPointExtension>
        <gpxtpx:atemp>3</gpxtpx:atemp>
        <gpxtpx:cad>85</gpxtpx:cad>
      </gpxtpx:TrackPointExtension></extensions>
    </trkpt>
    <trkpt lat="50.3368254" lon="6.9500579">
      <ele>484.4</ele>
      <time>2024-07-15T17:47:02Z</time>
      <extensions><power>226</power><gpxtpx:TrackPointExtension>
        <gpxtpx:atemp>3</gpxtpx:atemp>
        <gpxtpx:cad>85</gpxtpx:cad>
      </gpxtpx:TrackPointExtension></extensions>
    </trkpt>
    <trkpt lat="50.3368744" lon="6.9501140">
      <ele>484.6</ele>
      <time>2024-07-15T17:47:03Z</time>
      <extensions><power>225</power><gpxtpx:TrackPointExtension>
        <gpxtpx:atemp>2</gpxtpx:atemp>
        <gpxtpx:cad>85</gpxtpx:cad>
      </gpxtpx:TrackPointExtension></extensions>
    </trkpt>
    <trkpt lat="50.3369225" lon="6.9501630">
      <ele>484.8</ele>
      <time>2024-07-15T17:47:04Z</time>
      <extensions><power>224</power><gpxtpx:TrackPointExtension>
        <gpxtpx:atemp>2</gpxtpx:atemp>
        <gpxtpx:cad>85</gpxtpx:cad>
      </gpxtpx:TrackPointExtension></extensions>
    </trkpt>
    <trkpt lat="50.3369697" lon="6.9502046">
      <ele>484.9</ele>
      <time>2024-07-15T17:47:05Z</time>
      <extensions><power>223</power><gpxtpx:TrackPointExtension>
        <gpxtpx:atemp>2</gpxtpx:atemp>
        <gpxtpx:cad>84</gpxtpx:cad>
      </gpxtpx:TrackPointExtension></extensions>
    </trkpt>
    <trkpt lat="50.3370160" lon="6.9502388">
      <ele>485.1</ele>
      <time>2024-07-15T17:47:06Z</time>
      <extensions><power>222</power><gpxtpx:TrackPointExtension>
        <gpxtpx:atemp>2</gpxtpx:atemp>
        <gpxtpx:cad>84</gpxtpx:cad>
      </gpxtpx:TrackPointExtension></extensions>
    </trkpt>
    <trkpt lat="50.3370613" lon="6.9502655">
      <ele>485.3</ele>
      <time>2024-07-15T17:47:07Z</time>
      <extensions><power>221</power><gpxtpx:TrackPointExtension>
        <gpxtpx:atemp>2</gpxtpx:atemp>
        <gpxtpx:cad>84</gpxtpx:cad>
      </gpxtpx:TrackPointExtension></extensions>
    </trkpt>
    <trkpt lat="50.3371055" lon="6.9502847">
      <ele>485.5</ele>
      <time>2024-07-15T17:47:08Z</time>
      <extensions><power>220</power><gpxtpx:TrackPointExtension>
        <gpxtpx:atemp>2</gpxtpx:atemp>
        <gpxtpx:cad>84</gpxtpx:cad>
      </gpxtpx:TrackPointExtension></extensions>
    </trkpt>
    <trkpt lat="50.3371488" lon="6.9502962">
      <ele>485.6</ele>
      <time>2024-07-15T17:47:09Z</time>
      <extensions><power>219</power><gpxtpx:TrackPointExtension>
        <gpxtpx:atemp>2</gpxtpx:atemp>
        <gpxtpx:cad>83</gpxtpx:cad>
      </gpxtpx:TrackPointExtension></extensions>
    </trkpt>
    <trkpt lat="50.3371910" lon="6.9503000">
      <ele>485.8</ele>
      <time>2024-07-15T17:47:10Z</time>
      <extensions><power>218</power><gpxtpx:TrackPointExtension>
        <gpxtpx:atemp>1</gpxtpx:atemp>
        <gpxtpx:hr>128</gpxtpx:hr>
        <gpxtpx:cad>83</gpxtpx:cad>
      </gpxtpx:TrackPointExtension></extensions>
    </trkpt>
    <trkpt lat="50.3372321" lon="6.9502962">
      <ele>486.0</ele>
      <time>2024-07-15T17:47:11Z</time>
      <extensions><power>217</power><gpxtpx:TrackPointExtension>
        <gpxtpx:atemp>1</gpxtpx:atemp>
        <gpxtpx:hr>129</gpxtpx:hr>
        <gpxtpx:cad>83</gpxtpx:cad>
      </gpxtpx:TrackPointExtension></extensions>
    </trkpt>
    <trkpt lat="50.3372721" lon="6.9502847">
      <ele>486.1</ele>
      <time>2024-07-15T17:47:12Z</time>
      <extensions><power>216</power><gpxtpx:TrackPointExtension>
        <gpxtpx:atemp>1</gpxtpx:atemp>
        <gpxtpx:hr>131</gpxtpx:hr>
        <gpxtpx:cad>83</gpxtpx:cad>
      </gpxtpx:TrackPointExtension></extensions>
    </trkpt>
    <trkpt lat="50.3373109" lon="6.9502655">
      <ele>486.3</ele>
      <time>2024-07-15T17:47:13Z</time>
      <extensions><power>216</power><gpxtpx:TrackPointExtension>
        <gpxtpx:atemp>1</gpxtpx:atemp>
        <gpxtpx:hr>132</gpxtpx:hr>
        <gpxtpx:cad>82</gpxtpx:cad>
      </gpxtpx:TrackPointExtension></extensions>
    </trkpt>
    <trkpt lat="50.3373486" lon="6.9502388">
      <ele>486.5</ele>
      <time>2024-07-15T17:47:14Z</time>
      <extensions><power>215</power><gpxtpx:TrackPointExtension>
        <gpxtpx:atemp>1</gpxtpx:atemp>
        <gpxtpx:hr>133</gpxtpx:hr>
        <gpxtpx:cad>82</gpxtpx:cad>
      </gpxtpx:TrackPointExtension></extensions>
    </trkpt>
    <trkpt lat="50.3373850" lon="6.9502046">
      <ele>486.6</ele>
      <time>2024-07-15T17:47:15Z</time>
      <extensions><power>214</power><gpxtpx:TrackPointExtension>
        <gpxtpx:atemp>0</gpxtpx:atemp>
        <gpxtpx:hr>135</gpxtpx:hr>
        <gpxtpx:cad>82</gpxtpx:cad>
      </gpxtpx:TrackPointExtension></extensions>
    </trkpt>
    <trkpt lat="50.3374203" lon="6.9501630">
      <ele>486.8</ele>
      <time>2024-07-15T17:47:16Z</time>
      <extensions><power>214</power><gpxtpx:TrackPointExtension>
        <gpxtpx:atemp>0</gpxtpx:atemp>
        <gpxtpx:hr>136</gpxtpx:hr>
        <gpxtpx:cad>82</gpxtpx:cad>
      </gpxtpx:TrackPointExtension></extensions>
    </trkpt>
    <trkpt lat="50.3374543" lon="6.9501140">
      <ele>487.0</ele>
      <time>2024-07-15T17:47:17Z</time>
      <extensions><power>213</power><gpxtpx:TrackPointExtension>
        <gpxtpx:atemp>0</gpxtpx:atemp>
        <gpxtpx:hr>138</gpxtpx:hr>
        <gpxtpx:cad>82</gpxtpx:cad>
      </gpxtpx:TrackPointExtension></extensions>
    </trkpt>
    <trkpt lat="50.3374870" lon="6.9500579">
      <ele>487.1</ele>
      <time>2024-07-15T17:47:18Z</time>
      <extensions><power>213</power><gpxtpx:TrackPointExtension>
        <gpxtpx:atemp>0</gpxtpx:atemp>
        <gpxtpx:hr>139</gpxtpx:hr>
        <gpxtpx:cad>81</gpxtpx:cad>
      </gpxtpx:TrackPointExtension></extensions>
    </trkpt>
    <trkpt lat="50.3375184" lon="6.9499948">
      <ele>487.3</ele>
      <time>2024-07-15T17:47:19Z</time>
      <extensions><power>213</power><gpxtpx:TrackPointExtension>
        <gpxtpx:atemp>0</gpxtpx:atemp>
        <gpxtpx:hr>140</gpxtpx:hr>
        <gpxtpx:cad>81</gpxtpx:cad>
      </gpxtpx:TrackPointExtension></extensions>
    </trkpt>
    <trkpt lat="50.3375486" lon="6.9499249">
      <ele>487.5</ele>
      <time>2024-07-15T17:47:20Z</time>
      <extensions><power>213</power><gpxtpx:TrackPointExtension>
        <gpxtpx:atemp>0</gpxtpx:atemp>
        <gpxtpx:hr>141</gpxtpx:hr>
        <gpxtpx:cad>81</gpxtpx:cad>
      </gpxtpx:TrackPointExtension></extensions>
    </trkpt>
    <trkpt lat="50.3375773" lon="6.9498483">
      <ele>487.7</ele>
      <time>2024-07-15T17:47:21Z</time>
      <extensions><power>213</power><gpxtpx:TrackPointExtension>
        <gpxtpx:atemp>-1</gpxtpx:atemp>
        <gpxtpx:hr>142</gpxtpx:hr>
        <gpxtpx:cad>81</gpxtpx:cad>
      </gpxtpx:TrackPointExtension></extensions>
    </trkpt>
    <trkpt lat="50.3376048" lon="6.9497652">
      <ele>487.9</ele>
      <time>2024-07-15T17:47:22Z</time>
      <extensions><power>213</power><gpxtpx:TrackPointExtension>
        <gpxtpx:atemp>-1</gpxtpx:atemp>
        <gpxtpx:hr>143</gpxtpx:hr>
        <gpxtpx:cad>80</gpxtpx:cad>
      </gpxtpx:TrackPointExtension></extensions>
    </trkpt>
    <trkpt lat="50.3376308" lon="6.9496760">
      <ele>488.1</ele>
      <time>2024-07-15T17:47:23Z</time>
      <extensions><power>214</power><gpxtpx:TrackPointExtension>
        <gpxtpx:atemp>-1</gpxtpx:atemp>
        <gpxtpx:hr>143</gpxtpx:hr>
        <gpxtpx:cad>80</gpxtpx:cad>
      </gpxtpx:TrackPointExtension></extensions>
    </trkpt>
    <trkpt lat="50.3376555" lon="6.9495808">
      <ele>488.3</ele>
      <time>2024-07-15T17:47:24Z</time>
      <extensions><power>215</power><gpxtpx:TrackPointExtension>
        <gpxtpx:atemp>-1</gpxtpx:atemp>
        <gpxtpx:hr>143</gpxtpx:hr>
        <gpxtpx:cad>80</gpxtpx:cad>
      </gpxtpx:TrackPointExtension></extensions>
    </trkpt>
    <trkpt lat="50.3376787" lon="6.9494799">
      <ele>488.5</ele>
      <time>2024-07-15T17:47:25Z</time>
      <extensions><power>216</power><gpxtpx:TrackPointExtension>
        <gpxtpx:atemp>-2</gpxtpx:atemp>
        <gpxtpx:hr>144</gpxtpx:hr>
        <gpxtpx:cad>80</gpxtpx:cad>
      </gpxtpx:TrackPointExtension></extensions>
    </trkpt>
    <trkpt lat="50.3377006" lon="6.9493736">
      <ele>488.7</ele>
      <time>2024-07-15T17:47:26Z</time>
      <extensions><power>217</power><gpxtpx:TrackPointExtension>
        <gpxtpx:atemp>-2</gpxtpx:atemp>
        <gpxtpx:hr>143</gpxtpx:hr>
        <gpxtpx:cad>79</gpxtpx:cad>
      </gpxtpx:TrackPointExtension></extensions>
    </trkpt>
    <trkpt lat="50.3377209" lon="6.9492621">
      <ele>488.9</ele>
      <time>2024-07-15T17:47:27Z</time>
      <extensions><power>219</power><gpxtpx:TrackPointExtension>
        <gpxtpx:atemp>-2</gpxtpx:atemp>
        <gpxtpx:hr>143</gpxtpx:hr>
        <gpxtpx:cad>79</gpxtpx:cad>
      </gpxtpx:TrackPointExtension></extensions>
    </trkpt>
    <trkpt lat="50.3377399" lon="6.9491458">
      <ele>489.2</ele>
      <time>2024-07-15T17:47:28Z</time>
      <extensions><power>220</power><gpxtpx:TrackPointExtension>
        <gpxtpx:atemp>-2</gpxtpx:atemp>
        <gpxtpx:hr>143</gpxtpx:hr>
        <gpxtpx:cad>79</gpxtpx:cad>
      </gpxtpx:TrackPointExtension></extensions>
    </trkpt>
    <trkpt lat="50.3377573" lon="6.9490250">
      <ele>489.4</ele>
      <time>2024-07-15T17:47:29Z</time>
      <extensions><power>222</power><gpxtpx:TrackPointExtension>
        <gpxtpx:atemp>-2</gpxtpx:atemp>
        <gpxtpx:hr>142</gpxtpx:hr>
        <gpxtpx:cad>79</gpxtpx:cad>
      </gpxtpx:TrackPointExtension></extensions>
    </trkpt>
    <trkpt lat="50.3377733" lon="6.9489000">
      <ele>489.7</ele>
      <time>2024-07-15T17:47:30Z</time>
      <extensions><power>224</power><gpxtpx:TrackPointExtension>
        <gpxtpx:atemp>-3</gpxtpx:atemp>
        <gpxtpx:hr>142</gpxtpx:hr>
        <gpxtpx:cad>79</gpxtpx:cad>
      </gpxtpx:TrackPointExtension></extensions>
    </trkpt>
    <trkpt lat="50.3377878" lon="6.9487712">
      <ele>490.0</ele>
      <time>2024-07-15T17:47:31Z</time>
      <extensions><power>226</power><gpxtpx:TrackPointExtension>
        <gpxtpx:atemp>-3</gpxtpx:atemp>
        <gpxtpx:hr>141</gpxtpx:hr>
        <gpxtpx:cad>78</gpxtpx:cad>
      </gpxtpx:TrackPointExtension></extensions>
    </trkpt>
    <trkpt lat="50.3378008" lon="6.9486389">
      <ele>490.3</ele>
      <time>2024-07-15T17:47:32Z</time>
      <extensions><power>229</power><gpxtpx:TrackPointExtension>
        <gpxtpx:atemp>-3</gpxtpx:atemp>
        <gpxtpx:hr>140</gpxtpx:hr>
        <gpxtpx:cad>78</gpxtpx:cad>
      </gpxtpx:TrackPointExtension></extensions>
    </trkpt>
    <trkpt lat="50.3378123" lon="6.9485034">
      <ele>490.6</ele>
      <time>2024-07-15T17:47:33Z</time>
      <extensions><power>231</power><gpxtpx:TrackPointExtension>
        <gpxtpx:atemp>-3</gpxtpx:atemp>
        <gpxtpx:hr>140</gpxtpx:hr>
        <gpxtpx:cad>78</gpxtpx:cad>
      </gpxtpx:TrackPointExtension></extensions>
    </trkpt>
    <trkpt lat="50.3378223" lon="6.9483652">
      <ele>490.9</ele>
      <time>2024-07-15T17:47:34Z</time>
      <extensions><power>234</power><gpxtpx:TrackPointExtension>
        <gpxtpx:atemp>-4</gpxtpx:atemp>
        <gpxtpx:hr>139</gpxtpx:hr>
        <gpxtpx:cad>78</gpxtpx:cad>
      </gpxtpx:TrackPointExtension></extensions>
    </trkpt>
    <trkpt lat="50.3378308" lon="6.9482247">
      <ele>491.2</ele>
      <time>2024-07-15T17:47:35Z</time>
      <extensions><power>237</power><gpxtpx:TrackPointExtension>
        <gpxtpx:atemp>-4</gpxtpx:atemp>
        <gpxtpx:hr>139</gpxtpx:hr>
        <gpxtpx:cad>77</gpxtpx:cad>
      </gpxtpx:TrackPointExtension></extensions>
    </trkpt>
    <trkpt lat="50.3378377" lon="6.9480822">
      <ele>491.5</ele>
      <time>2024-07-15T17:47:36Z</time>
      <extensions><power>240</power><gpxtpx:TrackPointExtension>
        <gpxtpx:atemp>-4</gpxtpx:atemp>
        <gpxtpx:hr>138</gpxtpx:hr>
        <gpxtpx:cad>77</gpxtpx:cad>
      </gpxtpx:TrackPointExtension></extensions>
    </trkpt>
    <trkpt lat="50.3378431" lon="6.9479380">
      <ele>491.9</ele>
      <time>2024-07-15T17:47:37Z</time>
      <extensions><power>243</power><gpxtpx:TrackPointExtension>
        <gpxtpx:atemp>-4</gpxtpx:atemp>
        <gpxtpx:hr>138</gpxtpx:hr>
        <gpxtpx:cad>77</gpxtpx:cad>
      </gpxtpx:TrackPointExtension></extensions>
    </trkpt>
    <trkpt lat="50.3378469" lon="6.9477927">
      <ele>492.2</ele>
      <time>2024-07-15T17:47:38Z</time>
      <extensions><power>246</power><gpxtpx:TrackPointExtension>
        <gpxtpx:atemp>-5</gpxtpx:atemp>
        <gpxtpx:hr>138</gpxtpx:hr>
        <gpxtpx:cad>77</gpxtpx:cad>
      </gpxtpx:TrackPointExtension></extensions>
    </trkpt>
    <trkpt lat="50.3378492" lon="6.9476465">
      <ele>492.6</ele>
      <time>2024-07-15T17:47:39Z</time>
      <extensions><power>249</power><gpxtpx:TrackPointExtension>
        <gpxtpx:atemp>-5</gpxtpx:atemp>
        <gpxtpx:hr>138</gpxtpx:hr>
        <gpxtpx:cad>77</gpxtpx:cad>
      </gpxtpx:TrackPointExtension></extensions>
    </trkpt>
    <trkpt lat="50.3378500" lon="6.9475000">
      <ele>493.0</ele>
      <time>2024-07-15T17:47:40Z</time>
      <extensions><power>252</power><gpxtpx:TrackPointExtension>
        <gpxtpx:atemp>-5</gpxtpx:atemp>
        <gpxtpx:hr>139</gpxtpx:hr>
        <gpxtpx:cad>76</gpxtpx:cad>
      </gpxtpx:TrackPointExtension></extensions>
    </trkpt>
    <trkpt lat="50.3378492" lon="6.9473535">
      <ele>493.4</ele>
      <time>2024-07-15T17:47:41Z</time>
      <extensions><power>255</power><gpxtpx:TrackPointExtension>
        <gpxtpx:atemp>-5</gpxtpx:atemp>
        <gpxtpx:hr>139</gpxtpx:hr>
        <gpxtpx:cad>76</gpxtpx:cad>
      </gpxtpx:TrackPointExtension></extensions>
    </trkpt>
    <trkpt lat="50.3378469" lon="6.9472073">
      <ele>493.8</ele>
      <time>2024-07-15T17:47:42Z</time>
      <extensions><power>258</power><gpxtpx:TrackPointExtension>
        <gpxtpx:atemp>-5</gpxtpx:atemp>
        <gpxtpx:hr>140</gpxtpx:hr>
        <gpxtpx:cad>76</gpxtpx:cad>
      </gpxtpx:TrackPointExtension></extensions>
    </trkpt>
    <trkpt lat="50.3378431" lon="6.9470620">
      <ele>494.2</ele>
      <time>2024-07-15T17:47:43Z</time>
      <extensions><power>261</power><gpxtpx:TrackPointExtension>
        <gpxtpx:atemp>-6</gpxtpx:atemp>
        <gpxtpx:hr>141</gpxtpx:hr>
        <gpxtpx:cad>76</gpxtpx:cad>
      </gpxtpx:TrackPointExtension></extensions>
    </trkpt>
    <trkpt lat="50.3378377" lon="6.9469178">
      <ele>494.7</ele>
      <time>2024-07-15T17:47:44Z</time>
      <extensions><power>264</power><gpxtpx:TrackPointExtension>
        <gpxtpx:atemp>-6</gpxtpx:atemp>
        <gpxtpx:hr>142</gpxtpx:hr>
        <gpxtpx:cad>76</gpxtpx:cad>
      </gpxtpx:TrackPointExtension></extensions>
    </trkpt>
    <trkpt lat="50.3378308" lon="6.9467753">
      <ele>495.1</ele>
      <time>2024-07-15T17:47:45Z</time>
      <extensions><power>267</power><gpxtpx:TrackPointExtension>
        <gpxtpx:atemp>-6</gpxtpx:atemp>
        <gpxtpx:hr>143</gpxtpx:hr>
        <gpxtpx:cad>75</gpxtpx:cad>
      </gpxtpx:TrackPointExtension></extensions>
    </trkpt>
    <trkpt lat="50.3378223" lon="6.9466348">
      <ele>495.6</ele>
      <time>2024-07-15T17:47:46Z</time>
      <extensions><power>270</power><gpxtpx:TrackPointExtension>
        <gpxtpx:atemp>-6</gpxtpx:atemp>
        <gpxtpx:hr>144</gpxtpx:hr>
        <gpxtpx:cad>75</gpxtpx:cad>
      </gpxtpx:TrackPointExtension></extensions>
    </trkpt>
    <trkpt lat="50.3378123" lon="6.9464966">
      <ele>496.0</ele>
      <time>2024-07-15T17:47:47Z</time>
      <extensions><power>273</power><gpxtpx:TrackPointExtension>
        <gpxtpx:atemp>-7</gpxtpx:atemp>
        <gpxtpx:hr>146</gpxtpx:hr>
        <gpxtpx:cad>75</gpxtpx:cad>
      </gpxtpx:TrackPointExtension></extensions>
    </trkpt>
    <trkpt lat="50.3378008" lon="6.9463611">
      <ele>496.5</ele>
      <time>2024-07-15T17:47:48Z</time>
      <extensions><power>275</power><gpxtpx:TrackPointExtension>
        <gpxtpx:atemp>-7</gpxtpx:atemp>
        <gpxtpx:hr>147</gpxtpx:hr>
        <gpxtpx:cad>75</gpxtpx:cad>
      </gpxtpx:TrackPointExtension></extensions>
    </trkpt>
    <trkpt lat="50.3377878" lon="6.9462288">
      <ele>497.0</ele>
      <time>2024-07-15T17:47:49Z</time>
      <extensions><power>278</power><gpxtpx:TrackPointExtension>
        <gpxtpx:atemp>-7</gpxtpx:atemp>
        <gpxtpx:hr>149</gpxtpx:hr>
        <gpxtpx:cad>75</gpxtpx:cad>
      </gpxtpx:TrackPointExtension></extensions>
    </trkpt>
    <trkpt lat="50.3377733" lon="6.9461000">
      <ele>497.5</ele>
      <time>2024-07-15T17:47:50Z</time>
      <extensions><power>280</power><gpxtpx:TrackPointExtension>
        <gpxtpx:atemp>-7</gpxtpx:atemp>
        <gpxtpx:hr>150</gpxtpx:hr>
        <gpxtpx:cad>75</gpxtpx:cad>
      </gpxtpx:TrackPointExtension></extensions>
    </trkpt>
    <trkpt lat="50.3377573" lon="6.9459750">
      <ele>498.0</ele>
      <time>2024-07-15T17:47:51Z</time>
      <extensions><power>282</power><gpxtpx:TrackPointExtension>
        <gpxtpx:atemp>-8</gpxtpx:atemp>
        <gpxtpx:hr>152</gpxtpx:hr>
        <gpxtpx:cad>75</gpxtpx:cad>
      </gpxtpx:TrackPointExtension></extensions>
    </trkpt>
    <trkpt lat="50.3377399" lon="6.9458542">
      <ele>498.5</ele>
      <time>2024-07-15T17:47:52Z</time>
      <extensions><power>284</power><gpxtpx:TrackPointExtension>
        <gpxtpx:atemp>-8</gpxtpx:atemp>
        <gpxtpx:hr>153</gpxtpx:hr>
        <gpxtpx:cad>74</gpxtpx:cad>
      </gpxtpx:TrackPointExtension></extensions>
    </trkpt>
    <trkpt lat="50.3377209" lon="6.9457379">
      <ele>499.0</ele>
      <time>2024-07-15T17:47:53Z</time>
      <extensions><power>285</power><gpxtpx:TrackPointExtension>
        <gpxtpx:atemp>-8</gpxtpx:atemp>
        <gpxtpx:hr>155</gpxtpx:hr>
        <gpxtpx:cad>74</gpxtpx:cad>
      </gpxtpx:TrackPointExtension></extensions>
    </trkpt>
    <trkpt lat="50.3377006" lon="6.9456264">
      <ele>499.5</ele>
      <time>2024-07-15T17:47:54Z</time>
      <extensions><power>287</power><gpxtpx:TrackPointExtension>
        <gpxtpx:atemp>-8</gpxtpx:atemp>
        <gpxtpx:hr>156</gpxtpx:hr>
        <gpxtpx:cad>74</gpxtpx:cad>
      </gpxtpx:TrackPointExtension></extensions>
    </trkpt>
    <trkpt lat="50.3376787" lon="6.9455201">
      <ele>500.0</ele>
      <time>2024-07-15T17:47:55Z</time>
      <extensions><power>288</power><gpxtpx:TrackPointExtension>
        <gpxtpx:atemp>-8</gpxtpx:atemp>
        <gpxtpx:hr>157</gpxtpx:hr>
        <gpxtpx:cad>74</gpxtpx:cad>
      </gpxtpx:TrackPointExtension></extensions>
    </trkpt>
    <trkpt lat="50.3376555" lon="6.9454192">
      <ele>500.5</ele>
      <time>2024-07-15T17:47:56Z</time>
      <extensions><power>289</power><gpxtpx:TrackPointExtension>
        <gpxtpx:atemp>-9</gpxtpx:atemp>
        <gpxtpx:hr>157</gpxtpx:hr>
        <gpxtpx:cad>74</gpxtpx:cad>
      </gpxtpx:TrackPointExtension></extensions>
    </trkpt>
    <trkpt lat="50.3376308" lon="6.9453240">
      <ele>501.0</ele>
      <time>2024-07-15T17:47:57Z</time>
      <extensions><power>290</power><gpxtpx:TrackPointExtension>
        <gpxtpx:atemp>-9</gpxtpx:atemp>
        <gpxtpx:hr>158</gpxtpx:hr>
        <gpxtpx:cad>74</gpxtpx:cad>
      </gpxtpx:TrackPointExtension></extensions>
    </trkpt>
    <trkpt lat="50.3376048" lon="6.9452348">
      <ele>501.5</ele>
      <time>2024-07-15T17:47:58Z</time>
      <extensions><power>291</power><gpxtpx:TrackPointExtension>
        <gpxtpx:atemp>-9</gpxtpx:atemp>
        <gpxtpx:hr>158</gpxtpx:hr>
        <gpxtpx:cad>74</gpxtpx:cad>
      </gpxtpx:TrackPointExtension></extensions>
    </trkpt>
    <trkpt lat="50.3375773" lon="6.9451517">
      <ele>502.0</ele>
      <time>2024-07-15T17:47:59Z</time>
      <extensions><power>291</power><gpxtpx:TrackPointExtension>
        <gpxtpx:atemp>-9</gpxtpx:atemp>
        <gpxtpx:hr>158</gpxtpx:hr>
        <gpxtpx:cad>73</gpxtpx:cad>
      </gpxtpx:TrackPointExtension></extensions>
    </trkpt>
    <trkpt lat="50.3375486" lon="6.9450751">
      <ele>502.5</ele>
      <time>2024-07-15T17:48:00Z</time>
      <extensions><power>291</power><gpxtpx:TrackPointExtension>
        <gpxtpx:atemp>-9</gpxtpx:atemp>
        <gpxtpx:hr>158</gpxtpx:hr>
        <gpxtpx:cad>73</gpxtpx:cad>
      </gpxtpx:TrackPointExtension></extensions>
    </trkpt>
    <trkpt lat="50.3375184" lon="6.9450052">
      <ele>503.0</ele>
      <time>2024-07-15T17:48:01Z</time>
      <extensions><power>291</power><gpxtpx:TrackPointExtension>
        <gpxtpx:atemp>-10</gpxtpx:atemp>
        <gpxtpx:hr>158</gpxtpx:hr>
        <gpxtpx:cad>73</gpxtpx:cad>
      </gpxtpx:TrackPointExtension></extensions>
    </trkpt>
    <trkpt lat="50.3374870" lon="6.9449421">
      <ele>503.5</ele>
      <time>2024-07-15T17:48:02Z</time>
      <extensions><power>291</power><gpxtpx:TrackPointExtension>
        <gpxtpx:atemp>-10</gpxtpx:atemp>
        <gpxtpx:hr>158</gpxtpx:hr>
        <gpxtpx:cad>73</gpxtpx:cad>
      </gpxtpx:TrackPointExtension></extensions>
    </trkpt>
    <trkpt lat="50.3374543" lon="6.9448860">
      <ele>504.0</ele>
      <time>2024-07-15T17:48:03Z</time>
      <extensions><power>291</power><gpxtpx:TrackPointExtension>
        <gpxtpx:atemp>-10</gpxtpx:atemp>
        <gpxtpx:hr>157</gpxtpx:hr>
        <gpxtpx:cad>73</gpxtpx:cad>
      </gpxtpx:TrackPointExtension></extensions>
    </trkpt>
    <trkpt lat="50.3374203" lon="6.9448370">
      <ele>504.4</ele>
      <time>2024-07-15T17:48:04Z</time>
      <extensions><power>290</power><gpxtpx:TrackPointExtension>
        <gpxtpx:atemp>-10</gpxtpx:atemp>
        <gpxtpx:hr>156</gpxtpx:hr>
        <gpxtpx:cad>73</gpxtpx:cad>
      </gpxtpx:TrackPointExtension></extensions>
    </trkpt>
    <trkpt lat="50.3373850" lon="6.9447954">
      <ele>504.9</ele>
      <time>2024-07-15T17:48:05Z</time>
      <extensions><power>290</power><gpxtpx:TrackPointExtension>
        <gpxtpx:atemp>-10</gpxtpx:atemp>
        <gpxtpx:hr>156</gpxtpx:hr>
        <gpxtpx:cad>73</gpxtpx:cad>
      </gpxtpx:TrackPointExtension></extensions>
    </trkpt>
    <trkpt lat="50.3373486" lon="6.9447612">
      <ele>505.3</ele>
      <time>2024-07-15T17:48:06Z</time>
      <extensions><power>289</power><gpxtpx:TrackPointExtension>
        <gpxtpx:atemp>-11</gpxtpx:atemp>
        <gpxtpx:hr>155</gpxtpx:hr>
        <gpxtpx:cad>73</gpxtpx:cad>
      </gpxtpx:TrackPointExtension></extensions>
    </trkpt>
    <trkpt lat="50.3373109" lon="6.9447345">
      <ele>505.8</ele>
      <time>2024-07-15T17:48:07Z</time>
      <extensions><power>288</power><gpxtpx:TrackPointExtension>
        <gpxtpx:atemp>-11</gpxtpx:atemp>
        <gpxtpx:hr>154</gpxtpx:hr>
        <gpxtpx:cad>73</gpxtpx:cad>
      </gpxtpx:TrackPointExtension></extensions>
    </trkpt>
    <trkpt lat="50.3372721" lon="6.9447153">
      <ele>506.2</ele>
      <time>2024-07-15T17:48:08Z</time>
      <extensions><power>288</power><gpxtpx:TrackPointExtension>
        <gpxtpx:atemp>-11</gpxtpx:atemp>
        <gpxtpx:hr>153</gpxtpx:hr>
        <gpxtpx:cad>73</gpxtpx:cad>
      </gpxtpx:TrackPointExtension></extensions>
    </trkpt>
    <trkpt lat="50.3372321" lon="6.9447038">
      <ele>506.6</ele>
      <time>2024-07-15T17:48:09Z</time>
      <extensions><power>287</power><gpxtpx:TrackPointExtension>
        <gpxtpx:atemp>-11</gpxtpx:atemp>
        <gpxtpx:hr>153</gpxtpx:hr>
        <gpxtpx:cad>73</gpxtpx:cad>
      </gpxtpx:TrackPointExtension></extensions>
    </trkpt>
    <trkpt lat="50.3371910" lon="6.9447000">
      <ele>507.0</ele>
      <time>2024-07-15T17:48:10Z</time>
      <extensions><power>286</power><gpxtpx:TrackPointExtension>
        <gpxtpx:atemp>-11</gpxtpx:atemp>
        <gpxtpx:hr>152</gpxtpx:hr>
        <gpxtpx:cad>73</gpxtpx:cad>
      </gpxtpx:TrackPointExtension></extensions>
    </trkpt>
    <trkpt lat="50.3371488" lon="6.9447038">
      <ele>507.4</ele>
      <time>2024-07-15T17:48:11Z</time>
      <extensions><power>285</power><gpxtpx:TrackPointExtension>
        <gpxtpx:atemp>-12</gpxtpx:atemp>
        <gpxtpx:hr>152</gpxtpx:hr>
        <gpxtpx:cad>73</gpxtpx:cad>
      </gpxtpx:TrackPointExtension></extensions>
    </trkpt>
    <trkpt lat="50.3371055" lon="6.9447153">
      <ele>507.8</ele>
      <time>2024-07-15T17:48:12Z</time>
      <extensions><power>284</power><gpxtpx:TrackPointExtension>
        <gpxtpx:atemp>-12</gpxtpx:atemp>
        <gpxtpx:hr>152</gpxtpx:hr>
        <gpxtpx:cad>73</gpxtpx:cad>
      </gpxtpx:TrackPointExtension></extensions>
    </trkpt>
    <trkpt lat="50.3370613" lon="6.9447345">
      <ele>508.1</ele>
      <time>2024-07-15T17:48:13Z</time>
      <extensions><power>283</power><gpxtpx:TrackPointExtension>
        <gpxtpx:atemp>-12</gpxtpx:atemp>
        <gpxtpx:hr>152</gpxtpx:hr>
        <gpxtpx:cad>73</gpxtpx:cad>
      </gpxtpx:TrackPointExtension></extensions>
    </trkpt>
    <trkpt lat="50.3370160" lon="6.9447612">
      <ele>508.4</ele>
      <time>2024-07-15T17:48:14Z</time>
      <extensions><power>282</power><gpxtpx:TrackPointExtension>
        <gpxtpx:atemp>-12</gpxtpx:atemp>
        <gpxtpx:hr>152</gpxtpx:hr>
        <gpxtpx:cad>73</gpxtpx:cad>
      </gpxtpx:TrackPointExtension></extensions>
    </trkpt>
    <trkpt lat="50.3369697" lon="6.9447954">
      <ele>508.7</ele>
      <time>2024-07-15T17:48:15Z</time>
      <extensions><power>281</power><gpxtpx:TrackPointExtension>
        <gpxtpx:atemp>-12</gpxtpx:atemp>
        <gpxtpx:hr>152</gpxtpx:hr>
        <gpxtpx:cad>73</gpxtpx:cad>
      </gpxtpx:TrackPointExtension></extensions>
    </trkpt>
    <trkpt lat="50.3369225" lon="6.9448370">
      <ele>509.0</ele>
      <time>2024-07-15T17:48:16Z</time>
      <extensions><power>280</power><gpxtpx:TrackPointExtension>
        <gpxtpx:atemp>-12</gpxtpx:atemp>
        <gpxtpx:hr>153</gpxtpx:hr>
        <gpxtpx:cad>73</gpxtpx:cad>
      </gpxtpx:TrackPointExtension></extensions>
    </trkpt>
    <trkpt lat="50.3368744" lon="6.9448860">
      <ele>509.3</ele>
      <time>2024-07-15T17:48:17Z</time>
      <extensions><power>279</power><gpxtpx:TrackPointExtension>
        <gpxtpx:atemp>-12</gpxtpx:atemp>
        <gpxtpx:hr>153</gpxtpx:hr>
        <gpxtpx:cad>73</gpxtpx:cad>
      </gpxtpx:TrackPointExtension></extensions>
    </trkpt>
    <trkpt lat="50.3368254" lon="6.9449421">
      <ele>509.6</ele>
      <time>2024-07-15T17:48:18Z</time>
      <extensions><power>278</power><gpxtpx:TrackPointExtension>
        <gpxtpx:atemp>-13</gpxtpx:atemp>
        <gpxtpx:hr>154</gpxtpx:hr>
        <gpxtpx:cad>73</gpxtpx:cad>
      </gpxtpx:TrackPointExtension></extensions>
    </trkpt>
    <trkpt lat="50.3367756" lon="6.9450052">
      <ele>509.8</ele>
      <time>2024-07-15T17:48:19Z</time>
      <extensions><power>278</power><gpxtpx:TrackPointExtension>
        <gpxtpx:atemp>-13</gpxtpx:atemp>
        <gpxtpx:hr>155</gpxtpx:hr>
        <gpxtpx:cad>73</gpxtpx:cad>
      </gpxtpx:TrackPointExtension></extensions>
    </trkpt>
    <trkpt lat="50.3367250" lon="6.9450751">
      <ele>510.0</ele>
      <time>2024-07-15T17:48:20Z</time>
      <extensions><power>278</power><gpxtpx:TrackPointExtension>
        <gpxtpx:atemp>-13</gpxtpx:atemp>
        <gpxtpx:hr>156</gpxtpx:hr>
        <gpxtpx:cad>73</gpxtpx:cad>
      </gpxtpx:TrackPointExtension></extensions>
    </trkpt>
    <trkpt lat="50.3366736" lon="6.9451517">
      <ele>510.2</ele>
      <time>2024-07-15T17:48:21Z</time>
      <extensions><power>277</power><gpxtpx:TrackPointExtension>
        <gpxtpx:atemp>-13</gpxtpx:atemp>
        <gpxtpx:hr>157</gpxtpx:hr>
        <gpxtpx:cad>73</gpxtpx:cad>
      </gpxtpx:TrackPointExtension></extensions>
    </trkpt>
    <trkpt lat="50.3366215" lon="6.9452348">
      <ele>510.3</ele>
      <time>2024-07-15T17:48:22Z</time>
      <extensions><power>277</power><gpxtpx:TrackPointExtension>
        <gpxtpx:atemp>-13</gpxtpx:atemp>
        <gpxtpx:hr>159</gpxtpx:hr>
        <gpxtpx:cad>73</gpxtpx:cad>
      </gpxtpx:TrackPointExtension></extensions>
    </trkpt>
    <trkpt lat="50.3365686" lon="6.9453240">
      <ele>510.5</ele>
      <time>2024-07-15T17:48:23Z</time>
      <extensions><power>277</power><gpxtpx:TrackPointExtension>
        <gpxtpx:atemp>-13</gpxtpx:atemp>
        <gpxtpx:hr>160</gpxtpx:hr>
        <gpxtpx:cad>73</gpxtpx:cad>
      </gpxtpx:TrackPointExtension></extensions>
    </trkpt>
    <trkpt lat="50.3365152" lon="6.9454192">
      <ele>510.6</ele>
      <time>2024-07-15T17:48:24Z</time>
      <extensions><power>277</power><gpxtpx:TrackPointExtension>
        <gpxtpx:atemp>-13</gpxtpx:atemp>
        <gpxtpx:hr>161</gpxtpx:hr>
        <gpxtpx:cad>73</gpxtpx:cad>
      </gpxtpx:TrackPointExtension></extensions>
    </trkpt>
    <trkpt lat="50.3364610" lon="6.9455201">
      <ele>510.7</ele>
      <time>2024-07-15T17:48:25Z</time>
      <extensions><power>278</power><gpxtpx:TrackPointExtension>
        <gpxtpx:atemp>-13</gpxtpx:atemp>
        <gpxtpx:hr>163</gpxtpx:hr>
        <gpxtpx:cad>73</gpxtpx:cad>
      </gpxtpx:TrackPointExtension></extensions>
    </trkpt>
    <trkpt lat="50.3364063" lon="6.9456264">
      <ele>510.8</ele>
      <time>2024-07-15T17:48:26Z</time>
      <extensions><power>278</power><gpxtpx:TrackPointExtension>
        <gpxtpx:atemp>-13</gpxtpx:atemp>
        <gpxtpx:hr>164</gpxtpx:hr>
        <gpxtpx:cad>73</gpxtpx:cad>
      </gpxtpx:TrackPointExtension></extensions>
    </trkpt>
    <trkpt lat="50.3363511" lon="6.9457379">
      <ele>510.8</ele>
      <time>2024-07-15T17:48:27Z</time>
      <extensions><power>279</power><gpxtpx:TrackPointExtension>
        <gpxtpx:atemp>-13</gpxtpx:atemp>
        <gpxtpx:hr>165</gpxtpx:hr>
        <gpxtpx:cad>73</gpxtpx:cad>
      </gpxtpx:TrackPointExtension></extensions>
    </trkpt>
    <trkpt lat="50.3362953" lon="6.9458542">
      <ele>510.9</ele>
      <time>2024-07-15T17:48:28Z</time>
      <extensions><power>280</power><gpxtpx:TrackPointExtension>
        <gpxtpx:atemp>-14</gpxtpx:atemp>
        <gpxtpx:hr>166</gpxtpx:hr>
        <gpxtpx:cad>73</gpxtpx:cad>
      </gpxtpx:TrackPointExtension></extensions>
    </trkpt>
    <trkpt lat="50.3362390" lon="6.9459750">
      <ele>510.9</ele>
      <time>2024-07-15T17:48:29Z</time>
      <extensions><power>281</power><gpxtpx:TrackPointExtension>
        <gpxtpx:atemp>-14</gpxtpx:atemp>
        <gpxtpx:hr>166</gpxtpx:hr>
        <gpxtpx:cad>73</gpxtpx:cad>
      </gpxtpx:TrackPointExtension></extensions>
    </trkpt>
    <trkpt lat="50.3361823" lon="6.9461000">
      <ele>510.9</ele>
      <time>2024-07-15T17:48:30Z</time>
      <extensions><power>282</power><gpxtpx:TrackPointExtension>
        <gpxtpx:atemp>-14</gpxtpx:atemp>
        <gpxtpx:hr>167</gpxtpx:hr>
        <gpxtpx:cad>73</gpxtpx:cad>
      </gpxtpx:TrackPointExtension></extensions>
    </trkpt>
    <trkpt lat="50.3361253" lon="6.9462288">
      <ele>510.9</ele>
      <time>2024-07-15T17:48:31Z</time>
      <extensions><power>284</power><gpxtpx:TrackPointExtension>
        <gpxtpx:atemp>-14</gpxtpx:atemp>
        <gpxtpx:hr>167</gpxtpx:hr>
        <gpxtpx:cad>73</gpxtpx:cad>
      </gpxtpx:TrackPointExtension></extensions>
    </trkpt>
    <trkpt lat="50.3360678" lon="6.9463611">
      <ele>510.8</ele>
      <time>2024-07-15T17:48:32Z</time>
      <extensions><power>285</power><gpxtpx:TrackPointExtension>
        <gpxtpx:atemp>-14</gpxtpx:atemp>
        <gpxtpx:hr>167</gpxtpx:hr>
        <gpxtpx:cad>73</gpxtpx:cad>
      </gpxtpx:TrackPointExtension></extensions>
    </trkpt>
    <trkpt lat="50.3360100" lon="6.9464966">
      <ele>510.8</ele>
      <time>2024-07-15T17:48:33Z</time>
      <extensions><power>287</power><gpxtpx:TrackPointExtension>
        <gpxtpx:atemp>-14</gpxtpx:atemp>
        <gpxtpx:hr>167</gpxtpx:hr>
        <gpxtpx:cad>73</gpxtpx:cad>
      </gpxtpx:TrackPointExtension></extensions>
    </trkpt>
    <trkpt lat="50.3359520" lon="6.9466348">
      <ele>510.7</ele>
      <time>2024-07-15T17:48:34Z</time>
      <extensions><power>288</power><gpxtpx:TrackPointExtension>
        <gpxtpx:atemp>-14</gpxtpx:atemp>
        <gpxtpx:hr>167</gpxtpx:hr>
        <gpxtpx:cad>73</gpxtpx:cad>
      </gpxtpx:TrackPointExtension></extensions>
    </trkpt>
    <trkpt lat="50.3358937" lon="6.9467753">
      <ele>510.6</ele>
      <time>2024-07-15T17:48:35Z</time>
      <extensions><power>290</power><gpxtpx:TrackPointExtension>
        <gpxtpx:atemp>-14</gpxtpx:atemp>
        <gpxtpx:hr>166</gpxtpx:hr>
        <gpxtpx:cad>73</gpxtpx:cad>
      </gpxtpx:TrackPointExtension></extensions>
    </trkpt>
    <trkpt lat="50.3358352" lon="6.9469178">
      <ele>510.5</ele>
      <time>2024-07-15T17:48:36Z</time>
      <extensions><power>292</power><gpxtpx:TrackPointExtension>
        <gpxtpx:atemp>-14</gpxtpx:atemp>
        <gpxtpx:hr>165</gpxtpx:hr>
        <gpxtpx:cad>74</gpxtpx:cad>
      </gpxtpx:TrackPointExtension></extensions>
    </trkpt>
    <trkpt lat="50.3357765" lon="6.9470620">
      <ele>510.4</ele>
      <time>2024-07-15T17:48:37Z</time>
      <extensions><power>294</power><gpxtpx:TrackPointExtension>
        <gpxtpx:atemp>-14</gpxtpx:atemp>
        <gpxtpx:hr>165</gpxtpx:hr>
        <gpxtpx:cad>74</gpxtpx:cad>
      </gpxtpx:TrackPointExtension></extensions>
    </trkpt>
    <trkpt lat="50.3357178" lon="6.9472073">
      <ele>510.3</ele>
      <time>2024-07-15T17:48:38Z</time>
      <extensions><power>296</power><gpxtpx:TrackPointExtension>
        <gpxtpx:atemp>-14</gpxtpx:atemp>
        <gpxtpx:hr>164</gpxtpx:hr>
        <gpxtpx:cad>74</gpxtpx:cad>
      </gpxtpx:TrackPointExtension></extensions>
    </trkpt>
    <trkpt lat="50.3356589" lon="6.9473535">
      <ele>510.2</ele>
      <time>2024-07-15T17:48:39Z</time>
      <extensions><power>298</power><gpxtpx:TrackPointExtension>
        <gpxtpx:atemp>-14</gpxtpx:atemp>
        <gpxtpx:hr>163</gpxtpx:hr>
        <gpxtpx:cad>74</gpxtpx:cad>
      </gpxtpx:TrackPointExtension></extensions>
    </trkpt>
    <trkpt lat="50.3356000" lon="6.9475000">
      <ele>510.0</ele>
      <time>2024-07-15T17:48:40Z</time>
      <extensions><power>300</power><gpxtpx:TrackPointExtension>
        <gpxtpx:atemp>-14</gpxtpx:atemp>
        <gpxtpx:hr>162</gpxtpx:hr>
        <gpxtpx:cad>74</gpxtpx:cad>
      </gpxtpx:TrackPointExtension></extensions>
    </trkpt>
    <trkpt lat="50.3355411" lon="6.9476465">
      <ele>509.8</ele>
      <time>2024-07-15T17:48:41Z</time>
      <extensions><power>301</power><gpxtpx:TrackPointExtension>
        <gpxtpx:atemp>-14</gpxtpx:atemp>
        <gpxtpx:hr>160</gpxtpx:hr>
        <gpxtpx:cad>74</gpxtpx:cad>
      </gpxtpx:TrackPointExtension></extensions>
    </trkpt>
    <trkpt lat="50.3354822" lon="6.9477927">
      <ele>509.7</ele>
      <time>2024-07-15T17:48:42Z</time>
      <extensions><power>303</power><gpxtpx:TrackPointExtension>
        <gpxtpx:atemp>-14</gpxtpx:atemp>
        <gpxtpx:hr>159</gpxtpx:hr>
        <gpxtpx:cad>74</gpxtpx:cad>
      </gpxtpx:TrackPointExtension></extensions>
    </trkpt>
    <trkpt lat="50.3354235" lon="6.9479380">
      <ele>509.5</ele>
      <time>2024-07-15T17:48:43Z</time>
      <extensions><power>305</power><gpxtpx:TrackPointExtension>
        <gpxtpx:atemp>-14</gpxtpx:atemp>
        <gpxtpx:hr>158</gpxtpx:hr>
        <gpxtpx:cad>74</gpxtpx:cad>
      </gpxtpx:TrackPointExtension></extensions>
    </trkpt>
    <trkpt lat="50.3353648" lon="6.9480822">
      <ele>509.3</ele>
      <time>2024-07-15T17:48:44Z</time>
      <extensions><power>307</power><gpxtpx:TrackPointExtension>
        <gpxtpx:atemp>-14</gpxtpx:atemp>
        <gpxtpx:hr>157</gpxtpx:hr>
        <gpxtpx:cad>75</gpxtpx:cad>
      </gpxtpx:TrackPointExtension></extensions>
    </trkpt>
    <trkpt lat="50.3353063" lon="6.9482247">
      <ele>509.1</ele>
      <time>2024-07-15T17:48:45Z</time>
      <extensions><power>308</power><gpxtpx:TrackPointExtension>
        <gpxtpx:atemp>-14</gpxtpx:atemp>
        <gpxtpx:hr>157</gpxtpx:hr>
        <gpxtpx:cad>75</gpxtpx:cad>
      </gpxtpx:TrackPointExtension></extensions>
    </trkpt>
    <trkpt lat="50.3352480" lon="6.9483652">
      <ele>508.9</ele>
      <time>2024-07-15T17:48:46Z</time>
      <extensions><power>309</power><gpxtpx:TrackPointExtension>
        <gpxtpx:atemp>-14</gpxtpx:atemp>
        <gpxtpx:hr>156</gpxtpx:hr>
        <gpxtpx:cad>75</gpxtpx:cad>
      </gpxtpx:TrackPointExtension></extensions>
    </trkpt>
    <trkpt lat="50.3351900" lon="6.9485034">
      <ele>508.7</ele>
      <time>2024-07-15T17:48:47Z</time>
      <extensions><power>311</power><gpxtpx:TrackPointExtension>
        <gpxtpx:atemp>-14</gpxtpx:atemp>
        <gpxtpx:hr>155</gpxtpx:hr>
        <gpxtpx:cad>75</gpxtpx:cad>
      </gpxtpx:TrackPointExtension></extensions>
    </trkpt>
    <trkpt lat="50.3351322" lon="6.9486389">
      <ele>508.5</ele>
      <time>2024-07-15T17:48:48Z</time>
      <extensions><power>312</power><gpxtpx:TrackPointExtension>
        <gpxtpx:atemp>-14</gpxtpx:atemp>
        <gpxtpx:hr>155</gpxtpx:hr>
        <gpxtpx:cad>75</gpxtpx:cad>
      </gpxtpx:TrackPointExtension></extensions>
    </trkpt>
    <trkpt lat="50.3350747" lon="6.9487712">
      <ele>508.3</ele>
      <time>2024-07-15T17:48:49Z</time>
      <extensions><power>313</power><gpxtpx:TrackPointExtension>
        <gpxtpx:atemp>-14</gpxtpx:atemp>
        <gpxtpx:hr>155</gpxtpx:hr>
        <gpxtpx:cad>75</gpxtpx:cad>
      </gpxtpx:TrackPointExtension></extensions>
    </trkpt>
    <trkpt lat="50.3350177" lon="6.9489000">
      <ele>508.1</ele>
      <time>2024-07-15T17:48:50Z</time>
      <extensions><power>313</power><gpxtpx:TrackPointExtension>
        <gpxtpx:atemp>-14</gpxtpx:atemp>
        <gpxtpx:hr>155</gpxtpx:hr>
        <gpxtpx:cad>76</gpxtpx:cad>
      </gpxtpx:TrackPointExtension></extensions>
    </trkpt>
    <trkpt lat="50.3349610" lon="6.9490250">
      <ele>507.9</ele>
      <time>2024-07-15T17:48:51Z</time>
      <extensions><power>314</power><gpxtpx:TrackPointExtension>
        <gpxtpx:atemp>-14</gpxtpx:atemp>
        <gpxtpx:hr>155</gpxtpx:hr>
        <gpxtpx:cad>76</gpxtpx:cad>
      </gpxtpx:TrackPointExtension></extensions>
    </trkpt>
    <trkpt lat="50.3349047" lon="6.9491458">
      <ele>507.6</ele>
      <time>2024-07-15T17:48:52Z</time>
      <extensions><power>314</power><gpxtpx:TrackPointExtension>
        <gpxtpx:atemp>-14</gpxtpx:atemp>
        <gpxtpx:hr>156</gpxtpx:hr>
        <gpxtpx:cad>76</gpxtpx:cad>
      </gpxtpx:TrackPointExtension></extensions>
    </trkpt>
    <trkpt lat="50.3348489" lon="6.9492621">
      <ele>507.4</ele>
      <time>2024-07-15T17:48:53Z</time>
      <extensions><power>314</power><gpxtpx:TrackPointExtension>
        <gpxtpx:atemp>-13</gpxtpx:atemp>
        <gpxtpx:hr>156</gpxtpx:hr>
        <gpxtpx:cad>76</gpxtpx:cad>
      </gpxtpx:TrackPointExtension></extensions>
    </trkpt>
    <trkpt lat="50.3347937" lon="6.9493736">
      <ele>507.2</ele>
      <time>2024-07-15T17:48:54Z</time>
      <extensions><power>314</power><gpxtpx:TrackPointExtension>
        <gpxtpx:atemp>-13</gpxtpx:atemp>
        <gpxtpx:hr>157</gpxtpx:hr>
        <gpxtpx:cad>76</gpxtpx:cad>
      </gpxtpx:TrackPointExtension></extensions>
    </trkpt>
    <trkpt lat="50.3347390" lon="6.9494799">
      <ele>507.0</ele>
      <time>2024-07-15T17:48:55Z</time>
      <extensions><power>314</power><gpxtpx:TrackPointExtension>
        <gpxtpx:atemp>-13</gpxtpx:atemp>
        <gpxtpx:hr>158</gpxtpx:hr>
        <gpxtpx:cad>77</gpxtpx:cad>
      </gpxtpx:TrackPointExtension></extensions>
    </trkpt>
    <trkpt lat="50.3346848" lon="6.9495808">
      <ele>506.8</ele>
      <time>2024-07-15T17:48:56Z</time>
      <extensions><power>313</power><gpxtpx:TrackPointExtension>
        <gpxtpx:atemp>-13</gpxtpx:atemp>
        <gpxtpx:hr>159</gpxtpx:hr>
        <gpxtpx:cad>77</gpxtpx:cad>
      </gpxtpx:TrackPointExtension></extensions>
    </trkpt>
    <trkpt lat="50.3346314" lon="6.9496760">
      <ele>506.6</ele>
      <time>2024-07-15T17:48:57Z</time>
      <extensions><power>312</power><gpxtpx:TrackPointExtension>
        <gpxtpx:atemp>-13</gpxtpx:atemp>
        <gpxtpx:hr>160</gpxtpx:hr>
        <gpxtpx:cad>77</gpxtpx:cad>
      </gpxtpx:TrackPointExtension></extensions>
    </trkpt>
    <trkpt lat="50.3345785" lon="6.9497652">
      <ele>506.4</ele>
      <time>2024-07-15T17:48:58Z</time>
      <extensions><power>311</power><gpxtpx:TrackPointExtension>
        <gpxtpx:atemp>-13</gpxtpx:atemp>
        <gpxtpx:hr>161</gpxtpx:hr>
        <gpxtpx:cad>77</gpxtpx:cad>
      </gpxtpx:TrackPointExtension></extensions>
    </trkpt>
    <trkpt lat="50.3345264" lon="6.9498483">
      <ele>506.2</ele>
      <time>2024-07-15T17:48:59Z</time>
      <extensions><power>310</power><gpxtpx:TrackPointExtension>
        <gpxtpx:atemp>-13</gpxtpx:atemp>
        <gpxtpx:hr>161</gpxtpx:hr>
        <gpxtpx:cad>77</gpxtpx:cad>
      </gpxtpx:TrackPointExtension></extensions>
    </trkpt>
    <trkpt lat="50.3344750" lon="6.9499249">
      <ele>506.0</ele>
      <time>2024-07-15T17:49:00Z</time>
      <extensions><power>309</power><gpxtpx:TrackPointExtension>
        <gpxtpx:atemp>-13</gpxtpx:atemp>
        <gpxtpx:hr>162</gpxtpx:hr>
        <gpxtpx:cad>78</gpxtpx:cad>
      </gpxtpx:TrackPointExtension></extensions>
    </trkpt>
    <trkpt lat="50.3344244" lon="6.9499948">
      <ele>505.8</ele>
      <time>2024-07-15T17:49:01Z</time>
      <extensions><power>307</power><gpxtpx:TrackPointExtension>
        <gpxtpx:atemp>-13</gpxtpx:atemp>
        <gpxtpx:hr>163</gpxtpx:hr>
        <gpxtpx:cad>78</gpxtpx:cad>
      </gpxtpx:TrackPointExtension></extensions>
    </trkpt>
    <trkpt lat="50.3343746" lon="6.9500579">
      <ele>505.6</ele>
      <time>2024-07-15T17:49:02Z</time>
      <extensions><power>305</power><gpxtpx:TrackPointExtension>
        <gpxtpx:atemp>-13</gpxtpx:atemp>
        <gpxtpx:hr>163</gpxtpx:hr>
        <gpxtpx:cad>78</gpxtpx:cad>
      </gpxtpx:TrackPointExtension></extensions>
    </trkpt>
    <trkpt lat="50.3343256" lon="6.9501140">
      <ele>505.4</ele>
      <time>2024-07-15T17:49:03Z</time>
      <extensions><power>303</power><gpxtpx:TrackPointExtension>
        <gpxtpx:atemp>-12</gpxtpx:atemp>
        <gpxtpx:hr>164</gpxtpx:hr>
        <gpxtpx:cad>78</gpxtpx:cad>
      </gpxtpx:TrackPointExtension></extensions>
    </trkpt>
    <trkpt lat="50.3342775" lon="6.9501630">
      <ele>505.2</ele>
      <time>2024-07-15T17:49:04Z</time>
      <extensions><power>301</power><gpxtpx:TrackPointExtension>
        <gpxtpx:atemp>-12</gpxtpx:atemp>
        <gpxtpx:hr>164</gpxtpx:hr>
        <gpxtpx:cad>78</gpxtpx:cad>
      </gpxtpx:TrackPointExtension></extensions>
    </trkpt>
    <trkpt lat="50.3342303" lon="6.9502046">
      <ele>505.1</ele>
      <time>2024-07-15T17:49:05Z</time>
      <extensions><power>299</power><gpxtpx:TrackPointExtension>
        <gpxtpx:atemp>-12</gpxtpx:atemp>
        <gpxtpx:hr>164</gpxtpx:hr>
        <gpxtpx:cad>79</gpxtpx:cad>
      </gpxtpx:TrackPointExtension></extensions>
    </trkpt>
    <trkpt lat="50.3341840" lon="6.9502388">
      <ele>504.9</ele>
      <time>2024-07-15T17:49:06Z</time>
      <extensions><power>296</power><gpxtpx:TrackPointExtension>
        <gpxtpx:atemp>-12</gpxtpx:atemp>
        <gpxtpx:hr>164</gpxtpx:hr>
        <gpxtpx:cad>79</gpxtpx:cad>
      </gpxtpx:TrackPointExtension></extensions>
    </trkpt>
    <trkpt lat="50.3341387" lon="6.9502655">
      <ele>504.7</ele>
      <time>2024-07-15T17:49:07Z</time>
      <extensions><power>294</power><gpxtpx:TrackPointExtension>
        <gpxtpx:atemp>-12</gpxtpx:atemp>
        <gpxtpx:hr>163</gpxtpx:hr>
        <gpxtpx:cad>79</gpxtpx:cad>
      </gpxtpx:TrackPointExtension></extensions>
    </trkpt>
    <trkpt lat="50.3340945" lon="6.9502847">
      <ele>504.5</ele>
      <time>2024-07-15T17:49:08Z</time>
      <extensions><power>291</power><gpxtpx:TrackPointExtension>
        <gpxtpx:atemp>-12</gpxtpx:atemp>
        <gpxtpx:hr>163</gpxtpx:hr>
        <gpxtpx:cad>79</gpxtpx:cad>
      </gpxtpx:TrackPointExtension></extensions>
    </trkpt>
    <trkpt lat="50.3340512" lon="6.9502962">
      <ele>504.4</ele>
      <time>2024-07-15T17:49:09Z</time>
      <extensions><power>288</power><gpxtpx:TrackPointExtension>
        <gpxtpx:atemp>-12</gpxtpx:atemp>
        <gpxtpx:hr>162</gpxtpx:hr>
        <gpxtpx:cad>80</gpxtpx:cad>
      </gpxtpx:TrackPointExtension></extensions>
    </trkpt>
    <trkpt lat="50.3340090" lon="6.9503000">
      <ele>504.2</ele>
      <time>2024-07-15T17:49:10Z</time>
      <extensions><power>286</power><gpxtpx:TrackPointExtension>
        <gpxtpx:atemp>-11</gpxtpx:atemp>
        <gpxtpx:hr>161</gpxtpx:hr>
        <gpxtpx:cad>80</gpxtpx:cad>
      </gpxtpx:TrackPointExtension></extensions>
    </trkpt>
    <trkpt lat="50.3339679" lon="6.9502962">
      <ele>504.0</ele>
      <time>2024-07-15T17:49:11Z</time>
      <extensions><power>283</power><gpxtpx:TrackPointExtension>
        <gpxtpx:atemp>-11</gpxtpx:atemp>
        <gpxtpx:hr>160</gpxtpx:hr>
        <gpxtpx:cad>80</gpxtpx:cad>
      </gpxtpx:TrackPointExtension></extensions>
    </trkpt>
    <trkpt lat="50.3339279" lon="6.9502847">
      <ele>503.9</ele>
      <time>2024-07-15T17:49:12Z</time>
      <extensions><power>280</power><gpxtpx:TrackPointExtension>
        <gpxtpx:atemp>-11</gpxtpx:atemp>
        <gpxtpx:hr>158</gpxtpx:hr>
        <gpxtpx:cad>80</gpxtpx:cad>
      </gpxtpx:TrackPointExtension></extensions>
    </trkpt>
    <trkpt lat="50.3338891" lon="6.9502655">
      <ele>503.7</ele>
      <time>2024-07-15T17:49:13Z</time>
      <extensions><power>277</power><gpxtpx:TrackPointExtension>
        <gpxtpx:atemp>-11</gpxtpx:atemp>
        <gpxtpx:hr>157</gpxtpx:hr>
        <gpxtpx:cad>81</gpxtpx:cad>
      </gpxtpx:TrackPointExtension></extensions>
    </trkpt>
    <trkpt lat="50.3338514" lon="6.9502388">
      <ele>503.5</ele>
      <time>2024-07-15T17:49:14Z</time>
      <extensions><power>275</power><gpxtpx:TrackPointExtension>
        <gpxtpx:atemp>-11</gpxtpx:atemp>
        <gpxtpx:hr>156</gpxtpx:hr>
        <gpxtpx:cad>81</gpxtpx:cad>
      </gpxtpx:TrackPointExtension></extensions>
    </trkpt>
    <trkpt lat="50.3338150" lon="6.9502046">
      <ele>503.4</ele>
      <time>2024-07-15T17:49:15Z</time>
      <extensions><power>272</power><gpxtpx:TrackPointExtension>
        <gpxtpx:atemp>-10</gpxtpx:atemp>
        <gpxtpx:hr>154</gpxtpx:hr>
        <gpxtpx:cad>81</gpxtpx:cad>
      </gpxtpx:TrackPointExtension></extensions>
    </trkpt>
    <trkpt lat="50.3337797" lon="6.9501630">
      <ele>503.2</ele>
      <time>2024-07-15T17:49:16Z</time>
      <extensions><power>269</power><gpxtpx:TrackPointExtension>
        <gpxtpx:atemp>-10</gpxtpx:atemp>
        <gpxtpx:hr>153</gpxtpx:hr>
        <gpxtpx:cad>81</gpxtpx:cad>
      </gpxtpx:TrackPointExtension></extensions>
    </trkpt>
    <trkpt lat="50.3337457" lon="6.9501140">
      <ele>503.0</ele>
      <time>2024-07-15T17:49:17Z</time>
      <extensions><power>267</power><gpxtpx:TrackPointExtension>
        <gpxtpx:atemp>-10</gpxtpx:atemp>
        <gpxtpx:hr>151</gpxtpx:hr>
        <gpxtpx:cad>81</gpxtpx:cad>
      </gpxtpx:TrackPointExtension></extensions>
    </trkpt>
    <trkpt lat="50.3337130" lon="6.9500579">
      <ele>502.9</ele>
      <time>2024-07-15T17:49:18Z</time>
      <extensions><power>264</power><gpxtpx:TrackPointExtension>
        <gpxtpx:atemp>-10</gpxtpx:atemp>
        <gpxtpx:hr>150</gpxtpx:hr>
        <gpxtpx:cad>82</gpxtpx:cad>
      </gpxtpx:TrackPointExtension></extensions>
    </trkpt>
    <trkpt lat="50.3336816" lon="6.9499948">
      <ele>502.7</ele>
      <time>2024-07-15T17:49:19Z</time>
      <extensions><power>262</power><gpxtpx:TrackPointExtension>
        <gpxtpx:atemp>-10</gpxtpx:atemp>
        <gpxtpx:hr>149</gpxtpx:hr>
        <gpxtpx:cad>82</gpxtpx:cad>
      </gpxtpx:TrackPointExtension></extensions>
    </trkpt>
    <trkpt lat="50.3336514" lon="6.9499249">
      <ele>502.5</ele>
      <time>2024-07-15T17:49:20Z</time>
      <extensions><power>260</power><gpxtpx:TrackPointExtension>
        <gpxtpx:atemp>-10</gpxtpx:atemp>
        <gpxtpx:hr>148</gpxtpx:hr>
        <gpxtpx:cad>82</gpxtpx:cad>
      </gpxtpx:TrackPointExtension></extensions>
    </trkpt>
    <trkpt lat="50.3336227" lon="6.9498483">
      <ele>502.3</ele>
      <time>2024-07-15T17:49:21Z</time>
      <extensions><power>258</power><gpxtpx:TrackPointExtension>
        <gpxtpx:atemp>-9</gpxtpx:atemp>
        <gpxtpx:hr>147</gpxtpx:hr>
        <gpxtpx:cad>82</gpxtpx:cad>
      </gpxtpx:TrackPointExtension></extensions>
    </trkpt>
    <trkpt lat="50.3335952" lon="6.9497652">
      <ele>502.1</ele>
      <time>2024-07-15T17:49:22Z</time>
      <extensions><power>256</power><gpxtpx:TrackPointExtension>
        <gpxtpx:atemp>-9</gpxtpx:atemp>
        <gpxtpx:hr>146</gpxtpx:hr>
        <gpxtpx:cad>83</gpxtpx:cad>
      </gpxtpx:TrackPointExtension></extensions>
    </trkpt>
    <trkpt lat="50.3335692" lon="6.9496760">
      <ele>501.9</ele>
      <time>2024-07-15T17:49:23Z</time>
      <extensions><power>255</power><gpxtpx:TrackPointExtension>
        <gpxtpx:atemp>-9</gpxtpx:atemp>
        <gpxtpx:hr>146</gpxtpx:hr>
        <gpxtpx:cad>83</gpxtpx:cad>
      </gpxtpx:TrackPointExtension></extensions>
    </trkpt>
    <trkpt lat="50.3335445" lon="6.9495808">
      <ele>501.7</ele>
      <time>2024-07-15T17:49:24Z</time>
      <extensions><power>253</power><gpxtpx:TrackPointExtension>
        <gpxtpx:atemp>-9</gpxtpx:atemp>
        <gpxtpx:hr>146</gpxtpx:hr>
        <gpxtpx:cad>83</gpxtpx:cad>
      </gpxtpx:TrackPointExtension></extensions>
    </trkpt>
    <trkpt lat="50.3335213" lon="6.9494799">
      <ele>501.5</ele>
      <time>2024-07-15T17:49:25Z</time>
      <extensions><power>252</power><gpxtpx:TrackPointExtension>
        <gpxtpx:atemp>-8</gpxtpx:atemp>
        <gpxtpx:hr>145</gpxtpx:hr>
        <gpxtpx:cad>83</gpxtpx:cad>
      </gpxtpx:TrackPointExtension></extensions>
    </trkpt>
    <trkpt lat="50.3334994" lon="6.9493736">
      <ele>501.3</ele>
      <time>2024-07-15T17:49:26Z</time>
      <extensions><power>251</power><gpxtpx:TrackPointExtension>
        <gpxtpx:atemp>-8</gpxtpx:atemp>
        <gpxtpx:hr>146</gpxtpx:hr>
        <gpxtpx:cad>84</gpxtpx:cad>
      </gpxtpx:TrackPointExtension></extensions>
    </trkpt>
    <trkpt lat="50.3334791" lon="6.9492621">
      <ele>501.1</ele>
      <time>2024-07-15T17:49:27Z</time>
      <extensions><power>250</power><gpxtpx:TrackPointExtension>
        <gpxtpx:atemp>-8</gpxtpx:atemp>
        <gpxtpx:hr>146</gpxtpx:hr>
        <gpxtpx:cad>84</gpxtpx:cad>
      </gpxtpx:TrackPointExtension></extensions>
    </trkpt>
    <trkpt lat="50.3334601" lon="6.9491458">
      <ele>500.8</ele>
      <time>2024-07-15T17:49:28Z</time>
      <extensions><power>250</power><gpxtpx:TrackPointExtension>
        <gpxtpx:atemp>-8</gpxtpx:atemp>
        <gpxtpx:hr>146</gpxtpx:hr>
        <gpxtpx:cad>84</gpxtpx:cad>
      </gpxtpx:TrackPointExtension></extensions>
    </trkpt>
    <trkpt lat="50.3334427" lon="6.9490250">
      <ele>500.6</ele>
      <time>2024-07-15T17:49:29Z</time>
      <extensions><power>249</power><gpxtpx:TrackPointExtension>
        <gpxtpx:atemp>-8</gpxtpx:atemp>
        <gpxtpx:hr>147</gpxtpx:hr>
        <gpxtpx:cad>84</gpxtpx:cad>
      </gpxtpx:TrackPointExtension></extensions>
    </trkpt>
    <trkpt lat="50.3334267" lon="6.9489000">
      <ele>500.3</ele>
      <time>2024-07-15T17:49:30Z</time>
      <extensions><power>249</power><gpxtpx:TrackPointExtension>
        <gpxtpx:atemp>-7</gpxtpx:atemp>
        <gpxtpx:hr>147</gpxtpx:hr>
        <gpxtpx:cad>84</gpxtpx:cad>
      </gpxtpx:TrackPointExtension></extensions>
    </trkpt>
    <trkpt lat="50.3334122" lon="6.9487712">
      <ele>500.0</ele>
      <time>2024-07-15T17:49:31Z</time>
      <extensions><power>249</power><gpxtpx:TrackPointExtension>
        <gpxtpx:atemp>-7</gpxtpx:atemp>
        <gpxtpx:hr>148</gpxtpx:hr>
        <gpxtpx:cad>85</gpxtpx:cad>
      </gpxtpx:TrackPointExtension></extensions>
    </trkpt>
    <trkpt lat="50.3333992" lon="6.9486389">
      <ele>499.7</ele>
      <time>2024-07-15T17:49:32Z</time>
      <extensions><power>248</power><gpxtpx:TrackPointExtension>
        <gpxtpx:atemp>-7</gpxtpx:atemp>
        <gpxtpx:hr>149</gpxtpx:hr>
        <gpxtpx:cad>85</gpxtpx:cad>
      </gpxtpx:TrackPointExtension></extensions>
    </trkpt>
    <trkpt lat="50.3333877" lon="6.9485034">
      <ele>499.4</ele>
      <time>2024-07-15T17:49:33Z</time>
      <extensions><power>249</power><gpxtpx:TrackPointExtension>
        <gpxtpx:atemp>-7</gpxtpx:atemp>
        <gpxtpx:hr>149</gpxtpx:hr>
        <gpxtpx:cad>85</gpxtpx:cad>
      </gpxtpx:TrackPointExtension></extensions>
    </trkpt>
    <trkpt lat="50.3333777" lon="6.9483652">
      <ele>499.1</ele>
      <time>2024-07-15T17:49:34Z</time>
      <extensions><power>249</power><gpxtpx:TrackPointExtension>
        <gpxtpx:atemp>-6</gpxtpx:atemp>
        <gpxtpx:hr>150</gpxtpx:hr>
        <gpxtpx:cad>85</gpxtpx:cad>
      </gpxtpx:TrackPointExtension></extensions>
    </trkpt>
    <trkpt lat="50.3333692" lon="6.9482247">
      <ele>498.8</ele>
      <time>2024-07-15T17:49:35Z</time>
      <extensions><power>249</power><gpxtpx:TrackPointExtension>
        <gpxtpx:atemp>-6</gpxtpx:atemp>
        <gpxtpx:hr>150</gpxtpx:hr>
        <gpxtpx:cad>86</gpxtpx:cad>
      </gpxtpx:TrackPointExtension></extensions>
    </trkpt>
    <trkpt lat="50.3333623" lon="6.9480822">
      <ele>498.5</ele>
      <time>2024-07-15T17:49:36Z</time>
      <extensions><power>250</power><gpxtpx:TrackPointExtension>
        <gpxtpx:atemp>-6</gpxtpx:atemp>
        <gpxtpx:hr>151</gpxtpx:hr>
        <gpxtpx:cad>86</gpxtpx:cad>
      </gpxtpx:TrackPointExtension></extensions>
    </trkpt>
    <trkpt lat="50.3333569" lon="6.9479380">
      <ele>498.1</ele>
      <time>2024-07-15T17:49:37Z</time>
      <extensions><power>250</power><gpxtpx:TrackPointExtension>
        <gpxtpx:atemp>-6</gpxtpx:atemp>
        <gpxtpx:hr>151</gpxtpx:hr>
        <gpxtpx:cad>86</gpxtpx:cad>
      </gpxtpx:TrackPointExtension></extensions>
    </trkpt>
    <trkpt lat="50.3333531" lon="6.9477927">
      <ele>497.8</ele>
      <time>2024-07-15T17:49:38Z</time>
      <extensions><power>251</power><gpxtpx:TrackPointExtension>
        <gpxtpx:atemp>-5</gpxtpx:atemp>
        <gpxtpx:hr>151</gpxtpx:hr>
        <gpxtpx:cad>86</gpxtpx:cad>
      </gpxtpx:TrackPointExtension></extensions>
    </trkpt>
    <trkpt lat="50.3333508" lon="6.9476465">
      <ele>497.4</ele>
      <time>2024-07-15T17:49:39Z</time>
      <extensions><power>251</power><gpxtpx:TrackPointExtension>
        <gpxtpx:atemp>-5</gpxtpx:atemp>
        <gpxtpx:hr>151</gpxtpx:hr>
        <gpxtpx:cad>86</gpxtpx:cad>
      </gpxtpx:TrackPointExtension></extensions>
    </trkpt>
    <trkpt lat="50.3333500" lon="6.9475000">
      <ele>497.0</ele>
      <time>2024-07-15T17:49:40Z</time>
      <extensions><power>252</power><gpxtpx:TrackPointExtension>
        <gpxtpx:atemp>-5</gpxtpx:atemp>
        <gpxtpx:hr>151</gpxtpx:hr>
        <gpxtpx:cad>87</gpxtpx:cad>
      </gpxtpx:TrackPointExtension></extensions>
    </trkpt>
    <trkpt lat="50.3333508" lon="6.9473535">
      <ele>496.6</ele>
      <time>2024-07-15T17:49:41Z</time>
      <extensions><power>253</power><gpxtpx:TrackPointExtension>
        <gpxtpx:atemp>-5</gpxtpx:atemp>
        <gpxtpx:hr>150</gpxtpx:hr>
        <gpxtpx:cad>87</gpxtpx:cad>
      </gpxtpx:TrackPointExtension></extensions>
    </trkpt>
    <trkpt lat="50.3333531" lon="6.9472073">
      <ele>496.2</ele>
      <time>2024-07-15T17:49:42Z</time>
      <extensions><power>253</power><gpxtpx:TrackPointExtension>
        <gpxtpx:atemp>-5</gpxtpx:atemp>
        <gpxtpx:hr>149</gpxtpx:hr>
        <gpxtpx:cad>87</gpxtpx:cad>
      </gpxtpx:TrackPointExtension></extensions>
    </trkpt>
    <trkpt lat="50.3333569" lon="6.9470620">
      <ele>495.8</ele>
      <time>2024-07-15T17:49:43Z</time>
      <extensions><power>254</power><gpxtpx:TrackPointExtension>
        <gpxtpx:atemp>-4</gpxtpx:atemp>
        <gpxtpx:hr>148</gpxtpx:hr>
        <gpxtpx:cad>87</gpxtpx:cad>
      </gpxtpx:TrackPointExtension></extensions>
    </trkpt>
    <trkpt lat="50.3333623" lon="6.9469178">
      <ele>495.3</ele>
      <time>2024-07-15T17:49:44Z</time>
      <extensions><power>254</power><gpxtpx:TrackPointExtension>
        <gpxtpx:atemp>-4</gpxtpx:atemp>
        <gpxtpx:hr>147</gpxtpx:hr>
        <gpxtpx:cad>87</gpxtpx:cad>
      </gpxtpx:TrackPointExtension></extensions>
    </trkpt>
    <trkpt lat="50.3333692" lon="6.9467753">
      <ele>494.9</ele>
      <time>2024-07-15T17:49:45Z</time>
      <extensions><power>255</power><gpxtpx:TrackPointExtension>
        <gpxtpx:atemp>-4</gpxtpx:atemp>
        <gpxtpx:hr>146</gpxtpx:hr>
        <gpxtpx:cad>88</gpxtpx:cad>
      </gpxtpx:TrackPointExtension></extensions>
    </trkpt>
    <trkpt lat="50.3333777" lon="6.9466348">
      <ele>494.4</ele>
      <time>2024-07-15T17:49:46Z</time>
      <extensions><power>255</power><gpxtpx:TrackPointExtension>
        <gpxtpx:atemp>-4</gpxtpx:atemp>
        <gpxtpx:hr>145</gpxtpx:hr>
        <gpxtpx:cad>88</gpxtpx:cad>
      </gpxtpx:TrackPointExtension></extensions>
    </trkpt>
    <trkpt lat="50.3333877" lon="6.9464966">
      <ele>494.0</ele>
      <time>2024-07-15T17:49:47Z</time>
      <extensions><power>255</power><gpxtpx:TrackPointExtension>
        <gpxtpx:atemp>-3</gpxtpx:atemp>
        <gpxtpx:hr>143</gpxtpx:hr>
        <gpxtpx:cad>88</gpxtpx:cad>
      </gpxtpx:TrackPointExtension></extensions>
    </trkpt>
    <trkpt lat="50.3333992" lon="6.9463611">
      <ele>493.5</ele>
      <time>2024-07-15T17:49:48Z</time>
      <extensions><power>256</power><gpxtpx:TrackPointExtension>
        <gpxtpx:atemp>-3</gpxtpx:atemp>
        <gpxtpx:hr>142</gpxtpx:hr>
        <gpxtpx:cad>88</gpxtpx:cad>
      </gpxtpx:TrackPointExtension></extensions>
    </trkpt>
    <trkpt lat="50.3334122" lon="6.9462288">
      <ele>493.0</ele>
      <time>2024-07-15T17:49:49Z</time>
      <extensions><power>255</power><gpxtpx:TrackPointExtension>
        <gpxtpx:atemp>-3</gpxtpx:atemp>
        <gpxtpx:hr>140</gpxtpx:hr>
        <gpxtpx:cad>88</gpxtpx:cad>
      </gpxtpx:TrackPointExtension></extensions>
    </trkpt>
    <trkpt lat="50.3334267" lon="6.9461000">
      <ele>492.5</ele>
      <time>2024-07-15T17:49:50Z</time>
      <extensions><power>255</power><gpxtpx:TrackPointExtension>
        <gpxtpx:atemp>-3</gpxtpx:atemp>
        <gpxtpx:hr>139</gpxtpx:hr>
        <gpxtpx:cad>88</gpxtpx:cad>
      </gpxtpx:TrackPointExtension></extensions>
    </trkpt>
    <trkpt lat="50.3334427" lon="6.9459750">
      <ele>492.0</ele>
      <time>2024-07-15T17:49:51Z</time>
      <extensions><power>255</power><gpxtpx:TrackPointExtension>
        <gpxtpx:atemp>-2</gpxtpx:atemp>
        <gpxtpx:hr>137</gpxtpx:hr>
        <gpxtpx:cad>88</gpxtpx:cad>
      </gpxtpx:TrackPointExtension></extensions>
    </trkpt>
    <trkpt lat="50.3334601" lon="6.9458542">
      <ele>491.5</ele>
      <time>2024-07-15T17:49:52Z</time>
      <extensions><power>254</power><gpxtpx:TrackPointExtension>
        <gpxtpx:atemp>-2</gpxtpx:atemp>
        <gpxtpx:hr>136</gpxtpx:hr>
        <gpxtpx:cad>89</gpxtpx:cad>
      </gpxtpx:TrackPointExtension></extensions>
    </trkpt>
    <trkpt lat="50.3334791" lon="6.9457379">
      <ele>491.0</ele>
      <time>2024-07-15T17:49:53Z</time>
      <extensions><power>254</power><gpxtpx:TrackPointExtension>
        <gpxtpx:atemp>-2</gpxtpx:atemp>
        <gpxtpx:hr>134</gpxtpx:hr>
        <gpxtpx:cad>89</gpxtpx:cad>
      </gpxtpx:TrackPointExtension></extensions>
    </trkpt>
    <trkpt lat="50.3334994" lon="6.9456264">
      <ele>490.5</ele>
      <time>2024-07-15T17:49:54Z</time>
      <extensions><power>253</power><gpxtpx:TrackPointExtension>
        <gpxtpx:atemp>-2</gpxtpx:atemp>
        <gpxtpx:hr>133</gpxtpx:hr>
        <gpxtpx:cad>89</gpxtpx:cad>
      </gpxtpx:TrackPointExtension></extensions>
    </trkpt>
    <trkpt lat="50.3335213" lon="6.9455201">
      <ele>490.0</ele>
      <time>2024-07-15T17:49:55Z</time>
      <extensions><power>252</power><gpxtpx:TrackPointExtension>
        <gpxtpx:atemp>-2</gpxtpx:atemp>
        <gpxtpx:hr>132</gpxtpx:hr>
        <gpxtpx:cad>89</gpxtpx:cad>
      </gpxtpx:TrackPointExtension></extensions>
    </trkpt>
    <trkpt lat="50.3335445" lon="6.9454192">
      <ele>489.5</ele>
      <time>2024-07-15T17:49:56Z</time>
      <extensions><power>251</power><gpxtpx:TrackPointExtension>
        <gpxtpx:atemp>-1</gpxtpx:atemp>
        <gpxtpx:hr>132</gpxtpx:hr>
        <gpxtpx:cad>89</gpxtpx:cad>
      </gpxtpx:TrackPointExtension></extensions>
    </trkpt>
    <trkpt lat="50.3335692" lon="6.9453240">
      <ele>489.0</ele>
      <time>2024-07-15T17:49:57Z</time>
      <extensions><power>249</power><gpxtpx:TrackPointExtension>
        <gpxtpx:atemp>-1</gpxtpx:atemp>
        <gpxtpx:hr>131</gpxtpx:hr>
        <gpxtpx:cad>89</gpxtpx:cad>
      </gpxtpx:TrackPointExtension></extensions>
    </trkpt>
    <trkpt lat="50.3335952" lon="6.9452348">
      <ele>488.5</ele>
      <time>2024-07-15T17:49:58Z</time>
      <extensions><power>248</power><gpxtpx:TrackPointExtension>
        <gpxtpx:atemp>-1</gpxtpx:atemp>
        <gpxtpx:hr>131</gpxtpx:hr>
        <gpxtpx:cad>89</gpxtpx:cad>
      </gpxtpx:TrackPointExtension></extensions>
    </trkpt>
    <trkpt lat="50.3336227" lon="6.9451517">
      <ele>488.0</ele>
      <time>2024-07-15T17:49:59Z</time>
      <extensions><power>246</power><gpxtpx:TrackPointExtension>
        <gpxtpx:atemp>-1</gpxtpx:atemp>
        <gpxtpx:hr>131</gpxtpx:hr>
        <gpxtpx:cad>90</gpxtpx:cad>
      </gpxtpx:TrackPointExtension></extensions>
    </trkpt>
    <trkpt lat="50.3336514" lon="6.9450751">
      <ele>487.5</ele>
      <time>2024-07-15T17:50:00Z</time>
      <extensions><power>244</power><gpxtpx:TrackPointExtension>
        <gpxtpx:atemp>0</gpxtpx:atemp>
        <gpxtpx:hr>131</gpxtpx:hr>
        <gpxtpx:cad>90</gpxtpx:cad>
      </gpxtpx:TrackPointExtension></extensions>
    </trkpt>
    <trkpt lat="50.3336816" lon="6.9450052">
      <ele>487.0</ele>
      <time>2024-07-15T17:50:01Z</time>
      <extensions><power>242</power><gpxtpx:TrackPointExtension>
        <gpxtpx:atemp>0</gpxtpx:atemp>
        <gpxtpx:hr>131</gpxtpx:hr>
        <gpxtpx:cad>90</gpxtpx:cad>
      </gpxtpx:TrackPointExtension></extensions>
    </trkpt>
    <trkpt lat="50.3337130" lon="6.9449421">
      <ele>486.5</ele>
      <time>2024-07-15T17:50:02Z</time>
      <extensions><power>240</power><gpxtpx:TrackPointExtension>
        <gpxtpx:atemp>0</gpxtpx:atemp>
        <gpxtpx:hr>131</gpxtpx:hr>
        <gpxtpx:cad>90</gpxtpx:cad>
      </gpxtpx:TrackPointExtension></extensions>
    </trkpt>
    <trkpt lat="50.3337457" lon="6.9448860">
      <ele>486.0</ele>
      <time>2024-07-15T17:50:03Z</time>
      <extensions><power>237</power><gpxtpx:TrackPointExtension>
        <gpxtpx:atemp>0</gpxtpx:atemp>
        <gpxtpx:hr>132</gpxtpx:hr>
        <gpxtpx:cad>90</gpxtpx:cad>
      </gpxtpx:TrackPointExtension></extensions>
    </trkpt>
    <trkpt lat="50.3337797" lon="6.9448370">
      <ele>485.6</ele>
      <time>2024-07-15T17:50:04Z</time>
      <extensions><power>235</power><gpxtpx:TrackPointExtension>
        <gpxtpx:atemp>0</gpxtpx:atemp>
        <gpxtpx:hr>133</gpxtpx:hr>
        <gpxtpx:cad>90</gpxtpx:cad>
      </gpxtpx:TrackPointExtension></extensions>
    </trkpt>
    <trkpt lat="50.3338150" lon="6.9447954">
      <ele>485.1</ele>
      <time>2024-07-15T17:50:05Z</time>
      <extensions><power>232</power><gpxtpx:TrackPointExtension>
        <gpxtpx:atemp>0</gpxtpx:atemp>
        <gpxtpx:hr>133</gpxtpx:hr>
        <gpxtpx:cad>90</gpxtpx:cad>
      </gpxtpx:TrackPointExtension></extensions>
    </trkpt>
    <trkpt lat="50.3338514" lon="6.9447612">
      <ele>484.7</ele>
      <time>2024-07-15T17:50:06Z</time>
      <extensions><power>229</power><gpxtpx:TrackPointExtension>
        <gpxtpx:atemp>1</gpxtpx:atemp>
        <gpxtpx:hr>134</gpxtpx:hr>
        <gpxtpx:cad>90</gpxtpx:cad>
      </gpxtpx:TrackPointExtension></extensions>
    </trkpt>
    <trkpt lat="50.3338891" lon="6.9447345">
      <ele>484.2</ele>
      <time>2024-07-15T17:50:07Z</time>
      <extensions><power>227</power><gpxtpx:TrackPointExtension>
        <gpxtpx:atemp>1</gpxtpx:atemp>
        <gpxtpx:hr>135</gpxtpx:hr>
        <gpxtpx:cad>90</gpxtpx:cad>
      </gpxtpx:TrackPointExtension></extensions>
    </trkpt>
    <trkpt lat="50.3339279" lon="6.9447153">
      <ele>483.8</ele>
      <time>2024-07-15T17:50:08Z</time>
      <extensions><power>224</power><gpxtpx:TrackPointExtension>
        <gpxtpx:atemp>1</gpxtpx:atemp>
        <gpxtpx:hr>136</gpxtpx:hr>
        <gpxtpx:cad>90</gpxtpx:cad>
      </gpxtpx:TrackPointExtension></extensions>
    </trkpt>
    <trkpt lat="50.3339679" lon="6.9447038">
      <ele>483.4</ele>
      <time>2024-07-15T17:50:09Z</time>
      <extensions><power>221</power><gpxtpx:TrackPointExtension>
        <gpxtpx:atemp>1</gpxtpx:atemp>
        <gpxtpx:hr>136</gpxtpx:hr>
        <gpxtpx:cad>90</gpxtpx:cad>
      </gpxtpx:TrackPointExtension></extensions>
    </trkpt>
    <trkpt lat="50.3340090" lon="6.9447000">
      <ele>483.0</ele>
      <time>2024-07-15T17:50:10Z</time>
      <extensions><power>218</power><gpxtpx:TrackPointExtension>
        <gpxtpx:atemp>1</gpxtpx:atemp>
        <gpxtpx:hr>137</gpxtpx:hr>
        <gpxtpx:cad>90</gpxtpx:cad>
      </gpxtpx:TrackPointExtension></extensions>
    </trkpt>
    <trkpt lat="50.3340512" lon="6.9447038">
      <ele>482.6</ele>
      <time>2024-07-15T17:50:11Z</time>
      <extensions><power>216</power><gpxtpx:TrackPointExtension>
        <gpxtpx:atemp>2</gpxtpx:atemp>
        <gpxtpx:hr>137</gpxtpx:hr>
        <gpxtpx:cad>90</gpxtpx:cad>
      </gpxtpx:TrackPointExtension></extensions>
    </trkpt>
    <trkpt lat="50.3340945" lon="6.9447153">
      <ele>482.2</ele>
      <time>2024-07-15T17:50:12Z</time>
      <extensions><power>213</power><gpxtpx:TrackPointExtension>
        <gpxtpx:atemp>2</gpxtpx:atemp>
        <gpxtpx:hr>137</gpxtpx:hr>
        <gpxtpx:cad>90</gpxtpx:cad>
      </gpxtpx:TrackPointExtension></extensions>
    </trkpt>
    <trkpt lat="50.3341387" lon="6.9447345">
      <ele>481.9</ele>
      <time>2024-07-15T17:50:13Z</time>
      <extensions><power>210</power><gpxtpx:TrackPointExtension>
        <gpxtpx:atemp>2</gpxtpx:atemp>
        <gpxtpx:hr>137</gpxtpx:hr>
        <gpxtpx:cad>90</gpxtpx:cad>
      </gpxtpx:TrackPointExtension></extensions>
    </trkpt>
    <trkpt lat="50.3341840" lon="6.9447612">
      <ele>481.6</ele>
      <time>2024-07-15T17:50:14Z</time>
      <extensions><power>208</power><gpxtpx:TrackPointExtension>
        <gpxtpx:atemp>2</gpxtpx:atemp>
        <gpxtpx:hr>137</gpxtpx:hr>
        <gpxtpx:cad>90</gpxtpx:cad>
      </gpxtpx:TrackPointExtension></extensions>
    </trkpt>
    <trkpt lat="50.3342303" lon="6.9447954">
      <ele>481.3</ele>
      <time>2024-07-15T17:50:15Z</time>
      <extensions><power>205</power><gpxtpx:TrackPointExtension>
        <gpxtpx:atemp>2</gpxtpx:atemp>
        <gpxtpx:hr>137</gpxtpx:hr>
        <gpxtpx:cad>90</gpxtpx:cad>
      </gpxtpx:TrackPointExtension></extensions>
    </trkpt>
    <trkpt lat="50.3342775" lon="6.9448370">
      <ele>481.0</ele>
      <time>2024-07-15T17:50:16Z</time>
      <extensions><power>203</power><gpxtpx:TrackPointExtension>
        <gpxtpx:atemp>2</gpxtpx:atemp>
        <gpxtpx:hr>136</gpxtpx:hr>
        <gpxtpx:cad>90</gpxtpx:cad>
      </gpxtpx:TrackPointExtension></extensions>
    </trkpt>
    <trkpt lat="50.3343256" lon="6.9448860">
      <ele>480.7</ele>
      <time>2024-07-15T17:50:17Z</time>
      <extensions><power>201</power><gpxtpx:TrackPointExtension>
        <gpxtpx:atemp>2</gpxtpx:atemp>
        <gpxtpx:hr>136</gpxtpx:hr>
        <gpxtpx:cad>90</gpxtpx:cad>
      </gpxtpx:TrackPointExtension></extensions>
    </trkpt>
    <trkpt lat="50.3343746" lon="6.9449421">
      <ele>480.4</ele>
      <time>2024-07-15T17:50:18Z</time>
      <extensions><power>199</power><gpxtpx:TrackPointExtension>
        <gpxtpx:atemp>3</gpxtpx:atemp>
        <gpxtpx:hr>135</gpxtpx:hr>
        <gpxtpx:cad>90</gpxtpx:cad>
      </gpxtpx:TrackPointExtension></extensions>
    </trkpt>
    <trkpt lat="50.3344244" lon="6.9450052">
      <ele>480.2</ele>
      <time>2024-07-15T17:50:19Z</time>
      <extensions><power>197</power><gpxtpx:TrackPointExtension>
        <gpxtpx:atemp>3</gpxtpx:atemp>
        <gpxtpx:hr>134</gpxtpx:hr>
        <gpxtpx:cad>90</gpxtpx:cad>
      </gpxtpx:TrackPointExtension></extensions>
    </trkpt>
    <trkpt lat="50.3344750" lon="6.9450751">
      <ele>480.0</ele>
      <time>2024-07-15T17:50:20Z</time>
      <extensions><power>195</power><gpxtpx:TrackPointExtension>
        <gpxtpx:atemp>3</gpxtpx:atemp>
        <gpxtpx:hr>133</gpxtpx:hr>
        <gpxtpx:cad>90</gpxtpx:cad>
      </gpxtpx:TrackPointExtension></extensions>
    </trkpt>
    <trkpt lat="50.3345264" lon="6.9451517">
      <ele>479.8</ele>
      <time>2024-07-15T17:50:21Z</time>
      <extensions><power>194</power><gpxtpx:TrackPointExtension>
        <gpxtpx:atemp>3</gpxtpx:atemp>
        <gpxtpx:hr>132</gpxtpx:hr>
        <gpxtpx:cad>90</gpxtpx:cad>
      </gpxtpx:TrackPointExtension></extensions>
    </trkpt>
    <trkpt lat="50.3345785" lon="6.9452348">
      <ele>479.7</ele>
      <time>2024-07-15T17:50:22Z</time>
      <extensions><power>193</power><gpxtpx:TrackPointExtension>
        <gpxtpx:atemp>3</gpxtpx:atemp>
        <gpxtpx:hr>130</gpxtpx:hr>
        <gpxtpx:cad>90</gpxtpx:cad>
      </gpxtpx:TrackPointExtension></extensions>
    </trkpt>
    <trkpt lat="50.3346314" lon="6.9453240">
      <ele>479.5</ele>
      <time>2024-07-15T17:50:23Z</time>
      <extensions><power>192</power><gpxtpx:TrackPointExtension>
        <gpxtpx:atemp>3</gpxtpx:atemp>
        <gpxtpx:hr>129</gpxtpx:hr>
        <gpxtpx:cad>90</gpxtpx:cad>
      </gpxtpx:TrackPointExtension></extensions>
    </trkpt>
    <trkpt lat="50.3346848" lon="6.9454192">
      <ele>479.4</ele>
      <time>2024-07-15T17:50:24Z</time>
      <extensions><power>191</power><gpxtpx:TrackPointExtension>
        <gpxtpx:atemp>3</gpxtpx:atemp>
        <gpxtpx:hr>128</gpxtpx:hr>
        <gpxtpx:cad>90</gpxtpx:cad>
      </gpxtpx:TrackPointExtension></extensions>
    </trkpt>
    <trkpt lat="50.3347390" lon="6.9455201">
      <ele>479.3</ele>
      <time>2024-07-15T17:50:25Z</time>
      <extensions><power>190</power><gpxtpx:TrackPointExtension>
        <gpxtpx:atemp>3</gpxtpx:atemp>
        <gpxtpx:hr>126</gpxtpx:hr>
        <gpxtpx:cad>90</gpxtpx:cad>
      </gpxtpx:TrackPointExtension></extensions>
    </trkpt>
    <trkpt lat="50.3347937" lon="6.9456264">
      <ele>479.2</ele>
      <time>2024-07-15T17:50:26Z</time>
      <extensions><power>190</power><gpxtpx:TrackPointExtension>
        <gpxtpx:atemp>3</gpxtpx:atemp>
        <gpxtpx:hr>125</gpxtpx:hr>
        <gpxtpx:cad>90</gpxtpx:cad>
      </gpxtpx:TrackPointExtension></extensions>
    </trkpt>
    <trkpt lat="50.3348489" lon="6.9457379">
      <ele>479.2</ele>
      <time>2024-07-15T17:50:27Z</time>
      <extensions><power>190</power><gpxtpx:TrackPointExtension>
        <gpxtpx:atemp>3</gpxtpx:atemp>
        <gpxtpx:hr>124</gpxtpx:hr>
        <gpxtpx:cad>90</gpxtpx:cad>
      </gpxtpx:TrackPointExtension></extensions>
    </trkpt>
    <trkpt lat="50.3349047" lon="6.9458542">
      <ele>479.1</ele>
      <time>2024-07-15T17:50:28Z</time>
      <extensions><power>190</power><gpxtpx:TrackPointExtension>
        <gpxtpx:atemp>4</gpxtpx:atemp>
        <gpxtpx:hr>123</gpxtpx:hr>
        <gpxtpx:cad>90</gpxtpx:cad>
      </gpxtpx:TrackPointExtension></extensions>
    </trkpt>
    <trkpt lat="50.3349610" lon="6.9459750">
      <ele>479.1</ele>
      <time>2024-07-15T17:50:29Z</time>
      <extensions><power>190</power><gpxtpx:TrackPointExtension>
        <gpxtpx:atemp>4</gpxtpx:atemp>
        <gpxtpx:hr>123</gpxtpx:hr>
        <gpxtpx:cad>90</gpxtpx:cad>
      </gpxtpx:TrackPointExtension></extensions>
    </trkpt>
    <trkpt lat="50.3350177" lon="6.9461000">
      <ele>479.1</ele>
      <time>2024-07-15T17:50:30Z</time>
      <extensions><power>191</power><gpxtpx:TrackPointExtension>
        <gpxtpx:atemp>4</gpxtpx:atemp>
        <gpxtpx:hr>122</gpxtpx:hr>
        <gpxtpx:cad>90</gpxtpx:cad>
      </gpxtpx:TrackPointExtension></extensions>
    </trkpt>
    <trkpt lat="50.3350747" lon="6.9462288">
      <ele>479.1</ele>
      <time>2024-07-15T17:50:31Z</time>
      <extensions><power>191</power><gpxtpx:TrackPointExtension>
        <gpxtpx:atemp>4</gpxtpx:atemp>
        <gpxtpx:hr>122</gpxtpx:hr>
        <gpxtpx:cad>90</gpxtpx:cad>
      </gpxtpx:TrackPointExtension></extensions>
    </trkpt>
    <trkpt lat="50.3351322" lon="6.9463611">
      <ele>479.2</ele>
      <time>2024-07-15T17:50:32Z</time>
      <extensions><power>192</power><gpxtpx:TrackPointExtension>
        <gpxtpx:atemp>4</gpxtpx:atemp>
        <gpxtpx:hr>122</gpxtpx:hr>
        <gpxtpx:cad>90</gpxtpx:cad>
      </gpxtpx:TrackPointExtension></extensions>
    </trkpt>
    <trkpt lat="50.3351900" lon="6.9464966">
      <ele>479.2</ele>
      <time>2024-07-15T17:50:33Z</time>
      <extensions><power>193</power><gpxtpx:TrackPointExtension>
        <gpxtpx:atemp>4</gpxtpx:atemp>
        <gpxtpx:hr>122</gpxtpx:hr>
        <gpxtpx:cad>90</gpxtpx:cad>
      </gpxtpx:TrackPointExtension></extensions>
    </trkpt>
    <trkpt lat="50.3352480" lon="6.9466348">
      <ele>479.3</ele>
      <time>2024-07-15T17:50:34Z</time>
      <extensions><power>195</power><gpxtpx:TrackPointExtension>
        <gpxtpx:atemp>4</gpxtpx:atemp>
        <gpxtpx:hr>122</gpxtpx:hr>
        <gpxtpx:cad>90</gpxtpx:cad>
      </gpxtpx:TrackPointExtension></extensions>
    </trkpt>
    <trkpt lat="50.3353063" lon="6.9467753">
      <ele>479.4</ele>
      <time>2024-07-15T17:50:35Z</time>
      <extensions><power>196</power><gpxtpx:TrackPointExtension>
        <gpxtpx:atemp>4</gpxtpx:atemp>
        <gpxtpx:hr>123</gpxtpx:hr>
        <gpxtpx:cad>90</gpxtpx:cad>
      </gpxtpx:TrackPointExtension></extensions>
    </trkpt>
    <trkpt lat="50.3353648" lon="6.9469178">
      <ele>479.5</ele>
      <time>2024-07-15T17:50:36Z</time>
      <extensions><power>197</power><gpxtpx:TrackPointExtension>
        <gpxtpx:atemp>4</gpxtpx:atemp>
        <gpxtpx:hr>124</gpxtpx:hr>
        <gpxtpx:cad>89</gpxtpx:cad>
      </gpxtpx:TrackPointExtension></extensions>
    </trkpt>
    <trkpt lat="50.3354235" lon="6.9470620">
      <ele>479.6</ele>
      <time>2024-07-15T17:50:37Z</time>
      <extensions><power>199</power><gpxtpx:TrackPointExtension>
        <gpxtpx:atemp>4</gpxtpx:atemp>
        <gpxtpx:hr>124</gpxtpx:hr>
        <gpxtpx:cad>89</gpxtpx:cad>
      </gpxtpx:TrackPointExtension></extensions>
    </trkpt>
    <trkpt lat="50.3354822" lon="6.9472073">
      <ele>479.7</ele>
      <time>2024-07-15T17:50:38Z</time>
      <extensions><power>201</power><gpxtpx:TrackPointExtension>
        <gpxtpx:atemp>4</gpxtpx:atemp>
        <gpxtpx:hr>125</gpxtpx:hr>
        <gpxtpx:cad>89</gpxtpx:cad>
      </gpxtpx:TrackPointExtension></extensions>
    </trkpt>
    <trkpt lat="50.3355411" lon="6.9473535">
      <ele>479.8</ele>
      <time>2024-07-15T17:50:39Z</time>
      <extensions><power>203</power><gpxtpx:TrackPointExtension>
        <gpxtpx:atemp>4</gpxtpx:atemp>
        <gpxtpx:hr>126</gpxtpx:hr>
        <gpxtpx:cad>89</gpxtpx:cad>
      </gpxtpx:TrackPointExtension></extensions>
    </trkpt>
    <trkpt lat="50.3356000" lon="6.9475000">
      <ele>480.0</ele>
      <time>2024-07-15T17:50:40Z</time>
      <extensions><power>205</power><gpxtpx:TrackPointExtension>
        <gpxtpx:atemp>4</gpxtpx:atemp>
        <gpxtpx:hr>128</gpxtpx:hr>
        <gpxtpx:cad>89</gpxtpx:cad>
      </gpxtpx:TrackPointExtension></extensions>
    </trkpt>
    <trkpt lat="50.3356589" lon="6.9476465">
      <ele>480.2</ele>
      <time>2024-07-15T17:50:41Z</time>
      <extensions><power>206</power><gpxtpx:TrackPointExtension>
        <gpxtpx:atemp>4</gpxtpx:atemp>
        <gpxtpx:hr>129</gpxtpx:hr>
        <gpxtpx:cad>89</gpxtpx:cad>
      </gpxtpx:TrackPointExtension></extensions>
    </trkpt>
    <trkpt lat="50.3357178" lon="6.9477927">
      <ele>480.3</ele>
      <time>2024-07-15T17:50:42Z</time>
      <extensions><power>208</power><gpxtpx:TrackPointExtension>
        <gpxtpx:atemp>4</gpxtpx:atemp>
        <gpxtpx:hr>130</gpxtpx:hr>
        <gpxtpx:cad>89</gpxtpx:cad>
      </gpxtpx:TrackPointExtension></extensions>
    </trkpt>
    <trkpt lat="50.3357765" lon="6.9479380">
      <ele>480.5</ele>
      <time>2024-07-15T17:50:43Z</time>
      <extensions><power>210</power><gpxtpx:TrackPointExtension>
        <gpxtpx:atemp>4</gpxtpx:atemp>
        <gpxtpx:hr>131</gpxtpx:hr>
        <gpxtpx:cad>89</gpxtpx:cad>
      </gpxtpx:TrackPointExtension></extensions>
    </trkpt>
    <trkpt lat="50.3358352" lon="6.9480822">
      <ele>480.7</ele>
      <time>2024-07-15T17:50:44Z</time>
      <extensions><power>212</power><gpxtpx:TrackPointExtension>
        <gpxtpx:atemp>4</gpxtpx:atemp>
        <gpxtpx:hr>132</gpxtpx:hr>
        <gpxtpx:cad>88</gpxtpx:cad>
      </gpxtpx:TrackPointExtension></extensions>
    </trkpt>
    <trkpt lat="50.3358937" lon="6.9482247">
      <ele>480.9</ele>
      <time>2024-07-15T17:50:45Z</time>
      <extensions><power>214</power><gpxtpx:TrackPointExtension>
        <gpxtpx:atemp>4</gpxtpx:atemp>
        <gpxtpx:hr>132</gpxtpx:hr>
        <gpxtpx:cad>88</gpxtpx:cad>
      </gpxtpx:TrackPointExtension></extensions>
    </trkpt>
    <trkpt lat="50.3359520" lon="6.9483652">
      <ele>481.1</ele>
      <time>2024-07-15T17:50:46Z</time>
      <extensions><power>216</power><gpxtpx:TrackPointExtension>
        <gpxtpx:atemp>4</gpxtpx:atemp>
        <gpxtpx:hr>133</gpxtpx:hr>
        <gpxtpx:cad>88</gpxtpx:cad>
      </gpxtpx:TrackPointExtension></extensions>
    </trkpt>
    <trkpt lat="50.3360100" lon="6.9485034">
      <ele>481.3</ele>
      <time>2024-07-15T17:50:47Z</time>
      <extensions><power>217</power><gpxtpx:TrackPointExtension>
        <gpxtpx:atemp>4</gpxtpx:atemp>
        <gpxtpx:hr>134</gpxtpx:hr>
        <gpxtpx:cad>88</gpxtpx:cad>
      </gpxtpx:TrackPointExtension></extensions>
    </trkpt>
    <trkpt lat="50.3360678" lon="6.9486389">
      <ele>481.5</ele>
      <time>2024-07-15T17:50:48Z</time>
      <extensions><power>219</power><gpxtpx:TrackPointExtension>
        <gpxtpx:atemp>4</gpxtpx:atemp>
        <gpxtpx:hr>134</gpxtpx:hr>
        <gpxtpx:cad>88</gpxtpx:cad>
      </gpxtpx:TrackPointExtension></extensions>
    </trkpt>
    <trkpt lat="50.3361253" lon="6.9487712">
      <ele>481.7</ele>
      <time>2024-07-15T17:50:49Z</time>
      <extensions><power>220</power><gpxtpx:TrackPointExtension>
        <gpxtpx:atemp>4</gpxtpx:atemp>
        <gpxtpx:hr>134</gpxtpx:hr>
        <gpxtpx:cad>88</gpxtpx:cad>
      </gpxtpx:TrackPointExtension></extensions>
    </trkpt>
    <trkpt lat="50.3361823" lon="6.9489000">
      <ele>481.9</ele>
      <time>2024-07-15T17:50:50Z</time>
      <extensions><power>222</power><gpxtpx:TrackPointExtension>
        <gpxtpx:atemp>4</gpxtpx:atemp>
        <gpxtpx:hr>134</gpxtpx:hr>
        <gpxtpx:cad>87</gpxtpx:cad>
      </gpxtpx:TrackPointExtension></extensions>
    </trkpt>
    <trkpt lat="50.3362390" lon="6.9490250">
      <ele>482.1</ele>
      <time>2024-07-15T17:50:51Z</time>
      <extensions><power>223</power><gpxtpx:TrackPointExtension>
        <gpxtpx:atemp>4</gpxtpx:atemp>
        <gpxtpx:hr>134</gpxtpx:hr>
        <gpxtpx:cad>87</gpxtpx:cad>
      </gpxtpx:TrackPointExtension></extensions>
    </trkpt>
    <trkpt lat="50.3362953" lon="6.9491458">
      <ele>482.4</ele>
      <time>2024-07-15T17:50:52Z</time>
      <extensions><power>224</power><gpxtpx:TrackPointExtension>
        <gpxtpx:atemp>4</gpxtpx:atemp>
        <gpxtpx:hr>133</gpxtpx:hr>
        <gpxtpx:cad>87</gpxtpx:cad>
      </gpxtpx:TrackPointExtension></extensions>
    </trkpt>
    <trkpt lat="50.3363511" lon="6.9492621">
      <ele>482.6</ele>
      <time>2024-07-15T17:50:53Z</time>
      <extensions><power>225</power><gpxtpx:TrackPointExtension>
        <gpxtpx:atemp>3</gpxtpx:atemp>
        <gpxtpx:hr>133</gpxtpx:hr>
        <gpxtpx:cad>87</gpxtpx:cad>
      </gpxtpx:TrackPointExtension></extensions>
    </trkpt>
    <trkpt lat="50.3364063" lon="6.9493736">
      <ele>482.8</ele>
      <time>2024-07-15T17:50:54Z</time>
      <extensions><power>226</power><gpxtpx:TrackPointExtension>
        <gpxtpx:atemp>3</gpxtpx:atemp>
        <gpxtpx:hr>132</gpxtpx:hr>
        <gpxtpx:cad>87</gpxtpx:cad>
      </gpxtpx:TrackPointExtension></extensions>
    </trkpt>
    <trkpt lat="50.3364610" lon="6.9494799">
      <ele>483.0</ele>
      <time>2024-07-15T17:50:55Z</time>
      <extensions><power>226</power><gpxtpx:TrackPointExtension>
        <gpxtpx:atemp>3</gpxtpx:atemp>
        <gpxtpx:hr>131</gpxtpx:hr>
        <gpxtpx:cad>86</gpxtpx:cad>
      </gpxtpx:TrackPointExtension></extensions>
    </trkpt>
    <trkpt lat="50.3365152" lon="6.9495808">
      <ele>483.2</ele>
      <time>2024-07-15T17:50:56Z</time>
      <extensions><power>227</power><gpxtpx:TrackPointExtension>
        <gpxtpx:atemp>3</gpxtpx:atemp>
        <gpxtpx:hr>130</gpxtpx:hr>
        <gpxtpx:cad>86</gpxtpx:cad>
      </gpxtpx:TrackPointExtension></extensions>
    </trkpt>
    <trkpt lat="50.3365686" lon="6.9496760">
      <ele>483.4</ele>
      <time>2024-07-15T17:50:57Z</time>
      <extensions><power>227</power><gpxtpx:TrackPointExtension>
        <gpxtpx:atemp>3</gpxtpx:atemp>
        <gpxtpx:hr>129</gpxtpx:hr>
        <gpxtpx:cad>86</gpxtpx:cad>
      </gpxtpx:TrackPointExtension></extensions>
    </trkpt>
    <trkpt lat="50.3366215" lon="6.9497652">
      <ele>483.6</ele>
      <time>2024-07-15T17:50:58Z</time>
      <extensions><power>227</power><gpxtpx:TrackPointExtension>
        <gpxtpx:atemp>3</gpxtpx:atemp>
        <gpxtpx:hr>128</gpxtpx:hr>
        <gpxtpx:cad>86</gpxtpx:cad>
      </gpxtpx:TrackPointExtension></extensions>
    </trkpt>
    <trkpt lat="50.3366736" lon="6.9498483">
      <ele>483.8</ele>
      <time>2024-07-15T17:50:59Z</time>
      <extensions><power>227</power><gpxtpx:TrackPointExtension>
        <gpxtpx:atemp>3</gpxtpx:atemp>
        <gpxtpx:hr>128</gpxtpx:hr>
        <gpxtpx:cad>86</gpxtpx:cad>
      </gpxtpx:TrackPointExtension></extensions>
    </trkpt>
    <trkpt lat="50.3367250" lon="6.9499249">
      <ele>484.0</ele>
      <time>2024-07-15T17:51:00Z</time>
      <extensions><power>226</power><gpxtpx:TrackPointExtension>
        <gpxtpx:atemp>3</gpxtpx:atemp>
        <gpxtpx:hr>127</gpxtpx:hr>
        <gpxtpx:cad>85</gpxtpx:cad>
      </gpxtpx:TrackPointExtension></extensions>
    </trkpt>
    <trkpt lat="50.3367756" lon="6.9499948">
      <ele>484.2</ele>
      <time>2024-07-15T17:51:01Z</time>
      <extensions><power>226</power><gpxtpx:TrackPointExtension>
        <gpxtpx:atemp>3</gpxtpx:atemp>
        <gpxtpx:hr>126</gpxtpx:hr>
        <gpxtpx:cad>85</gpxtpx:cad>
      </gpxtpx:TrackPointExtension></extensions>
    </trkpt>
    <trkpt lat="50.3368254" lon="6.9500579">
      <ele>484.4</ele>
      <time>2024-07-15T17:51:02Z</time>
      <extensions><power>226</power><gpxtpx:TrackPointExtension>
        <gpxtpx:atemp>3</gpxtpx:atemp>
        <gpxtpx:hr>126</gpxtpx:hr>
        <gpxtpx:cad>85</gpxtpx:cad>
      </gpxtpx:TrackPointExtension></extensions>
    </trkpt>
    <trkpt lat="50.3368744" lon="6.9501140">
      <ele>484.6</ele>
      <time>2024-07-15T17:51:03Z</time>
      <extensions><power>225</power><gpxtpx:TrackPointExtension>
        <gpxtpx:atemp>2</gpxtpx:atemp>
        <gpxtpx:hr>125</gpxtpx:hr>
        <gpxtpx:cad>85</gpxtpx:cad>
      </gpxtpx:TrackPointExtension></extensions>
    </trkpt>
    <trkpt lat="50.3369225" lon="6.9501630">
      <ele>484.8</ele>
      <time>2024-07-15T17:51:04Z</time>
      <extensions><power>224</power><gpxtpx:TrackPointExtension>
        <gpxtpx:atemp>2</gpxtpx:atemp>
        <gpxtpx:hr>125</gpxtpx:hr>
        <gpxtpx:cad>85</gpxtpx:cad>
      </gpxtpx:TrackPointExtension></extensions>
    </trkpt>
    <trkpt lat="50.3369697" lon="6.9502046">
      <ele>484.9</ele>
      <time>2024-07-15T17:51:05Z</time>
      <extensions><power>223</power><gpxtpx:TrackPointExtension>
        <gpxtpx:atemp>2</gpxtpx:atemp>
        <gpxtpx:hr>125</gpxtpx:hr>
        <gpxtpx:cad>84</gpxtpx:cad>
      </gpxtpx:TrackPointExtension></extensions>
    </trkpt>
    <trkpt lat="50.3370160" lon="6.9502388">
      <ele>485.1</ele>
      <time>2024-07-15T17:51:06Z</time>
      <extensions><power>222</power><gpxtpx:TrackPointExtension>
        <gpxtpx:atemp>2</gpxtpx:atemp>
        <gpxtpx:hr>125</gpxtpx:hr>
        <gpxtpx:cad>84</gpxtpx:cad>
      </gpxtpx:TrackPointExtension></extensions>
    </trkpt>
    <trkpt lat="50.3370613" lon="6.9502655">
      <ele>485.3</ele>
      <time>2024-07-15T17:51:07Z</time>
      <extensions><power>221</power><gpxtpx:TrackPointExtension>
        <gpxtpx:atemp>2</gpxtpx:atemp>
        <gpxtpx:hr>126</gpxtpx:hr>
        <gpxtpx:cad>84</gpxtpx:cad>
      </gpxtpx:TrackPointExtension></extensions>
    </trkpt>
    <trkpt lat="50.3371055" lon="6.9502847">
      <ele>485.5</ele>
      <time>2024-07-15T17:51:08Z</time>
      <extensions><power>220</power><gpxtpx:TrackPointExtension>
        <gpxtpx:atemp>2</gpxtpx:atemp>
        <gpxtpx:hr>126</gpxtpx:hr>
        <gpxtpx:cad>84</gpxtpx:cad>
      </gpxtpx:TrackPointExtension></extensions>
    </trkpt>
    <trkpt lat="50.3371488" lon="6.9502962">
      <ele>485.6</ele>
      <time>2024-07-15T17:51:09Z</time>
      <extensions><power>219</power><gpxtpx:TrackPointExtension>
        <gpxtpx:atemp>2</gpxtpx:atemp>
        <gpxtpx:hr>127</gpxtpx:hr>
        <gpxtpx:cad>83</gpxtpx:cad>
      </gpxtpx:TrackPointExtension></extensions>
    </trkpt>
    <trkpt lat="50.3371910" lon="6.9503000">
      <ele>485.8</ele>
      <time>2024-07-15T17:51:10Z</time>
      <extensions><power>218</power><gpxtpx:TrackPointExtension>
        <gpxtpx:atemp>1</gpxtpx:atemp>
        <gpxtpx:hr>128</gpxtpx:hr>
        <gpxtpx:cad>83</gpxtpx:cad>
      </gpxtpx:TrackPointExtension></extensions>
    </trkpt>
    <trkpt lat="50.3372321" lon="6.9502962">
      <ele>486.0</ele>
      <time>2024-07-15T17:51:11Z</time>
      <extensions><power>217</power><gpxtpx:TrackPointExtension>
        <gpxtpx:atemp>1</gpxtpx:atemp>
        <gpxtpx:hr>129</gpxtpx:hr>
        <gpxtpx:cad>83</gpxtpx:cad>
      </gpxtpx:TrackPointExtension></extensions>
    </trkpt>
    <trkpt lat="50.3372721" lon="6.9502847">
      <ele>486.1</ele>
      <time>2024-07-15T17:51:12Z</time>
      <extensions><power>216</power><gpxtpx:TrackPointExtension>
        <gpxtpx:atemp>1</gpxtpx:atemp>
        <gpxtpx:hr>131</gpxtpx:hr>
        <gpxtpx:cad>83</gpxtpx:cad>
      </gpxtpx:TrackPointExtension></extensions>
    </trkpt>
    <trkpt lat="50.3373109" lon="6.9502655">
      <ele>486.3</ele>
      <time>2024-07-15T17:51:13Z</time>
      <extensions><power>216</power><gpxtpx:TrackPointExtension>
        <gpxtpx:atemp>1</gpxtpx:atemp>
        <gpxtpx:hr>132</gpxtpx:hr>
        <gpxtpx:cad>82</gpxtpx:cad>
      </gpxtpx:TrackPointExtension></extensions>
    </trkpt>
    <trkpt lat="50.3373486" lon="6.9502388">
      <ele>486.5</ele>
      <time>2024-07-15T17:51:14Z</time>
      <extensions><power>215</power><gpxtpx:TrackPointExtension>
        <gpxtpx:atemp>1</gpxtpx:atemp>
        <gpxtpx:hr>133</gpxtpx:hr>
        <gpxtpx:cad>82</gpxtpx:cad>
      </gpxtpx:TrackPointExtension></extensions>
    </trkpt>
    <trkpt lat="50.3373850" lon="6.9502046">
      <ele>486.6</ele>
      <time>2024-07-15T17:51:15Z</time>
      <extensions><power>214</power><gpxtpx:TrackPointExtension>
        <gpxtpx:atemp>0</gpxtpx:atemp>
        <gpxtpx:hr>135</gpxtpx:hr>
        <gpxtpx:cad>82</gpxtpx:cad>
      </gpxtpx:TrackPointExtension></extensions>
    </trkpt>
    <trkpt lat="50.3374203" lon="6.9501630">
      <ele>486.8</ele>
      <time>2024-07-15T17:51:16Z</time>
      <extensions><power>214</power><gpxtpx:TrackPointExtension>
        <gpxtpx:atemp>0</gpxtpx:atemp>
        <gpxtpx:hr>136</gpxtpx:hr>
        <gpxtpx:cad>82</gpxtpx:cad>
      </gpxtpx:TrackPointExtension></extensions>
    </trkpt>
    <trkpt lat="50.3374543" lon="6.9501140">
      <ele>487.0</ele>
      <time>2024-07-15T17:51:17Z</time>
      <extensions><power>213</power><gpxtpx:TrackPointExtension>
        <gpxtpx:atemp>0</gpxtpx:atemp>
        <gpxtpx:hr>138</gpxtpx:hr>
        <gpxtpx:cad>82</gpxtpx:cad>
      </gpxtpx:TrackPointExtension></extensions>
    </trkpt>
    <trkpt lat="50.3374870" lon="6.9500579">
      <ele>487.1</ele>
      <time>2024-07-15T17:51:18Z</time>
      <extensions><power>213</power><gpxtpx:TrackPointExtension>
        <gpxtpx:atemp>0</gpxtpx:atemp>
        <gpxtpx:hr>139</gpxtpx:hr>
        <gpxtpx:cad>81</gpxtpx:cad>
      </gpxtpx:TrackPointExtension></extensions>
    </trkpt>
    <trkpt lat="50.3375184" lon="6.9499948">
      <ele>487.3</ele>
      <time>2024-07-15T17:51:19Z</time>
      <extensions><power>213</power><gpxtpx:TrackPointExtension>
        <gpxtpx:atemp>0</gpxtpx:atemp>
        <gpxtpx:hr>140</gpxtpx:hr>
        <gpxtpx:cad>81</gpxtpx:cad>
      </gpxtpx:TrackPointExtension></extensions>
    </trkpt>
    <trkpt lat="50.3375486" lon="6.9499249">
      <ele>487.5</ele>
      <time>2024-07-15T17:51:20Z</time>
      <extensions><power>213</power><gpxtpx:TrackPointExtension>
        <gpxtpx:atemp>0</gpxtpx:atemp>
        <gpxtpx:hr>141</gpxtpx:hr>
        <gpxtpx:cad>81</gpxtpx:cad>
      </gpxtpx:TrackPointExtension></extensions>
    </trkpt>
    <trkpt lat="50.3375773" lon="6.9498483">
      <ele>487.7</ele>
      <time>2024-07-15T17:51:21Z</time>
      <extensions><power>213</power><gpxtpx:TrackPointExtension>
        <gpxtpx:atemp>-1</gpxtpx:atemp>
        <gpxtpx:hr>142</gpxtpx:hr>
        <gpxtpx:cad>81</gpxtpx:cad>
      </gpxtpx:TrackPointExtension></extensions>
    </trkpt>
    <trkpt lat="50.3376048" lon="6.9497652">
      <ele>487.9</ele>
      <time>2024-07-15T17:51:22Z</time>
      <extensions><power>213</power><gpxtpx:TrackPointExtension>
        <gpxtpx:atemp>-1</gpxtpx:atemp>
        <gpxtpx:hr>143</gpxtpx:hr>
        <gpxtpx:cad>80</gpxtpx:cad>
      </gpxtpx:TrackPointExtension></extensions>
    </trkpt>
    <trkpt lat="50.3376308" lon="6.9496760">
      <ele>488.1</ele>
      <time>2024-07-15T17:51:23Z</time>
      <extensions><power>214</power><gpxtpx:TrackPointExtension>
        <gpxtpx:atemp>-1</gpxtpx:atemp>
        <gpxtpx:hr>143</gpxtpx:hr>
        <gpxtpx:cad>80</gpxtpx:cad>
      </gpxtpx:TrackPointExtension></extensions>
    </trkpt>
    <trkpt lat="50.3376555" lon="6.9495808">
      <ele>488.3</ele>
      <time>2024-07-15T17:51:24Z</time>
      <extensions><power>215</power><gpxtpx:TrackPointExtension>
        <gpxtpx:atemp>-1</gpxtpx:atemp>
        <gpxtpx:hr>143</gpxtpx:hr>
        <gpxtpx:cad>80</gpxtpx:cad>
      </gpxtpx:TrackPointExtension></extensions>
    </trkpt>
    <trkpt lat="50.3376787" lon="6.9494799">
      <ele>488.5</ele>
      <time>2024-07-15T17:51:25Z</time>
      <extensions><power>216</power><gpxtpx:TrackPointExtension>
        <gpxtpx:atemp>-2</gpxtpx:atemp>
        <gpxtpx:hr>144</gpxtpx:hr>
        <gpxtpx:cad>80</gpxtpx:cad>
      </gpxtpx:TrackPointExtension></extensions>
    </trkpt>
    <trkpt lat="50.3377006" lon="6.9493736">
      <ele>488.7</ele>
      <time>2024-07-15T17:51:26Z</time>
      <extensions><power>217</power><gpxtpx:TrackPointExtension>
        <gpxtpx:atemp>-2</gpxtpx:atemp>
        <gpxtpx:hr>143</gpxtpx:hr>
        <gpxtpx:cad>79</gpxtpx:cad>
      </gpxtpx:TrackPointExtension></extensions>
    </trkpt>
    <trkpt lat="50.3377209" lon="6.9492621">
      <ele>488.9</ele>
      <time>2024-07-15T17:51:27Z</time>
      <extensions><power>219</power><gpxtpx:TrackPointExtension>
        <gpxtpx:atemp>-2</gpxtpx:atemp>
        <gpxtpx:hr>143</gpxtpx:hr>
        <gpxtpx:cad>79</gpxtpx:cad>
      </gpxtpx:TrackPointExtension></extensions>
    </trkpt>
    <trkpt lat="50.3377399" lon="6.9491458">
      <ele>489.2</ele>
      <time>2024-07-15T17:51:28Z</time>
      <extensions><power>220</power><gpxtpx:TrackPointExtension>
        <gpxtpx:atemp>-2</gpxtpx:atemp>
        <gpxtpx:hr>143</gpxtpx:hr>
        <gpxtpx:cad>79</gpxtpx:cad>
      </gpxtpx:TrackPointExtension></extensions>
    </trkpt>
    <trkpt lat="50.3377573" lon="6.9490250">
      <ele>489.4</ele>
      <time>2024-07-15T17:51:29Z</time>
      <extensions><power>222</power><gpxtpx:TrackPointExtension>
        <gpxtpx:atemp>-2</gpxtpx:atemp>
        <gpxtpx:hr>142</gpxtpx:hr>
        <gpxtpx:cad>79</gpxtpx:cad>
      </gpxtpx:TrackPointExtension></extensions>
    </trkpt>
    <trkpt lat="50.3377733" lon="6.9489000">
      <ele>489.7</ele>
      <time>2024-07-15T17:51:30Z</time>
      <extensions><power>224</power><gpxtpx:TrackPointExtension>
        <gpxtpx:atemp>-3</gpxtpx:atemp>
        <gpxtpx:hr>142</gpxtpx:hr>
        <gpxtpx:cad>79</gpxtpx:cad>
      </gpxtpx:TrackPointExtension></extensions>
    </trkpt>
    <trkpt lat="50.3377878" lon="6.9487712">
      <ele>490.0</ele>
      <time>2024-07-15T17:51:31Z</time>
      <extensions><power>226</power><gpxtpx:TrackPointExtension>
        <gpxtpx:atemp>-3</gpxtpx:atemp>
        <gpxtpx:hr>141</gpxtpx:hr>
        <gpxtpx:cad>78</gpxtpx:cad>
      </gpxtpx:TrackPointExtension></extensions>
    </trkpt>
    <trkpt lat="50.3378008" lon="6.9486389">
      <ele>490.3</ele>
      <time>2024-07-15T17:51:32Z</time>
      <extensions><power>229</power><gpxtpx:TrackPointExtension>
        <gpxtpx:atemp>-3</gpxtpx:atemp>
        <gpxtpx:hr>140</gpxtpx:hr>
        <gpxtpx:cad>78</gpxtpx:cad>
      </gpxtpx:TrackPointExtension></extensions>
    </trkpt>
    <trkpt lat="50.3378123" lon="6.9485034">
      <ele>490.6</ele>
      <time>2024-07-15T17:51:33Z</time>
      <extensions><power>231</power><gpxtpx:TrackPointExtension>
        <gpxtpx:atemp>-3</gpxtpx:atemp>
        <gpxtpx:hr>140</gpxtpx:hr>
        <gpxtpx:cad>78</gpxtpx:cad>
      </gpxtpx:TrackPointExtension></extensions>
    </trkpt>
    <trkpt lat="50.3378223" lon="6.9483652">
      <ele>490.9</ele>
      <time>2024-07-15T17:51:34Z</time>
      <extensions><power>234</power><gpxtpx:TrackPointExtension>
        <gpxtpx:atemp>-4</gpxtpx:atemp>
        <gpxtpx:hr>139</gpxtpx:hr>
        <gpxtpx:cad>78</gpxtpx:cad>
      </gpxtpx:TrackPointExtension></extensions>
    </trkpt>
    <trkpt lat="50.3378308" lon="6.9482247">
      <ele>491.2</ele>
      <time>2024-07-15T17:51:35Z</time>
      <extensions><power>237</power><gpxtpx:TrackPointExtension>
        <gpxtpx:atemp>-4</gpxtpx:atemp>
        <gpxtpx:hr>139</gpxtpx:hr>
        <gpxtpx:cad>77</gpxtpx:cad>
      </gpxtpx:TrackPointExtension></extensions>
    </trkpt>
    <trkpt lat="50.3378377" lon="6.9480822">
      <ele>491.5</ele>
      <time>2024-07-15T17:51:36Z</time>
      <extensions><power>240</power><gpxtpx:TrackPointExtension>
        <gpxtpx:atemp>-4</gpxtpx:atemp>
        <gpxtpx:hr>138</gpxtpx:hr>
        <gpxtpx:cad>77</gpxtpx:cad>
      </gpxtpx:TrackPointExtension></extensions>
    </trkpt>
    <trkpt lat="50.3378431" lon="6.9479380">
      <ele>491.9</ele>
      <time>2024-07-15T17:51:37Z</time>
      <extensions><power>243</power><gpxtpx:TrackPointExtension>
        <gpxtpx:atemp>-4</gpxtpx:atemp>
        <gpxtpx:hr>138</gpxtpx:hr>
        <gpxtpx:cad>77</gpxtpx:cad>
      </gpxtpx:TrackPointExtension></extensions>
    </trkpt>
    <trkpt lat="50.3378469" lon="6.9477927">
      <ele>492.2</ele>
      <time>2024-07-15T17:51:38Z</time>
      <extensions><power>246</power><gpxtpx:TrackPointExtension>
        <gpxtpx:atemp>-5</gpxtpx:atemp>
        <gpxtpx:hr>138</gpxtpx:hr>
        <gpxtpx:cad>77</gpxtpx:cad>
      </gpxtpx:TrackPointExtension></extensions>
    </trkpt>
    <trkpt lat="50.3378492" lon="6.9476465">
      <ele>492.6</ele>
      <time>2024-07-15T17:51:39Z</time>
      <extensions><power>249</power><gpxtpx:TrackPointExtension>
        <gpxtpx:atemp>-5</gpxtpx:atemp>
        <gpxtpx:hr>138</gpxtpx:hr>
        <gpxtpx:cad>77</gpxtpx:cad>
      </gpxtpx:TrackPointExtension></extensions>
    </trkpt>
    <trkpt lat="50.3378500" lon="6.9475000">
      <ele>493.0</ele>
      <time>2024-07-15T17:51:40Z</time>
      <extensions><power>252</power><gpxtpx:TrackPointExtension>
        <gpxtpx:atemp>-5</gpxtpx:atemp>
        <gpxtpx:hr>139</gpxtpx:hr>
        <gpxtpx:cad>76</gpxtpx:cad>
      </gpxtpx:TrackPointExtension></extensions>
    </trkpt>
    <trkpt lat="50.3378492" lon="6.9473535">
      <ele>493.4</ele>
      <time>2024-07-15T17:51:41Z</time>
      <extensions><power>255</power><gpxtpx:TrackPointExtension>
        <gpxtpx:atemp>-5</gpxtpx:atemp>
        <gpxtpx:hr>139</gpxtpx:hr>
        <gpxtpx:cad>76</gpxtpx:cad>
      </gpxtpx:TrackPointExtension></extensions>
    </trkpt>
    <trkpt lat="50.3378469" lon="6.9472073">
      <ele>493.8</ele>
      <time>2024-07-15T17:51:42Z</time>
      <extensions><power>258</power><gpxtpx:TrackPointExtension>
        <gpxtpx:atemp>-5</gpxtpx:atemp>
        <gpxtpx:hr>140</gpxtpx:hr>
        <gpxtpx:cad>76</gpxtpx:cad>
      </gpxtpx:TrackPointExtension></extensions>
    </trkpt>
    <trkpt lat="50.3378431" lon="6.9470620">
      <ele>494.2</ele>
      <time>2024-07-15T17:51:43Z</time>
      <extensions><power>261</power><gpxtpx:TrackPointExtension>
        <gpxtpx:atemp>-6</gpxtpx:atemp>
        <gpxtpx:hr>141</gpxtpx:hr>
        <gpxtpx:cad>76</gpxtpx:cad>
      </gpxtpx:TrackPointExtension></extensions>
    </trkpt>
    <trkpt lat="50.3378377" lon="6.9469178">
      <ele>494.7</ele>
      <time>2024-07-15T17:51:44Z</time>
      <extensions><power>264</power><gpxtpx:TrackPointExtension>
        <gpxtpx:atemp>-6</gpxtpx:atemp>
        <gpxtpx:hr>142</gpxtpx:hr>
        <gpxtpx:cad>76</gpxtpx:cad>
      </gpxtpx:TrackPointExtension></extensions>
    </trkpt>
    <trkpt lat="50.3378308" lon="6.9467753">
      <ele>495.1</ele>
      <time>2024-07-15T17:51:45Z</time>
      <extensions><power>267</power><gpxtpx:TrackPointExtension>
        <gpxtpx:atemp>-6</gpxtpx:atemp>
        <gpxtpx:hr>143</gpxtpx:hr>
        <gpxtpx:cad>75</gpxtpx:cad>
      </gpxtpx:TrackPointExtension></extensions>
    </trkpt>
    <trkpt lat="50.3378223" lon="6.9466348">
      <ele>495.6</ele>
      <time>2024-07-15T17:51:46Z</time>
      <extensions><power>270</power><gpxtpx:TrackPointExtension>
        <gpxtpx:atemp>-6</gpxtpx:atemp>
        <gpxtpx:hr>144</gpxtpx:hr>
        <gpxtpx:cad>75</gpxtpx:cad>
      </gpxtpx:TrackPointExtension></extensions>
    </trkpt>
    <trkpt lat="50.3378123" lon="6.9464966">
      <ele>496.0</ele>
      <time>2024-07-15T17:51:47Z</time>
      <extensions><power>273</power><gpxtpx:TrackPointExtension>
        <gpxtpx:atemp>-7</gpxtpx:atemp>
        <gpxtpx:hr>146</gpxtpx:hr>
        <gpxtpx:cad>75</gpxtpx:cad>
      </gpxtpx:TrackPointExtension></extensions>
    </trkpt>
    <trkpt lat="50.3378008" lon="6.9463611">
      <ele>496.5</ele>
      <time>2024-07-15T17:51:48Z</time>
      <extensions><power>275</power><gpxtpx:TrackPointExtension>
        <gpxtpx:atemp>-7</gpxtpx:atemp>
        <gpxtpx:hr>147</gpxtpx:hr>
        <gpxtpx:cad>75</gpxtpx:cad>
      </gpxtpx:TrackPointExtension></extensions>
    </trkpt>
    <trkpt lat="50.3377878" lon="6.9462288">
      <ele>497.0</ele>
      <time>2024-07-15T17:51:49Z</time>
      <extensions><power>278</power><gpxtpx:TrackPointExtension>
        <gpxtpx:atemp>-7</gpxtpx:atemp>
        <gpxtpx:hr>149</gpxtpx:hr>
        <gpxtpx:cad>75</gpxtpx:cad>
      </gpxtpx:TrackPointExtension></extensions>
    </trkpt>
    <trkpt lat="50.3377733" lon="6.9461000">
      <ele>497.5</ele>
      <time>2024-07-15T17:51:50Z</time>
      <extensions><power>280</power><gpxtpx:TrackPointExtension>
        <gpxtpx:atemp>-7</gpxtpx:atemp>
        <gpxtpx:hr>150</gpxtpx:hr>
        <gpxtpx:cad>75</gpxtpx:cad>
      </gpxtpx:TrackPointExtension></extensions>
    </trkpt>
    <trkpt lat="50.3377573" lon="6.9459750">
      <ele>498.0</ele>
      <time>2024-07-15T17:51:51Z</time>
      <extensions><power>282</power><gpxtpx:TrackPointExtension>
        <gpxtpx:atemp>-8</gpxtpx:atemp>
        <gpxtpx:hr>152</gpxtpx:hr>
        <gpxtpx:cad>75</gpxtpx:cad>
      </gpxtpx:TrackPointExtension></extensions>
    </trkpt>
    <trkpt lat="50.3377399" lon="6.9458542">
      <ele>498.5</ele>
      <time>2024-07-15T17:51:52Z</time>
      <extensions><power>284</power><gpxtpx:TrackPointExtension>
        <gpxtpx:atemp>-8</gpxtpx:atemp>
        <gpxtpx:hr>153</gpxtpx:hr>
        <gpxtpx:cad>74</gpxtpx:cad>
      </gpxtpx:TrackPointExtension></extensions>
    </trkpt>
    <trkpt lat="50.3377209" lon="6.9457379">
      <ele>499.0</ele>
      <time>2024-07-15T17:51:53Z</time>
      <extensions><power>285</power><gpxtpx:TrackPointExtension>
        <gpxtpx:atemp>-8</gpxtpx:atemp>
        <gpxtpx:hr>155</gpxtpx:hr>
        <gpxtpx:cad>74</gpxtpx:cad>
      </gpxtpx:TrackPointExtension></extensions>
    </trkpt>
    <trkpt lat="50.3377006" lon="6.9456264">
      <ele>499.5</ele>
      <time>2024-07-15T17:51:54Z</time>
      <extensions><power>287</power><gpxtpx:TrackPointExtension>
        <gpxtpx:atemp>-8</gpxtpx:atemp>
        <gpxtpx:hr>156</gpxtpx:hr>
        <gpxtpx:cad>74</gpxtpx:cad>
      </gpxtpx:TrackPointExtension></extensions>
    </trkpt>
    <trkpt lat="50.3376787" lon="6.9455201">
      <ele>500.0</ele>
      <time>2024-07-15T17:51:55Z</time>
      <extensions><power>288</power><gpxtpx:TrackPointExtension>
        <gpxtpx:atemp>-8</gpxtpx:atemp>
        <gpxtpx:hr>157</gpxtpx:hr>
        <gpxtpx:cad>74</gpxtpx:cad>
      </gpxtpx:TrackPointExtension></extensions>
    </trkpt>
    <trkpt lat="50.3376555" lon="6.9454192">
      <ele>500.5</ele>
      <time>2024-07-15T17:51:56Z</time>
      <extensions><power>289</power><gpxtpx:TrackPointExtension>
        <gpxtpx:atemp>-9</gpxtpx:atemp>
        <gpxtpx:hr>157</gpxtpx:hr>
        <gpxtpx:cad>74</gpxtpx:cad>
      </gpxtpx:TrackPointExtension></extensions>
    </trkpt>
    <trkpt lat="50.3376308" lon="6.9453240">
      <ele>501.0</ele>
      <time>2024-07-15T17:51:57Z</time>
      <extensions><power>290</power><gpxtpx:TrackPointExtension>
        <gpxtpx:atemp>-9</gpxtpx:atemp>
        <gpxtpx:hr>158</gpxtpx:hr>
        <gpxtpx:cad>74</gpxtpx:cad>
      </gpxtpx:TrackPointExtension></extensions>
    </trkpt>
    <trkpt lat="50.3376048" lon="6.9452348">
      <ele>501.5</ele>
      <time>2024-07-15T17:51:58Z</time>
      <extensions><power>291</power><gpxtpx:TrackPointExtension>
        <gpxtpx:atemp>-9</gpxtpx:atemp>
        <gpxtpx:hr>158</gpxtpx:hr>
        <gpxtpx:cad>74</gpxtpx:cad>
      </gpxtpx:TrackPointExtension></extensions>
    </trkpt>
    <trkpt lat="50.3375773" lon="6.9451517">
      <ele>502.0</ele>
      <time>2024-07-15T17:51:59Z</time>
      <extensions><power>291</power><gpxtpx:TrackPointExtension>
        <gpxtpx:atemp>-9</gpxtpx:atemp>
        <gpxtpx:hr>158</gpxtpx:hr>
        <gpxtpx:cad>73</gpxtpx:cad>
      </gpxtpx:TrackPointExtension></extensions>
    </trkpt>
    <trkpt lat="50.3375486" lon="6.9450751">
      <ele>502.5</ele>
      <time>2024-07-15T17:52:00Z</time>
      <extensions><power>291</power><gpxtpx:TrackPointExtension>
        <gpxtpx:atemp>-9</gpxtpx:atemp>
        <gpxtpx:hr>158</gpxtpx:hr>
        <gpxtpx:cad>73</gpxtpx:cad>
      </gpxtpx:TrackPointExtension></extensions>
    </trkpt>
    <trkpt lat="50.3375184" lon="6.9450052">
      <ele>503.0</ele>
      <time>2024-07-15T17:52:01Z</time>
      <extensions><power>291</power><gpxtpx:TrackPointExtension>
        <gpxtpx:atemp>-10</gpxtpx:atemp>
        <gpxtpx:hr>158</gpxtpx:hr>
        <gpxtpx:cad>73</gpxtpx:cad>
      </gpxtpx:TrackPointExtension></extensions>
    </trkpt>
    <trkpt lat="50.3374870" lon="6.9449421">
      <ele>503.5</ele>
      <time>2024-07-15T17:52:02Z</time>
      <extensions><power>291</power><gpxtpx:TrackPointExtension>
        <gpxtpx:atemp>-10</gpxtpx:atemp>
        <gpxtpx:hr>158</gpxtpx:hr>
        <gpxtpx:cad>73</gpxtpx:cad>
      </gpxtpx:TrackPointExtension></extensions>
    </trkpt>
    <trkpt lat="50.3374543" lon="6.9448860">
      <ele>504.0</ele>
      <time>2024-07-15T17:52:03Z</time>
      <extensions><power>291</power><gpxtpx:TrackPointExtension>
        <gpxtpx:atemp>-10</gpxtpx:atemp>
        <gpxtpx:hr>157</gpxtpx:hr>
        <gpxtpx:cad>73</gpxtpx:cad>
      </gpxtpx:TrackPointExtension></extensions>
    </trkpt>
    <trkpt lat="50.3374203" lon="6.9448370">
      <ele>504.4</ele>
      <time>2024-07-15T17:52:04Z</time>
      <extensions><power>290</power><gpxtpx:TrackPointExtension>
        <gpxtpx:atemp>-10</gpxtpx:atemp>
        <gpxtpx:hr>156</gpxtpx:hr>
        <gpxtpx:cad>73</gpxtpx:cad>
      </gpxtpx:TrackPointExtension></extensions>
    </trkpt>
    <trkpt lat="50.3373850" lon="6.9447954">
      <ele>504.9</ele>
      <time>2024-07-15T17:52:05Z</time>
      <extensions><power>290</power><gpxtpx:TrackPointExtension>
        <gpxtpx:atemp>-10</gpxtpx:atemp>
        <gpxtpx:hr>156</gpxtpx:hr>
        <gpxtpx:cad>73</gpxtpx:cad>
      </gpxtpx:TrackPointExtension></extensions>
    </trkpt>
    <trkpt lat="50.3373486" lon="6.9447612">
      <ele>505.3</ele>
      <time>2024-07-15T17:52:06Z</time>
      <extensions><power>289</power><gpxtpx:TrackPointExtension>
        <gpxtpx:atemp>-11</gpxtpx:atemp>
        <gpxtpx:hr>155</gpxtpx:hr>
        <gpxtpx:cad>73</gpxtpx:cad>
      </gpxtpx:TrackPointExtension></extensions>
    </trkpt>
    <trkpt lat="50.3373109" lon="6.9447345">
      <ele>505.8</ele>
      <time>2024-07-15T17:52:07Z</time>
      <extensions><power>288</power><gpxtpx:TrackPointExtension>
        <gpxtpx:atemp>-11</gpxtpx:atemp>
        <gpxtpx:hr>154</gpxtpx:hr>
        <gpxtpx:cad>73</gpxtpx:cad>
      </gpxtpx:TrackPointExtension></extensions>
    </trkpt>
    <trkpt lat="50.3372721" lon="6.9447153">
      <ele>506.2</ele>
      <time>2024-07-15T17:52:08Z</time>
      <extensions><power>288</power><gpxtpx:TrackPointExtension>
        <gpxtpx:atemp>-11</gpxtpx:atemp>
        <gpxtpx:hr>153</gpxtpx:hr>
        <gpxtpx:cad>73</gpxtpx:cad>
      </gpxtpx:TrackPointExtension></extensions>
    </trkpt>
    <trkpt lat="50.3372321" lon="6.9447038">
      <ele>506.6</ele>
      <time>2024-07-15T17:52:09Z</time>
      <extensions><power>287</power><gpxtpx:TrackPointExtension>
        <gpxtpx:atemp>-11</gpxtpx:atemp>
        <gpxtpx:hr>153</gpxtpx:hr>
        <gpxtpx:cad>73</gpxtpx:cad>
      </gpxtpx:TrackPointExtension></extensions>
    </trkpt>
    <trkpt lat="50.3371910" lon="6.9447000">
      <ele>507.0</ele>
      <time>2024-07-15T17:52:10Z</time>
      <extensions><power>286</power><gpxtpx:TrackPointExtension>
        <gpxtpx:atemp>-11</gpxtpx:atemp>
        <gpxtpx:hr>152</gpxtpx:hr>
        <gpxtpx:cad>73</gpxtpx:cad>
      </gpxtpx:TrackPointExtension></extensions>
    </trkpt>
    <trkpt lat="50.3371488" lon="6.9447038">
      <ele>507.4</ele>
      <time>2024-07-15T17:52:11Z</time>
      <extensions><power>285</power><gpxtpx:TrackPointExtension>
        <gpxtpx:atemp>-12</gpxtpx:atemp>
        <gpxtpx:hr>152</gpxtpx:hr>
        <gpxtpx:cad>73</gpxtpx:cad>
      </gpxtpx:TrackPointExtension></extensions>
    </trkpt>
    <trkpt lat="50.3371055" lon="6.9447153">
      <ele>507.8</ele>
      <time>2024-07-15T17:52:12Z</time>
      <extensions><power>284</power><gpxtpx:TrackPointExtension>
        <gpxtpx:atemp>-12</gpxtpx:atemp>
        <gpxtpx:hr>152</gpxtpx:hr>
        <gpxtpx:cad>73</gpxtpx:cad>
      </gpxtpx:TrackPointExtension></extensions>
    </trkpt>
    <trkpt lat="50.3370613" lon="6.9447345">
      <ele>508.1</ele>
      <time>2024-07-15T17:52:13Z</time>
      <extensions><power>283</power><gpxtpx:TrackPointExtension>
        <gpxtpx:atemp>-12</gpxtpx:atemp>
        <gpxtpx:hr>152</gpxtpx:hr>
        <gpxtpx:cad>73</gpxtpx:cad>
      </gpxtpx:TrackPointExtension></extensions>
    </trkpt>
    <trkpt lat="50.3370160" lon="6.9447612">
      <ele>508.4</ele>
      <time>2024-07-15T17:52:14Z</time>
      <extensions><power>282</power><gpxtpx:TrackPointExtension>
        <gpxtpx:atemp>-12</gpxtpx:atemp>
        <gpxtpx:hr>152</gpxtpx:hr>
        <gpxtpx:cad>73</gpxtpx:cad>
      </gpxtpx:TrackPointExtension></extensions>
    </trkpt>
    <trkpt lat="50.3369697" lon="6.9447954">
      <ele>508.7</ele>
      <time>2024-07-15T17:52:15Z</time>
      <extensions><power>281</power><gpxtpx:TrackPointExtension>
        <gpxtpx:atemp>-12</gpxtpx:atemp>
        <gpxtpx:hr>152</gpxtpx:hr>
        <gpxtpx:cad>73</gpxtpx:cad>
      </gpxtpx:TrackPointExtension></extensions>
    </trkpt>
    <trkpt lat="50.3369225" lon="6.9448370">
      <ele>509.0</ele>
      <time>2024-07-15T17:52:16Z</time>
      <extensions><power>280</power><gpxtpx:TrackPointExtension>
        <gpxtpx:atemp>-12</gpxtpx:atemp>
        <gpxtpx:hr>153</gpxtpx:hr>
        <gpxtpx:cad>73</gpxtpx:cad>
      </gpxtpx:TrackPointExtension></extensions>
    </trkpt>
    <trkpt lat="50.3368744" lon="6.9448860">
      <ele>509.3</ele>
      <time>2024-07-15T17:52:17Z</time>
      <extensions><power>279</power><gpxtpx:TrackPointExtension>
        <gpxtpx:atemp>-12</gpxtpx:atemp>
        <gpxtpx:hr>153</gpxtpx:hr>
        <gpxtpx:cad>73</gpxtpx:cad>
      </gpxtpx:TrackPointExtension></extensions>
    </trkpt>
    <trkpt lat="50.3368254" lon="6.9449421">
      <ele>509.6</ele>
      <time>2024-07-15T17:52:18Z</time>
      <extensions><power>278</power><gpxtpx:TrackPointExtension>
        <gpxtpx:atemp>-13</gpxtpx:atemp>
        <gpxtpx:hr>154</gpxtpx:hr>
        <gpxtpx:cad>73</gpxtpx:cad>
      </gpxtpx:TrackPointExtension></extensions>
    </trkpt>
    <trkpt lat="50.3367756" lon="6.9450052">
      <ele>509.8</ele>
      <time>2024-07-15T17:52:19Z</time>
      <extensions><power>278</power><gpxtpx:TrackPointExtension>
        <gpxtpx:atemp>-13</gpxtpx:atemp>
        <gpxtpx:hr>155</gpxtpx:hr>
        <gpxtpx:cad>73</gpxtpx:cad>
      </gpxtpx:TrackPointExtension></extensions>
    </trkpt>
    <trkpt lat="50.3367250" lon="6.9450751">
      <ele>510.0</ele>
      <time>2024-07-15T17:52:20Z</time>
      <extensions><power>278</power><gpxtpx:TrackPointExtension>
        <gpxtpx:atemp>-13</gpxtpx:atemp>
        <gpxtpx:hr>156</gpxtpx:hr>
        <gpxtpx:cad>73</gpxtpx:cad>
      </gpxtpx:TrackPointExtension></extensions>
    </trkpt>
    <trkpt lat="50.3366736" lon="6.9451517">
      <ele>510.2</ele>
      <time>2024-07-15T17:52:21Z</time>
      <extensions><power>277</power><gpxtpx:TrackPointExtension>
        <gpxtpx:atemp>-13</gpxtpx:atemp>
        <gpxtpx:hr>157</gpxtpx:hr>
        <gpxtpx:cad>73</gpxtpx:cad>
      </gpxtpx:TrackPointExtension></extensions>
    </trkpt>
    <trkpt lat="50.3366215" lon="6.9452348">
      <ele>510.3</ele>
      <time>2024-07-15T17:52:22Z</time>
      <extensions><power>277</power><gpxtpx:TrackPointExtension>
        <gpxtpx:atemp>-13</gpxtpx:atemp>
        <gpxtpx:hr>159</gpxtpx:hr>
        <gpxtpx:cad>73</gpxtpx:cad>
      </gpxtpx:TrackPointExtension></extensions>
    </trkpt>
    <trkpt lat="50.3365686" lon="6.9453240">
      <ele>510.5</ele>
      <time>2024-07-15T17:52:23Z</time>
      <extensions><power>277</power><gpxtpx:TrackPointExtension>
        <gpxtpx:atemp>-13</gpxtpx:atemp>
        <gpxtpx:hr>160</gpxtpx:hr>
        <gpxtpx:cad>73</gpxtpx:cad>
      </gpxtpx:TrackPointExtension></extensions>
    </trkpt>
    <trkpt lat="50.3365152" lon="6.9454192">
      <ele>510.6</ele>
      <time>2024-07-15T17:52:24Z</time>
      <extensions><power>277</power><gpxtpx:TrackPointExtension>
        <gpxtpx:atemp>-13</gpxtpx:atemp>
        <gpxtpx:hr>161</gpxtpx:hr>
        <gpxtpx:cad>73</gpxtpx:cad>
      </gpxtpx:TrackPointExtension></extensions>
    </trkpt>
    <trkpt lat="50.3364610" lon="6.9455201">
      <ele>510.7</ele>
      <time>2024-07-15T17:52:25Z</time>
      <extensions><power>278</power><gpxtpx:TrackPointExtension>
        <gpxtpx:atemp>-13</gpxtpx:atemp>
        <gpxtpx:hr>163</gpxtpx:hr>
        <gpxtpx:cad>73</gpxtpx:cad>
      </gpxtpx:TrackPointExtension></extensions>
    </trkpt>
    <trkpt lat="50.3364063" lon="6.9456264">
      <ele>510.8</ele>
      <time>2024-07-15T17:52:26Z</time>
      <extensions><power>278</power><gpxtpx:TrackPointExtension>
        <gpxtpx:atemp>-13</gpxtpx:atemp>
        <gpxtpx:hr>164</gpxtpx:hr>
        <gpxtpx:cad>73</gpxtpx:cad>
      </gpxtpx:TrackPointExtension></extensions>
    </trkpt>
    <trkpt lat="50.3363511" lon="6.9457379">
      <ele>510.8</ele>
      <time>2024-07-15T17:52:27Z</time>
      <extensions><power>279</power><gpxtpx:TrackPointExtension>
        <gpxtpx:atemp>-13</gpxtpx:atemp>
        <gpxtpx:hr>165</gpxtpx:hr>
        <gpxtpx:cad>73</gpxtpx:cad>
      </gpxtpx:TrackPointExtension></extensions>
    </trkpt>
    <trkpt lat="50.3362953" lon="6.9458542">
      <ele>510.9</ele>
      <time>2024-07-15T17:52:28Z</time>
      <extensions><power>280</power><gpxtpx:TrackPointExtension>
        <gpxtpx:atemp>-14</gpxtpx:atemp>
        <gpxtpx:hr>166</gpxtpx:hr>
        <gpxtpx:cad>73</gpxtpx:cad>
      </gpxtpx:TrackPointExtension></extensions>
    </trkpt>
    <trkpt lat="50.3362390" lon="6.9459750">
      <ele>510.9</ele>
      <time>2024-07-15T17:52:29Z</time>
      <extensions><power>281</power><gpxtpx:TrackPointExtension>
        <gpxtpx:atemp>-14</gpxtpx:atemp>
        <gpxtpx:hr>166</gpxtpx:hr>
        <gpxtpx:cad>73</gpxtpx:cad>
      </gpxtpx:TrackPointExtension></extensions>
    </trkpt>
    <trkpt lat="50.3361823" lon="6.9461000">
      <ele>510.9</ele>
      <time>2024-07-15T17:52:30Z</time>
      <extensions><power>282</power><gpxtpx:TrackPointExtension>
        <gpxtpx:atemp>-14</gpxtpx:atemp>
        <gpxtpx:hr>167</gpxtpx:hr>
        <gpxtpx:cad>73</gpxtpx:cad>
      </gpxtpx:TrackPointExtension></extensions>
    </trkpt>
    <trkpt lat="50.3361253" lon="6.9462288">
      <ele>510.9</ele>
      <time>2024-07-15T17:52:31Z</time>
      <extensions><power>284</power><gpxtpx:TrackPointExtension>
        <gpxtpx:atemp>-14</gpxtpx:atemp>
        <gpxtpx:hr>167</gpxtpx:hr>
        <gpxtpx:cad>73</gpxtpx:cad>
      </gpxtpx:TrackPointExtension></extensions>
    </trkpt>
    <trkpt lat="50.3360678" lon="6.9463611">
      <ele>510.8</ele>
      <time>2024-07-15T17:52:32Z</time>
      <extensions><power>285</power><gpxtpx:TrackPointExtension>
        <gpxtpx:atemp>-14</gpxtpx:atemp>
        <gpxtpx:hr>167</gpxtpx:hr>
        <gpxtpx:cad>73</gpxtpx:cad>
      </gpxtpx:TrackPointExtension></extensions>
    </trkpt>
    <trkpt lat="50.3360100" lon="6.9464966">
      <ele>510.8</ele>
      <time>2024-07-15T17:52:33Z</time>
      <extensions><power>287</power><gpxtpx:TrackPointExtension>
        <gpxtpx:atemp>-14</gpxtpx:atemp>
        <gpxtpx:hr>167</gpxtpx:hr>
        <gpxtpx:cad>73</gpxtpx:cad>
      </gpxtpx:TrackPointExtension></extensions>
    </trkpt>
    <trkpt lat="50.3359520" lon="6.9466348">
      <ele>510.7</ele>
      <time>2024-07-15T17:52:34Z</time>
      <extensions><power>288</power><gpxtpx:TrackPointExtension>
        <gpxtpx:atemp>-14</gpxtpx:atemp>
        <gpxtpx:hr>167</gpxtpx:hr>
        <gpxtpx:cad>73</gpxtpx:cad>
      </gpxtpx:TrackPointExtension></extensions>
    </trkpt>
    <trkpt lat="50.3358937" lon="6.9467753">
      <ele>510.6</ele>
      <time>2024-07-15T17:52:35Z</time>
      <extensions><power>290</power><gpxtpx:TrackPointExtension>
        <gpxtpx:atemp>-14</gpxtpx:atemp>
        <gpxtpx:hr>166</gpxtpx:hr>
        <gpxtpx:cad>73</gpxtpx:cad>
      </gpxtpx:TrackPointExtension></extensions>
    </trkpt>
    <trkpt lat="50.3358352" lon="6.9469178">
      <ele>510.5</ele>
      <time>2024-07-15T17:52:36Z</time>
      <extensions><power>292</power><gpxtpx:TrackPointExtension>
        <gpxtpx:atemp>-14</gpxtpx:atemp>
        <gpxtpx:hr>165</gpxtpx:hr>
        <gpxtpx:cad>74</gpxtpx:cad>
      </gpxtpx:TrackPointExtension></extensions>
    </trkpt>
    <trkpt lat="50.3357765" lon="6.9470620">
      <ele>510.4</ele>
      <time>2024-07-15T17:52:37Z</time>
      <extensions><power>294</power><gpxtpx:TrackPointExtension>
        <gpxtpx:atemp>-14</gpxtpx:atemp>
        <gpxtpx:hr>165</gpxtpx:hr>
        <gpxtpx:cad>74</gpxtpx:cad>
      </gpxtpx:TrackPointExtension></extensions>
    </trkpt>
    <trkpt lat="50.3357178" lon="6.9472073">
      <ele>510.3</ele>
      <time>2024-07-15T17:52:38Z</time>
      <extensions><power>296</power><gpxtpx:TrackPointExtension>
        <gpxtpx:atemp>-14</gpxtpx:atemp>
        <gpxtpx:hr>164</gpxtpx:hr>
        <gpxtpx:cad>74</gpxtpx:cad>
      </gpxtpx:TrackPointExtension></extensions>
    </trkpt>
    <trkpt lat="50.3356589" lon="6.9473535">
      <ele>510.2</ele>
      <time>2024-07-15T17:52:39Z</time>
      <extensions><power>298</power><gpxtpx:TrackPointExtension>
        <gpxtpx:atemp>-14</gpxtpx:atemp>
        <gpxtpx:hr>163</gpxtpx:hr>
        <gpxtpx:cad>74</gpxtpx:cad>
      </gpxtpx:TrackPointExtension></extensions>
    </trkpt>
    <trkpt lat="50.3356000" lon="6.9475000">
      <ele>510.0</ele>
      <time>2024-07-15T17:52:40Z</time>
      <extensions><power>300</power><gpxtpx:TrackPointExtension>
        <gpxtpx:atemp>-14</gpxtpx:atemp>
        <gpxtpx:hr>162</gpxtpx:hr>
        <gpxtpx:cad>74</gpxtpx:cad>
      </gpxtpx:TrackPointExtension></extensions>
    </trkpt>
    <trkpt lat="50.3355411" lon="6.9476465">
      <ele>509.8</ele>
      <time>2024-07-15T17:52:41Z</time>
      <extensions><power>301</power><gpxtpx:TrackPointExtension>
        <gpxtpx:atemp>-14</gpxtpx:atemp>
        <gpxtpx:hr>160</gpxtpx:hr>
        <gpxtpx:cad>74</gpxtpx:cad>
      </gpxtpx:TrackPointExtension></extensions>
    </trkpt>
    <trkpt lat="50.3354822" lon="6.9477927">
      <ele>509.7</ele>
      <time>2024-07-15T17:52:42Z</time>
      <extensions><power>303</power><gpxtpx:TrackPointExtension>
        <gpxtpx:atemp>-14</gpxtpx:atemp>
        <gpxtpx:hr>159</gpxtpx:hr>
        <gpxtpx:cad>74</gpxtpx:cad>
      </gpxtpx:TrackPointExtension></extensions>
    </trkpt>
    <trkpt lat="50.3354235" lon="6.9479380">
      <ele>509.5</ele>
      <time>2024-07-15T17:52:43Z</time>
      <extensions><power>305</power><gpxtpx:TrackPointExtension>
        <gpxtpx:atemp>-14</gpxtpx:atemp>
        <gpxtpx:hr>158</gpxtpx:hr>
        <gpxtpx:cad>74</gpxtpx:cad>
      </gpxtpx:TrackPointExtension></extensions>
    </trkpt>
    <trkpt lat="50.3353648" lon="6.9480822">
      <ele>509.3</ele>
      <time>2024-07-15T17:52:44Z</time>
      <extensions><power>307</power><gpxtpx:TrackPointExtension>
        <gpxtpx:atemp>-14</gpxtpx:atemp>
        <gpxtpx:hr>157</gpxtpx:hr>
        <gpxtpx:cad>75</gpxtpx:cad>
      </gpxtpx:TrackPointExtension></extensions>
    </trkpt>
    <trkpt lat="50.3353063" lon="6.9482247">
      <ele>509.1</ele>
      <time>2024-07-15T17:52:45Z</time>
      <extensions><power>308</power><gpxtpx:TrackPointExtension>
        <gpxtpx:atemp>-14</gpxtpx:atemp>
        <gpxtpx:hr>157</gpxtpx:hr>
        <gpxtpx:cad>75</gpxtpx:cad>
      </gpxtpx:TrackPointExtension></extensions>
    </trkpt>
    <trkpt lat="50.3352480" lon="6.9483652">
      <ele>508.9</ele>
      <time>2024-07-15T17:52:46Z</time>
      <extensions><power>309</power><gpxtpx:TrackPointExtension>
        <gpxtpx:atemp>-14</gpxtpx:atemp>
        <gpxtpx:hr>156</gpxtpx:hr>
        <gpxtpx:cad>75</gpxtpx:cad>
      </gpxtpx:TrackPointExtension></extensions>
    </trkpt>
    <trkpt lat="50.3351900" lon="6.9485034">
      <ele>508.7</ele>
      <time>2024-07-15T17:52:47Z</time>
      <extensions><power>311</power><gpxtpx:TrackPointExtension>
        <gpxtpx:atemp>-14</gpxtpx:atemp>
        <gpxtpx:hr>155</gpxtpx:hr>
        <gpxtpx:cad>75</gpxtpx:cad>
      </gpxtpx:TrackPointExtension></extensions>
    </trkpt>
    <trkpt lat="50.3351322" lon="6.9486389">
      <ele>508.5</ele>
      <time>2024-07-15T17:52:48Z</time>
      <extensions><power>312</power><gpxtpx:TrackPointExtension>
        <gpxtpx:atemp>-14</gpxtpx:atemp>
        <gpxtpx:hr>155</gpxtpx:hr>
        <gpxtpx:cad>75</gpxtpx:cad>
      </gpxtpx:TrackPointExtension></extensions>
    </trkpt>
    <trkpt lat="50.3350747" lon="6.9487712">
      <ele>508.3</ele>
      <time>2024-07-15T17:52:49Z</time>
      <extensions><power>313</power><gpxtpx:TrackPointExtension>
        <gpxtpx:atemp>-14</gpxtpx:atemp>
        <gpxtpx:hr>155</gpxtpx:hr>
        <gpxtpx:cad>75</gpxtpx:cad>
      </gpxtpx:TrackPointExtension></extensions>
    </trkpt>
    <trkpt lat="50.3350177" lon="6.9489000">
      <ele>508.1</ele>
      <time>2024-07-15T17:52:50Z</time>
      <extensions><power>313</power><gpxtpx:TrackPointExtension>
        <gpxtpx:atemp>-14</gpxtpx:atemp>
        <gpxtpx:hr>155</gpxtpx:hr>
        <gpxtpx:cad>76</gpxtpx:cad>
      </gpxtpx:TrackPointExtension></extensions>
    </trkpt>
    <trkpt lat="50.3349610" lon="6.9490250">
      <ele>507.9</ele>
      <time>2024-07-15T17:52:51Z</time>
      <extensions><power>314</power><gpxtpx:TrackPointExtension>
        <gpxtpx:atemp>-14</gpxtpx:atemp>
        <gpxtpx:hr>155</gpxtpx:hr>
        <gpxtpx:cad>76</gpxtpx:cad>
      </gpxtpx:TrackPointExtension></extensions>
    </trkpt>
    <trkpt lat="50.3349047" lon="6.9491458">
      <ele>507.6</ele>
      <time>2024-07-15T17:52:52Z</time>
      <extensions><power>314</power><gpxtpx:TrackPointExtension>
        <gpxtpx:atemp>-14</gpxtpx:atemp>
        <gpxtpx:hr>156</gpxtpx:hr>
        <gpxtpx:cad>76</gpxtpx:cad>
      </gpxtpx:TrackPointExtension></extensions>
    </trkpt>
    <trkpt lat="50.3348489" lon="6.9492621">
      <ele>507.4</ele>
      <time>2024-07-15T17:52:53Z</time>
      <extensions><power>314</power><gpxtpx:TrackPointExtension>
        <gpxtpx:atemp>-13</gpxtpx:atemp>
        <gpxtpx:hr>156</gpxtpx:hr>
        <gpxtpx:cad>76</gpxtpx:cad>
      </gpxtpx:TrackPointExtension></extensions>
    </trkpt>
    <trkpt lat="50.3347937" lon="6.9493736">
      <ele>507.2</ele>
      <time>2024-07-15T17:52:54Z</time>
      <extensions><power>314</power><gpxtpx:TrackPointExtension>
        <gpxtpx:atemp>-13</gpxtpx:atemp>
        <gpxtpx:hr>157</gpxtpx:hr>
        <gpxtpx:cad>76</gpxtpx:cad>
      </gpxtpx:TrackPointExtension></extensions>
    </trkpt>
    <trkpt lat="50.3347390" lon="6.9494799">
      <ele>507.0</ele>
      <time>2024-07-15T17:52:55Z</time>
      <extensions><power>314</power><gpxtpx:TrackPointExtension>
        <gpxtpx:atemp>-13</gpxtpx:atemp>
        <gpxtpx:hr>158</gpxtpx:hr>
        <gpxtpx:cad>77</gpxtpx:cad>
      </gpxtpx:TrackPointExtension></extensions>
    </trkpt>
    <trkpt lat="50.3346848" lon="6.9495808">
      <ele>506.8</ele>
      <time>2024-07-15T17:52:56Z</time>
      <extensions><power>313</power><gpxtpx:TrackPointExtension>
        <gpxtpx:atemp>-13</gpxtpx:atemp>
        <gpxtpx:hr>159</gpxtpx:hr>
        <gpxtpx:cad>77</gpxtpx:cad>
      </gpxtpx:TrackPointExtension></extensions>
    </trkpt>
    <trkpt lat="50.3346314" lon="6.9496760">
      <ele>506.6</ele>
      <time>2024-07-15T17:52:57Z</time>
      <extensions><power>312</power><gpxtpx:TrackPointExtension>
        <gpxtpx:atemp>-13</gpxtpx:atemp>
        <gpxtpx:hr>160</gpxtpx:hr>
        <gpxtpx:cad>77</gpxtpx:cad>
      </gpxtpx:TrackPointExtension></extensions>
    </trkpt>
    <trkpt lat="50.3345785" lon="6.9497652">
      <ele>506.4</ele>
      <time>2024-07-15T17:52:58Z</time>
      <extensions><power>311</power><gpxtpx:TrackPointExtension>
        <gpxtpx:atemp>-13</gpxtpx:atemp>
        <gpxtpx:hr>161</gpxtpx:hr>
        <gpxtpx:cad>77</gpxtpx:cad>
      </gpxtpx:TrackPointExtension></extensions>
    </trkpt>
    <trkpt lat="50.3345264" lon="6.9498483">
      <ele>506.2</ele>
      <time>2024-07-15T17:52:59Z</time>
      <extensions><power>310</power><gpxtpx:TrackPointExtension>
        <gpxtpx:atemp>-13</gpxtpx:atemp>
        <gpxtpx:hr>161</gpxtpx:hr>
        <gpxtpx:cad>77</gpxtpx:cad>
      </gpxtpx:TrackPointExtension></extensions>
    </trkpt>
    <trkpt lat="50.3344750" lon="6.9499249">
      <ele>506.0</ele>
      <time>2024-07-15T17:53:00Z</time>
      <extensions><power>309</power><gpxtpx:TrackPointExtension>
        <gpxtpx:atemp>-13</gpxtpx:atemp>
        <gpxtpx:hr>162</gpxtpx:hr>
        <gpxtpx:cad>78</gpxtpx:cad>
      </gpxtpx:TrackPointExtension></extensions>
    </trkpt>
    <trkpt lat="50.3344244" lon="6.9499948">
      <ele>505.8</ele>
      <time>2024-07-15T17:53:01Z</time>
      <extensions><power>307</power><gpxtpx:TrackPointExtension>
        <gpxtpx:atemp>-13</gpxtpx:atemp>
        <gpxtpx:hr>163</gpxtpx:hr>
        <gpxtpx:cad>78</gpxtpx:cad>
      </gpxtpx:TrackPointExtension></extensions>
    </trkpt>
    <trkpt lat="50.3343746" lon="6.9500579">
      <ele>505.6</ele>
      <time>2024-07-15T17:53:02Z</time>
      <extensions><power>305</power><gpxtpx:TrackPointExtension>
        <gpxtpx:atemp>-13</gpxtpx:atemp>
        <gpxtpx:hr>163</gpxtpx:hr>
        <gpxtpx:cad>78</gpxtpx:cad>
      </gpxtpx:TrackPointExtension></extensions>
    </trkpt>
    <trkpt lat="50.3343256" lon="6.9501140">
      <ele>505.4</ele>
      <time>2024-07-15T17:53:03Z</time>
      <extensions><power>303</power><gpxtpx:TrackPointExtension>
        <gpxtpx:atemp>-12</gpxtpx:atemp>
        <gpxtpx:hr>164</gpxtpx:hr>
        <gpxtpx:cad>78</gpxtpx:cad>
      </gpxtpx:TrackPointExtension></extensions>
    </trkpt>
    <trkpt lat="50.3342775" lon="6.9501630">
      <ele>505.2</ele>
      <time>2024-07-15T17:53:04Z</time>
      <extensions><power>301</power><gpxtpx:TrackPointExtension>
        <gpxtpx:atemp>-12</gpxtpx:atemp>
        <gpxtpx:hr>164</gpxtpx:hr>
        <gpxtpx:cad>78</gpxtpx:cad>
      </gpxtpx:TrackPointExtension></extensions>
    </trkpt>
    <trkpt lat="50.3342303" lon="6.9502046">
      <ele>505.1</ele>
      <time>2024-07-15T17:53:05Z</time>
      <extensions><power>299</power><gpxtpx:TrackPointExtension>
        <gpxtpx:atemp>-12</gpxtpx:atemp>
        <gpxtpx:hr>164</gpxtpx:hr>
        <gpxtpx:cad>79</gpxtpx:cad>
      </gpxtpx:TrackPointExtension></extensions>
    </trkpt>
    <trkpt lat="50.3341840" lon="6.9502388">
      <ele>504.9</ele>
      <time>2024-07-15T17:53:06Z</time>
      <extensions><power>296</power><gpxtpx:TrackPointExtension>
        <gpxtpx:atemp>-12</gpxtpx:atemp>
        <gpxtpx:hr>164</gpxtpx:hr>
        <gpxtpx:cad>79</gpxtpx:cad>
      </gpxtpx:TrackPointExtension></extensions>
    </trkpt>
    <trkpt lat="50.3341387" lon="6.9502655">
      <ele>504.7</ele>
      <time>2024-07-15T17:53:07Z</time>
      <extensions><power>294</power><gpxtpx:TrackPointExtension>
        <gpxtpx:atemp>-12</gpxtpx:atemp>
        <gpxtpx:hr>163</gpxtpx:hr>
        <gpxtpx:cad>79</gpxtpx:cad>
      </gpxtpx:TrackPointExtension></extensions>
    </trkpt>
    <trkpt lat="50.3340945" lon="6.9502847">
      <ele>504.5</ele>
      <time>2024-07-15T17:53:08Z</time>
      <extensions><power>291</power><gpxtpx:TrackPointExtension>
        <gpxtpx:atemp>-12</gpxtpx:atemp>
        <gpxtpx:hr>163</gpxtpx:hr>
        <gpxtpx:cad>79</gpxtpx:cad>
      </gpxtpx:TrackPointExtension></extensions>
    </trkpt>
    <trkpt lat="50.3340512" lon="6.9502962">
      <ele>504.4</ele>
      <time>2024-07-15T17:53:09Z</time>
      <extensions><power>288</power><gpxtpx:TrackPointExtension>
        <gpxtpx:atemp>-12</gpxtpx:atemp>
        <gpxtpx:hr>162</gpxtpx:hr>
        <gpxtpx:cad>80</gpxtpx:cad>
      </gpxtpx:TrackPointExtension></extensions>
    </trkpt>
    <trkpt lat="50.3340090" lon="6.9503000">
      <ele>504.2</ele>
      <time>2024-07-15T17:53:10Z</time>
      <extensions><power>286</power><gpxtpx:TrackPointExtension>
        <gpxtpx:atemp>-11</gpxtpx:atemp>
        <gpxtpx:hr>161</gpxtpx:hr>
        <gpxtpx:cad>80</gpxtpx:cad>
      </gpxtpx:TrackPointExtension></extensions>
    </trkpt>
    <trkpt lat="50.3339679" lon="6.9502962">
      <ele>504.0</ele>
      <time>2024-07-15T17:53:11Z</time>
      <extensions><power>283</power><gpxtpx:TrackPointExtension>
        <gpxtpx:atemp>-11</gpxtpx:atemp>
        <gpxtpx:hr>160</gpxtpx:hr>
        <gpxtpx:cad>80</gpxtpx:cad>
      </gpxtpx:TrackPointExtension></extensions>
    </trkpt>
    <trkpt lat="50.3339279" lon="6.9502847">
      <ele>503.9</ele>
      <time>2024-07-15T17:53:12Z</time>
      <extensions><power>280</power><gpxtpx:TrackPointExtension>
        <gpxtpx:atemp>-11</gpxtpx:atemp>
        <gpxtpx:hr>158</gpxtpx:hr>
        <gpxtpx:cad>80</gpxtpx:cad>
      </gpxtpx:TrackPointExtension></extensions>
    </trkpt>
    <trkpt lat="50.3338891" lon="6.9502655">
      <ele>503.7</ele>
      <time>2024-07-15T17:53:13Z</time>
      <extensions><power>277</power><gpxtpx:TrackPointExtension>
        <gpxtpx:atemp>-11</gpxtpx:atemp>
        <gpxtpx:hr>157</gpxtpx:hr>
        <gpxtpx:cad>81</gpxtpx:cad>
      </gpxtpx:TrackPointExtension></extensions>
    </trkpt>
    <trkpt lat="50.3338514" lon="6.9502388">
      <ele>503.5</ele>
      <time>2024-07-15T17:53:14Z</time>
      <extensions><power>275</power><gpxtpx:TrackPointExtension>
        <gpxtpx:atemp>-11</gpxtpx:atemp>
        <gpxtpx:hr>156</gpxtpx:hr>
        <gpxtpx:cad>81</gpxtpx:cad>
      </gpxtpx:TrackPointExtension></extensions>
    </trkpt>
    <trkpt lat="50.3338150" lon="6.9502046">
      <ele>503.4</ele>
      <time>2024-07-15T17:53:15Z</time>
      <extensions><power>272</power><gpxtpx:TrackPointExtension>
        <gpxtpx:atemp>-10</gpxtpx:atemp>
        <gpxtpx:hr>154</gpxtpx:hr>
        <gpxtpx:cad>81</gpxtpx:cad>
      </gpxtpx:TrackPointExtension></extensions>
    </trkpt>
    <trkpt lat="50.3337797" lon="6.9501630">
      <ele>503.2</ele>
      <time>2024-07-15T17:53:16Z</time>
      <extensions><power>269</power><gpxtpx:TrackPointExtension>
        <gpxtpx:atemp>-10</gpxtpx:atemp>
        <gpxtpx:hr>153</gpxtpx:hr>
        <gpxtpx:cad>81</gpxtpx:cad>
      </gpxtpx:TrackPointExtension></extensions>
    </trkpt>
    <trkpt lat="50.3337457" lon="6.9501140">
      <ele>503.0</ele>
      <time>2024-07-15T17:53:17Z</time>
      <extensions><power>267</power><gpxtpx:TrackPointExtension>
        <gpxtpx:atemp>-10</gpxtpx:atemp>
        <gpxtpx:hr>151</gpxtpx:hr>
        <gpxtpx:cad>81</gpxtpx:cad>
      </gpxtpx:TrackPointExtension></extensions>
    </trkpt>
    <trkpt lat="50.3337130" lon="6.9500579">
      <ele>502.9</ele>
      <time>2024-07-15T17:53:18Z</time>
      <extensions><power>264</power><gpxtpx:TrackPointExtension>
        <gpxtpx:atemp>-10</gpxtpx:atemp>
        <gpxtpx:hr>150</gpxtpx:hr>
        <gpxtpx:cad>82</gpxtpx:cad>
      </gpxtpx:TrackPointExtension></extensions>
    </trkpt>
    <trkpt lat="50.3336816" lon="6.9499948">
      <ele>502.7</ele>
      <time>2024-07-15T17:53:19Z</time>
      <extensions><power>262</power><gpxtpx:TrackPointExtension>
        <gpxtpx:atemp>-10</gpxtpx:atemp>
        <gpxtpx:hr>149</gpxtpx:hr>
        <gpxtpx:cad>82</gpxtpx:cad>
      </gpxtpx:TrackPointExtension></extensions>
    </trkpt>
    <trkpt lat="50.3336514" lon="6.9499249">
      <ele>502.5</ele>
      <time>2024-07-15T17:53:20Z</time>
      <extensions><power>260</power><gpxtpx:TrackPointExtension>
        <gpxtpx:atemp>-10</gpxtpx:atemp>
        <gpxtpx:hr>148</gpxtpx:hr>
        <gpxtpx:cad>82</gpxtpx:cad>
      </gpxtpx:TrackPointExtension></extensions>
    </trkpt>
    <trkpt lat="50.3336227" lon="6.9498483">
      <ele>502.3</ele>
      <time>2024-07-15T17:53:21Z</time>
      <extensions><power>258</power><gpxtpx:TrackPointExtension>
        <gpxtpx:atemp>-9</gpxtpx:atemp>
        <gpxtpx:hr>147</gpxtpx:hr>
        <gpxtpx:cad>82</gpxtpx:cad>
      </gpxtpx:TrackPointExtension></extensions>
    </trkpt>
    <trkpt lat="50.3335952" lon="6.9497652">
      <ele>502.1</ele>
      <time>2024-07-15T17:53:22Z</time>
      <extensions><power>256</power><gpxtpx:TrackPointExtension>
        <gpxtpx:atemp>-9</gpxtpx:atemp>
        <gpxtpx:hr>146</gpxtpx:hr>
        <gpxtpx:cad>83</gpxtpx:cad>
      </gpxtpx:TrackPointExtension></extensions>
    </trkpt>
    <trkpt lat="50.3335692" lon="6.9496760">
      <ele>501.9</ele>
      <time>2024-07-15T17:53:23Z</time>
      <extensions><power>255</power><gpxtpx:TrackPointExtension>
        <gpxtpx:atemp>-9</gpxtpx:atemp>
        <gpxtpx:hr>146</gpxtpx:hr>
        <gpxtpx:cad>83</gpxtpx:cad>
      </gpxtpx:TrackPointExtension></extensions>
    </trkpt>
    <trkpt lat="50.3335445" lon="6.9495808">
      <ele>501.7</ele>
      <time>2024-07-15T17:53:24Z</time>
      <extensions><power>253</power><gpxtpx:TrackPointExtension>
        <gpxtpx:atemp>-9</gpxtpx:atemp>
        <gpxtpx:hr>146</gpxtpx:hr>
        <gpxtpx:cad>83</gpxtpx:cad>
      </gpxtpx:TrackPointExtension></extensions>
    </trkpt>
    <trkpt lat="50.3335213" lon="6.9494799">
      <ele>501.5</ele>
      <time>2024-07-15T17:53:25Z</time>
      <extensions><power>252</power><gpxtpx:TrackPointExtension>
        <gpxtpx:atemp>-8</gpxtpx:atemp>
        <gpxtpx:hr>145</gpxtpx:hr>
        <gpxtpx:cad>83</gpxtpx:cad>
      </gpxtpx:TrackPointExtension></extensions>
    </trkpt>
    <trkpt lat="50.3334994" lon="6.9493736">
      <ele>501.3</ele>
      <time>2024-07-15T17:53:26Z</time>
      <extensions><power>251</power><gpxtpx:TrackPointExtension>
        <gpxtpx:atemp>-8</gpxtpx:atemp>
        <gpxtpx:hr>146</gpxtpx:hr>
        <gpxtpx:cad>84</gpxtpx:cad>
      </gpxtpx:TrackPointExtension></extensions>
    </trkpt>
    <trkpt lat="50.3334791" lon="6.9492621">
      <ele>501.1</ele>
      <time>2024-07-15T17:53:27Z</time>
      <extensions><power>250</power><gpxtpx:TrackPointExtension>
        <gpxtpx:atemp>-8</gpxtpx:atemp>
        <gpxtpx:hr>146</gpxtpx:hr>
        <gpxtpx:cad>84</gpxtpx:cad>
      </gpxtpx:TrackPointExtension></extensions>
    </trkpt>
    <trkpt lat="50.3334601" lon="6.9491458">
      <ele>500.8</ele>
      <time>2024-07-15T17:53:28Z</time>
      <extensions><power>250</power><gpxtpx:TrackPointExtension>
        <gpxtpx:atemp>-8</gpxtpx:atemp>
        <gpxtpx:hr>146</gpxtpx:hr>
        <gpxtpx:cad>84</gpxtpx:cad>
      </gpxtpx:TrackPointExtension></extensions>
    </trkpt>
    <trkpt lat="50.3334427" lon="6.9490250">
      <ele>500.6</ele>
      <time>2024-07-15T17:53:29Z</time>
      <extensions><power>249</power><gpxtpx:TrackPointExtension>
        <gpxtpx:atemp>-8</gpxtpx:atemp>
        <gpxtpx:hr>147</gpxtpx:hr>
        <gpxtpx:cad>84</gpxtpx:cad>
      </gpxtpx:TrackPointExtension></extensions>
    </trkpt>
    <trkpt lat="50.3334267" lon="6.9489000">
      <ele>500.3</ele>
      <time>2024-07-15T17:53:30Z</time>
      <extensions><power>249</power><gpxtpx:TrackPointExtension>
        <gpxtpx:atemp>-7</gpxtpx:atemp>
        <gpxtpx:hr>147</gpxtpx:hr>
        <gpxtpx:cad>84</gpxtpx:cad>
      </gpxtpx:TrackPointExtension></extensions>
    </trkpt>
    <trkpt lat="50.3334122" lon="6.9487712">
      <ele>500.0</ele>
      <time>2024-07-15T17:53:31Z</time>
      <extensions><power>249</power><gpxtpx:TrackPointExtension>
        <gpxtpx:atemp>-7</gpxtpx:atemp>
        <gpxtpx:hr>148</gpxtpx:hr>
        <gpxtpx:cad>85</gpxtpx:cad>
      </gpxtpx:TrackPointExtension></extensions>
    </trkpt>
    <trkpt lat="50.3333992" lon="6.9486389">
      <ele>499.7</ele>
      <time>2024-07-15T17:53:32Z</time>
      <extensions><power>248</power><gpxtpx:TrackPointExtension>
        <gpxtpx:atemp>-7</gpxtpx:atemp>
        <gpxtpx:hr>149</gpxtpx:hr>
        <gpxtpx:cad>85</gpxtpx:cad>
      </gpxtpx:TrackPointExtension></extensions>
    </trkpt>
    <trkpt lat="50.3333877" lon="6.9485034">
      <ele>499.4</ele>
      <time>2024-07-15T17:53:33Z</time>
      <extensions><power>249</power><gpxtpx:TrackPointExtension>
        <gpxtpx:atemp>-7</gpxtpx:atemp>
        <gpxtpx:hr>149</gpxtpx:hr>
        <gpxtpx:cad>85</gpxtpx:cad>
      </gpxtpx:TrackPointExtension></extensions>
    </trkpt>
    <trkpt lat="50.3333777" lon="6.9483652">
      <ele>499.1</ele>
      <time>2024-07-15T17:53:34Z</time>
      <extensions><power>249</power><gpxtpx:TrackPointExtension>
        <gpxtpx:atemp>-6</gpxtpx:atemp>
        <gpxtpx:hr>150</gpxtpx:hr>
        <gpxtpx:cad>85</gpxtpx:cad>
      </gpxtpx:TrackPointExtension></extensions>
    </trkpt>
    <trkpt lat="50.3333692" lon="6.9482247">
      <ele>498.8</ele>
      <time>2024-07-15T17:53:35Z</time>
      <extensions><power>249</power><gpxtpx:TrackPointExtension>
        <gpxtpx:atemp>-6</gpxtpx:atemp>
        <gpxtpx:hr>150</gpxtpx:hr>
        <gpxtpx:cad>86</gpxtpx:cad>
      </gpxtpx:TrackPointExtension></extensions>
    </trkpt>
    <trkpt lat="50.3333623" lon="6.9480822">
      <ele>498.5</ele>
      <time>2024-07-15T17:53:36Z</time>
      <extensions><power>250</power><gpxtpx:TrackPointExtension>
        <gpxtpx:atemp>-6</gpxtpx:atemp>
        <gpxtpx:hr>151</gpxtpx:hr>
        <gpxtpx:cad>86</gpxtpx:cad>
      </gpxtpx:TrackPointExtension></extensions>
    </trkpt>
    <trkpt lat="50.3333569" lon="6.9479380">
      <ele>498.1</ele>
      <time>2024-07-15T17:53:37Z</time>
      <extensions><power>250</power><gpxtpx:TrackPointExtension>
        <gpxtpx:atemp>-6</gpxtpx:atemp>
        <gpxtpx:hr>151</gpxtpx:hr>
        <gpxtpx:cad>86</gpxtpx:cad>
      </gpxtpx:TrackPointExtension></extensions>
    </trkpt>
    <trkpt lat="50.3333531" lon="6.9477927">
      <ele>497.8</ele>
      <time>2024-07-15T17:53:38Z</time>
      <extensions><power>251</power><gpxtpx:TrackPointExtension>
        <gpxtpx:atemp>-5</gpxtpx:atemp>
        <gpxtpx:hr>151</gpxtpx:hr>
        <gpxtpx:cad>86</gpxtpx:cad>
      </gpxtpx:TrackPointExtension></extensions>
    </trkpt>
    <trkpt lat="50.3333508" lon="6.9476465">
      <ele>497.4</ele>
      <time>2024-07-15T17:53:39Z</time>
      <extensions><power>251</power><gpxtpx:TrackPointExtension>
        <gpxtpx:atemp>-5</gpxtpx:atemp>
        <gpxtpx:hr>151</gpxtpx:hr>
        <gpxtpx:cad>86</gpxtpx:cad>
      </gpxtpx:TrackPointExtension></extensions>
    </trkpt>
    <trkpt lat="50.3333500" lon="6.9475000">
      <ele>497.0</ele>
      <time>2024-07-15T17:53:40Z</time>
      <extensions><power>252</power><gpxtpx:TrackPointExtension>
        <gpxtpx:atemp>-5</gpxtpx:atemp>
        <gpxtpx:hr>151</gpxtpx:hr>
        <gpxtpx:cad>87</gpxtpx:cad>
      </gpxtpx:TrackPointExtension></extensions>
    </trkpt>
    <trkpt lat="50.3333508" lon="6.9473535">
      <ele>496.6</ele>
      <time>2024-07-15T17:53:41Z</time>
      <extensions><power>253</power><gpxtpx:TrackPointExtension>
        <gpxtpx:atemp>-5</gpxtpx:atemp>
        <gpxtpx:hr>150</gpxtpx:hr>
        <gpxtpx:cad>87</gpxtpx:cad>
      </gpxtpx:TrackPointExtension></extensions>
    </trkpt>
    <trkpt lat="50.3333531" lon="6.9472073">
      <ele>496.2</ele>
      <time>2024-07-15T17:53:42Z</time>
      <extensions><power>253</power><gpxtpx:TrackPointExtension>
        <gpxtpx:atemp>-5</gpxtpx:atemp>
        <gpxtpx:hr>149</gpxtpx:hr>
        <gpxtpx:cad>87</gpxtpx:cad>
      </gpxtpx:TrackPointExtension></extensions>
    </trkpt>
    <trkpt lat="50.3333569" lon="6.9470620">
      <ele>495.8</ele>
      <time>2024-07-15T17:53:43Z</time>
      <extensions><power>254</power><gpxtpx:TrackPointExtension>
        <gpxtpx:atemp>-4</gpxtpx:atemp>
        <gpxtpx:hr>148</gpxtpx:hr>
        <gpxtpx:cad>87</gpxtpx:cad>
      </gpxtpx:TrackPointExtension></extensions>
    </trkpt>
    <trkpt lat="50.3333623" lon="6.9469178">
      <ele>495.3</ele>
      <time>2024-07-15T17:53:44Z</time>
      <extensions><power>254</power><gpxtpx:TrackPointExtension>
        <gpxtpx:atemp>-4</gpxtpx:atemp>
        <gpxtpx:hr>147</gpxtpx:hr>
        <gpxtpx:cad>87</gpxtpx:cad>
      </gpxtpx:TrackPointExtension></extensions>
    </trkpt>
    <trkpt lat="50.3333692" lon="6.9467753">
      <ele>494.9</ele>
      <time>2024-07-15T17:53:45Z</time>
      <extensions><power>255</power><gpxtpx:TrackPointExtension>
        <gpxtpx:atemp>-4</gpxtpx:atemp>
        <gpxtpx:hr>146</gpxtpx:hr>
        <gpxtpx:cad>88</gpxtpx:cad>
      </gpxtpx:TrackPointExtension></extensions>
    </trkpt>
    <trkpt lat="50.3333777" lon="6.9466348">
      <ele>494.4</ele>
      <time>2024-07-15T17:53:46Z</time>
      <extensions><power>255</power><gpxtpx:TrackPointExtension>
        <gpxtpx:atemp>-4</gpxtpx:atemp>
        <gpxtpx:hr>145</gpxtpx:hr>
        <gpxtpx:cad>88</gpxtpx:cad>
      </gpxtpx:TrackPointExtension></extensions>
    </trkpt>
    <trkpt lat="50.3333877" lon="6.9464966">
      <ele>494.0</ele>
      <time>2024-07-15T17:53:47Z</time>
      <extensions><power>255</power><gpxtpx:TrackPointExtension>
        <gpxtpx:atemp>-3</gpxtpx:atemp>
        <gpxtpx:hr>143</gpxtpx:hr>
        <gpxtpx:cad>88</gpxtpx:cad>
      </gpxtpx:TrackPointExtension></extensions>
    </trkpt>
    <trkpt lat="50.3333992" lon="6.9463611">
      <ele>493.5</ele>
      <time>2024-07-15T17:53:48Z</time>
      <extensions><power>256</power><gpxtpx:TrackPointExtension>
        <gpxtpx:atemp>-3</gpxtpx:atemp>
        <gpxtpx:hr>142</gpxtpx:hr>
        <gpxtpx:cad>88</gpxtpx:cad>
      </gpxtpx:TrackPointExtension></extensions>
    </trkpt>
    <trkpt lat="50.3334122" lon="6.9462288">
      <ele>493.0</ele>
      <time>2024-07-15T17:53:49Z</time>
      <extensions><power>255</power><gpxtpx:TrackPointExtension>
        <gpxtpx:atemp>-3</gpxtpx:atemp>
        <gpxtpx:hr>140</gpxtpx:hr>
        <gpxtpx:cad>88</gpxtpx:cad>
      </gpxtpx:TrackPointExtension></extensions>
    </trkpt>
    <trkpt lat="50.3334267" lon="6.9461000">
      <ele>492.5</ele>
      <time>2024-07-15T17:53:50Z</time>
      <extensions><power>255</power><gpxtpx:TrackPointExtension>
        <gpxtpx:atemp>-3</gpxtpx:atemp>
        <gpxtpx:hr>139</gpxtpx:hr>
        <gpxtpx:cad>88</gpxtpx:cad>
      </gpxtpx:TrackPointExtension></extensions>
    </trkpt>
    <trkpt lat="50.3334427" lon="6.9459750">
      <ele>492.0</ele>
      <time>2024-07-15T17:53:51Z</time>
      <extensions><power>255</power><gpxtpx:TrackPointExtension>
        <gpxtpx:atemp>-2</gpxtpx:atemp>
        <gpxtpx:hr>137</gpxtpx:hr>
        <gpxtpx:cad>88</gpxtpx:cad>
      </gpxtpx:TrackPointExtension></extensions>
    </trkpt>
    <trkpt lat="50.3334601" lon="6.9458542">
      <ele>491.5</ele>
      <time>2024-07-15T17:53:52Z</time>
      <extensions><power>254</power><gpxtpx:TrackPointExtension>
        <gpxtpx:atemp>-2</gpxtpx:atemp>
        <gpxtpx:hr>136</gpxtpx:hr>
        <gpxtpx:cad>89</gpxtpx:cad>
      </gpxtpx:TrackPointExtension></extensions>
    </trkpt>
    <trkpt lat="50.3334791" lon="6.9457379">
      <ele>491.0</ele>
      <time>2024-07-15T17:53:53Z</time>
      <extensions><power>254</power><gpxtpx:TrackPointExtension>
        <gpxtpx:atemp>-2</gpxtpx:atemp>
        <gpxtpx:hr>134</gpxtpx:hr>
        <gpxtpx:cad>89</gpxtpx:cad>
      </gpxtpx:TrackPointExtension></extensions>
    </trkpt>
    <trkpt lat="50.3334994" lon="6.9456264">
      <ele>490.5</ele>
      <time>2024-07-15T17:53:54Z</time>
      <extensions><power>253</power><gpxtpx:TrackPointExtension>
        <gpxtpx:atemp>-2</gpxtpx:atemp>
        <gpxtpx:hr>133</gpxtpx:hr>
        <gpxtpx:cad>89</gpxtpx:cad>
      </gpxtpx:TrackPointExtension></extensions>
    </trkpt>
    <trkpt lat="50.3335213" lon="6.9455201">
      <ele>490.0</ele>
      <time>2024-07-15T17:53:55Z</time>
      <extensions><power>252</power><gpxtpx:TrackPointExtension>
        <gpxtpx:atemp>-2</gpxtpx:atemp>
        <gpxtpx:hr>132</gpxtpx:hr>
        <gpxtpx:cad>89</gpxtpx:cad>
      </gpxtpx:TrackPointExtension></extensions>
    </trkpt>
    <trkpt lat="50.3335445" lon="6.9454192">
      <ele>489.5</ele>
      <time>2024-07-15T17:53:56Z</time>
      <extensions><power>251</power><gpxtpx:TrackPointExtension>
        <gpxtpx:atemp>-1</gpxtpx:atemp>
        <gpxtpx:hr>132</gpxtpx:hr>
        <gpxtpx:cad>89</gpxtpx:cad>
      </gpxtpx:TrackPointExtension></extensions>
    </trkpt>
    <trkpt lat="50.3335692" lon="6.9453240">
      <ele>489.0</ele>
      <time>2024-07-15T17:53:57Z</time>
      <extensions><power>249</power><gpxtpx:TrackPointExtension>
        <gpxtpx:atemp>-1</gpxtpx:atemp>
        <gpxtpx:hr>131</gpxtpx:hr>
        <gpxtpx:cad>89</gpxtpx:cad>
      </gpxtpx:TrackPointExtension></extensions>
    </trkpt>
    <trkpt lat="50.3335952" lon="6.9452348">
      <ele>488.5</ele>
      <time>2024-07-15T17:53:58Z</time>
      <extensions><power>248</power><gpxtpx:TrackPointExtension>
        <gpxtpx:atemp>-1</gpxtpx:atemp>
        <gpxtpx:hr>131</gpxtpx:hr>
        <gpxtpx:cad>89</gpxtpx:cad>
      </gpxtpx:TrackPointExtension></extensions>
    </trkpt>
    <trkpt lat="50.3336227" lon="6.9451517">
      <ele>488.0</ele>
      <time>2024-07-15T17:53:59Z</time>
      <extensions><power>246</power><gpxtpx:TrackPointExtension>
        <gpxtpx:atemp>-1</gpxtpx:atemp>
        <gpxtpx:hr>131</gpxtpx:hr>
        <gpxtpx:cad>90</gpxtpx:cad>
      </gpxtpx:TrackPointExtension></extensions>
    </trkpt>
    <trkpt lat="50.3336514" lon="6.9450751">
      <ele>487.5</ele>
      <time>2024-07-15T17:54:00Z</time>
      <extensions><power>244</power><gpxtpx:TrackPointExtension>
        <gpxtpx:atemp>0</gpxtpx:atemp>
        <gpxtpx:hr>131</gpxtpx:hr>
        <gpxtpx:cad>90</gpxtpx:cad>
      </gpxtpx:TrackPointExtension></extensions>
    </trkpt>
    <trkpt lat="50.3336816" lon="6.9450052">
      <ele>487.0</ele>
      <time>2024-07-15T17:54:01Z</time>
      <extensions><power>242</power><gpxtpx:TrackPointExtension>
        <gpxtpx:atemp>0</gpxtpx:atemp>
        <gpxtpx:hr>131</gpxtpx:hr>
        <gpxtpx:cad>90</gpxtpx:cad>
      </gpxtpx:TrackPointExtension></extensions>
    </trkpt>
    <trkpt lat="50.3337130" lon="6.9449421">
      <ele>486.5</ele>
      <time>2024-07-15T17:54:02Z</time>
      <extensions><power>240</power><gpxtpx:TrackPointExtension>
        <gpxtpx:atemp>0</gpxtpx:atemp>
        <gpxtpx:hr>131</gpxtpx:hr>
        <gpxtpx:cad>90</gpxtpx:cad>
      </gpxtpx:TrackPointExtension></extensions>
    </trkpt>
    <trkpt lat="50.3337457" lon="6.9448860">
      <ele>486.0</ele>
      <time>2024-07-15T17:54:03Z</time>
      <extensions><power>237</power><gpxtpx:TrackPointExtension>
        <gpxtpx:atemp>0</gpxtpx:atemp>
        <gpxtpx:hr>132</gpxtpx:hr>
        <gpxtpx:cad>90</gpxtpx:cad>
      </gpxtpx:TrackPointExtension></extensions>
    </trkpt>
    <trkpt lat="50.3337797" lon="6.9448370">
      <ele>485.6</ele>
      <time>2024-07-15T17:54:04Z</time>
      <extensions><power>235</power><gpxtpx:TrackPointExtension>
        <gpxtpx:atemp>0</gpxtpx:atemp>
        <gpxtpx:hr>133</gpxtpx:hr>
        <gpxtpx:cad>90</gpxtpx:cad>
      </gpxtpx:TrackPointExtension></extensions>
    </trkpt>
    <trkpt lat="50.3338150" lon="6.9447954">
      <ele>485.1</ele>
      <time>2024-07-15T17:54:05Z</time>
      <extensions><power>232</power><gpxtpx:TrackPointExtension>
        <gpxtpx:atemp>0</gpxtpx:atemp>
        <gpxtpx:hr>133</gpxtpx:hr>
        <gpxtpx:cad>90</gpxtpx:cad>
      </gpxtpx:TrackPointExtension></extensions>
    </trkpt>
    <trkpt lat="50.3338514" lon="6.9447612">
      <ele>484.7</ele>
      <time>2024-07-15T17:54:06Z</time>
      <extensions><power>229</power><gpxtpx:TrackPointExtension>
        <gpxtpx:atemp>1</gpxtpx:atemp>
        <gpxtpx:hr>134</gpxtpx:hr>
        <gpxtpx:cad>90</gpxtpx:cad>
      </gpxtpx:TrackPointExtension></extensions>
    </trkpt>
    <trkpt lat="50.3338891" lon="6.9447345">
      <ele>484.2</ele>
      <time>2024-07-15T17:54:07Z</time>
      <extensions><power>227</power><gpxtpx:TrackPointExtension>
        <gpxtpx:atemp>1</gpxtpx:atemp>
        <gpxtpx:hr>135</gpxtpx:hr>
        <gpxtpx:cad>90</gpxtpx:cad>
      </gpxtpx:TrackPointExtension></extensions>
    </trkpt>
    <trkpt lat="50.3339279" lon="6.9447153">
      <ele>483.8</ele>
      <time>2024-07-15T17:54:08Z</time>
      <extensions><power>224</power><gpxtpx:TrackPointExtension>
        <gpxtpx:atemp>1</gpxtpx:atemp>
        <gpxtpx:hr>136</gpxtpx:hr>
        <gpxtpx:cad>90</gpxtpx:cad>
      </gpxtpx:TrackPointExtension></extensions>
    </trkpt>
    <trkpt lat="50.3339679" lon="6.9447038">
      <ele>483.4</ele>
      <time>2024-07-15T17:54:09Z</time>
      <extensions><power>221</power><gpxtpx:TrackPointExtension>
        <gpxtpx:atemp>1</gpxtpx:atemp>
        <gpxtpx:hr>136</gpxtpx:hr>
        <gpxtpx:cad>90</gpxtpx:cad>
      </gpxtpx:TrackPointExtension></extensions>
    </trkpt>
    <trkpt lat="50.3340090" lon="6.9447000">
      <ele>483.0</ele>
      <time>2024-07-15T17:54:10Z</time>
      <extensions><power>218</power><gpxtpx:TrackPointExtension>
        <gpxtpx:atemp>1</gpxtpx:atemp>
        <gpxtpx:hr>137</gpxtpx:hr>
        <gpxtpx:cad>90</gpxtpx:cad>
      </gpxtpx:TrackPointExtension></extensions>
    </trkpt>
    <trkpt lat="50.3340512" lon="6.9447038">
      <ele>482.6</ele>
      <time>2024-07-15T17:54:11Z</time>
      <extensions><power>216</power><gpxtpx:TrackPointExtension>
        <gpxtpx:atemp>2</gpxtpx:atemp>
        <gpxtpx:hr>137</gpxtpx:hr>
        <gpxtpx:cad>90</gpxtpx:cad>
      </gpxtpx:TrackPointExtension></extensions>
    </trkpt>
    <trkpt lat="50.3340945" lon="6.9447153">
      <ele>482.2</ele>
      <time>2024-07-15T17:54:12Z</time>
      <extensions><power>213</power><gpxtpx:TrackPointExtension>
        <gpxtpx:atemp>2</gpxtpx:atemp>
        <gpxtpx:hr>137</gpxtpx:hr>
        <gpxtpx:cad>90</gpxtpx:cad>
      </gpxtpx:TrackPointExtension></extensions>
    </trkpt>
    <trkpt lat="50.3341387" lon="6.9447345">
      <ele>481.9</ele>
      <time>2024-07-15T17:54:13Z</time>
      <extensions><power>210</power><gpxtpx:TrackPointExtension>
        <gpxtpx:atemp>2</gpxtpx:atemp>
        <gpxtpx:hr>137</gpxtpx:hr>
        <gpxtpx:cad>90</gpxtpx:cad>
      </gpxtpx:TrackPointExtension></extensions>
    </trkpt>
    <trkpt lat="50.3341840" lon="6.9447612">
      <ele>481.6</ele>
      <time>2024-07-15T17:54:14Z</time>
      <extensions><power>208</power><gpxtpx:TrackPointExtension>
        <gpxtpx:atemp>2</gpxtpx:atemp>
        <gpxtpx:hr>137</gpxtpx:hr>
        <gpxtpx:cad>90</gpxtpx:cad>
      </gpxtpx:TrackPointExtension></extensions>
    </trkpt>
    <trkpt lat="50.3342303" lon="6.9447954">
      <ele>481.3</ele>
      <time>2024-07-15T17:54:15Z</time>
      <extensions><power>205</power><gpxtpx:TrackPointExtension>
        <gpxtpx:atemp>2</gpxtpx:atemp>
        <gpxtpx:hr>137</gpxtpx:hr>
        <gpxtpx:cad>90</gpxtpx:cad>
      </gpxtpx:TrackPointExtension></extensions>
    </trkpt>
    <trkpt lat="50.3342775" lon="6.9448370">
      <ele>481.0</ele>
      <time>2024-07-15T17:54:16Z</time>
      <extensions><power>203</power><gpxtpx:TrackPointExtension>
        <gpxtpx:atemp>2</gpxtpx:atemp>
        <gpxtpx:hr>136</gpxtpx:hr>
        <gpxtpx:cad>90</gpxtpx:cad>
      </gpxtpx:TrackPointExtension></extensions>
    </trkpt>
    <trkpt lat="50.3343256" lon="6.9448860">
      <ele>480.7</ele>
      <time>2024-07-15T17:54:17Z</time>
      <extensions><power>201</power><gpxtpx:TrackPointExtension>
        <gpxtpx:atemp>2</gpxtpx:atemp>
        <gpxtpx:hr>136</gpxtpx:hr>
        <gpxtpx:cad>90</gpxtpx:cad>
      </gpxtpx:TrackPointExtension></extensions>
    </trkpt>
    <trkpt lat="50.3343746" lon="6.9449421">
      <ele>480.4</ele>
      <time>2024-07-15T17:54:18Z</time>
      <extensions><power>199</power><gpxtpx:TrackPointExtension>
        <gpxtpx:atemp>3</gpxtpx:atemp>
        <gpxtpx:hr>135</gpxtpx:hr>
        <gpxtpx:cad>90</gpxtpx:cad>
      </gpxtpx:TrackPointExtension></extensions>
    </trkpt>
    <trkpt lat="50.3344244" lon="6.9450052">
      <ele>480.2</ele>
      <time>2024-07-15T17:54:19Z</time>
      <extensions><power>197</power><gpxtpx:TrackPointExtension>
        <gpxtpx:atemp>3</gpxtpx:atemp>
        <gpxtpx:hr>134</gpxtpx:hr>
        <gpxtpx:cad>90</gpxtpx:cad>
      </gpxtpx:TrackPointExtension></extensions>
    </trkpt>
    <trkpt lat="50.3344750" lon="6.9450751">
      <ele>480.0</ele>
      <time>2024-07-15T17:54:20Z</time>
      <extensions><power>195</power><gpxtpx:TrackPointExtension>
        <gpxtpx:atemp>3</gpxtpx:atemp>
        <gpxtpx:hr>133</gpxtpx:hr>
        <gpxtpx:cad>90</gpxtpx:cad>
      </gpxtpx:TrackPointExtension></extensions>
    </trkpt>
    <trkpt lat="50.3345264" lon="6.9451517">
      <ele>479.8</ele>
      <time>2024-07-15T17:54:21Z</time>
      <extensions><power>194</power><gpxtpx:TrackPointExtension>
        <gpxtpx:atemp>3</gpxtpx:atemp>
        <gpxtpx:hr>132</gpxtpx:hr>
        <gpxtpx:cad>90</gpxtpx:cad>
      </gpxtpx:TrackPointExtension></extensions>
    </trkpt>
    <trkpt lat="50.3345785" lon="6.9452348">
      <ele>479.7</ele>
      <time>2024-07-15T17:54:22Z</time>
      <extensions><power>193</power><gpxtpx:TrackPointExtension>
        <gpxtpx:atemp>3</gpxtpx:atemp>
        <gpxtpx:hr>130</gpxtpx:hr>
        <gpxtpx:cad>90</gpxtpx:cad>
      </gpxtpx:TrackPointExtension></extensions>
    </trkpt>
    <trkpt lat="50.3346314" lon="6.9453240">
      <ele>479.5</ele>
      <time>2024-07-15T17:54:23Z</time>
      <extensions><power>192</power><gpxtpx:TrackPointExtension>
        <gpxtpx:atemp>3</gpxtpx:atemp>
        <gpxtpx:hr>129</gpxtpx:hr>
        <gpxtpx:cad>90</gpxtpx:cad>
      </gpxtpx:TrackPointExtension></extensions>
    </trkpt>
    <trkpt lat="50.3346848" lon="6.9454192">
      <ele>479.4</ele>
      <time>2024-07-15T17:54:24Z</time>
      <extensions><power>191</power><gpxtpx:TrackPointExtension>
        <gpxtpx:atemp>3</gpxtpx:atemp>
        <gpxtpx:hr>128</gpxtpx:hr>
        <gpxtpx:cad>90</gpxtpx:cad>
      </gpxtpx:TrackPointExtension></extensions>
    </trkpt>
    <trkpt lat="50.3347390" lon="6.9455201">
      <ele>479.3</ele>
      <time>2024-07-15T17:54:25Z</time>
      <extensions><power>190</power><gpxtpx:TrackPointExtension>
        <gpxtpx:atemp>3</gpxtpx:atemp>
        <gpxtpx:hr>126</gpxtpx:hr>
        <gpxtpx:cad>90</gpxtpx:cad>
      </gpxtpx:TrackPointExtension></extensions>
    </trkpt>
    <trkpt lat="50.3347937" lon="6.9456264">
      <ele>479.2</ele>
      <time>2024-07-15T17:54:26Z</time>
      <extensions><power>190</power><gpxtpx:TrackPointExtension>
        <gpxtpx:atemp>3</gpxtpx:atemp>
        <gpxtpx:hr>125</gpxtpx:hr>
        <gpxtpx:cad>90</gpxtpx:cad>
      </gpxtpx:TrackPointExtension></extensions>
    </trkpt>
    <trkpt lat="50.3348489" lon="6.9457379">
      <ele>479.2</ele>
      <time>2024-07-15T17:54:27Z</time>
      <extensions><power>190</power><gpxtpx:TrackPointExtension>
        <gpxtpx:atemp>3</gpxtpx:atemp>
        <gpxtpx:hr>124</gpxtpx:hr>
        <gpxtpx:cad>90</gpxtpx:cad>
      </gpxtpx:TrackPointExtension></extensions>
    </trkpt>
    <trkpt lat="50.3349047" lon="6.9458542">
      <ele>479.1</ele>
      <time>2024-07-15T17:54:28Z</time>
      <extensions><power>190</power><gpxtpx:TrackPointExtension>
        <gpxtpx:atemp>4</gpxtpx:atemp>
        <gpxtpx:hr>123</gpxtpx:hr>
        <gpxtpx:cad>90</gpxtpx:cad>
      </gpxtpx:TrackPointExtension></extensions>
    </trkpt>
    <trkpt lat="50.3349610" lon="6.9459750">
      <ele>479.1</ele>
      <time>2024-07-15T17:54:29Z</time>
      <extensions><power>190</power><gpxtpx:TrackPointExtension>
        <gpxtpx:atemp>4</gpxtpx:atemp>
        <gpxtpx:hr>123</gpxtpx:hr>
        <gpxtpx:cad>90</gpxtpx:cad>
      </gpxtpx:TrackPointExtension></extensions>
    </trkpt>
    <trkpt lat="50.3350177" lon="6.9461000">
      <ele>479.1</ele>
      <time>2024-07-15T17:54:30Z</time>
      <extensions><power>191</power><gpxtpx:TrackPointExtension>
        <gpxtpx:atemp>4</gpxtpx:atemp>
        <gpxtpx:hr>122</gpxtpx:hr>
        <gpxtpx:cad>90</gpxtpx:cad>
      </gpxtpx:TrackPointExtension></extensions>
    </trkpt>
    <trkpt lat="50.3350747" lon="6.9462288">
      <ele>479.1</ele>
      <time>2024-07-15T17:54:31Z</time>
      <extensions><power>191</power><gpxtpx:TrackPointExtension>
        <gpxtpx:atemp>4</gpxtpx:atemp>
        <gpxtpx:hr>122</gpxtpx:hr>
        <gpxtpx:cad>90</gpxtpx:cad>
      </gpxtpx:TrackPointExtension></extensions>
    </trkpt>
    <trkpt lat="50.3351322" lon="6.9463611">
      <ele>479.2</ele>
      <time>2024-07-15T17:54:32Z</time>
      <extensions><power>192</power><gpxtpx:TrackPointExtension>
        <gpxtpx:atemp>4</gpxtpx:atemp>
        <gpxtpx:hr>122</gpxtpx:hr>
        <gpxtpx:cad>90</gpxtpx:cad>
      </gpxtpx:TrackPointExtension></extensions>
    </trkpt>
    <trkpt lat="50.3351900" lon="6.9464966">
      <ele>479.2</ele>
      <time>2024-07-15T17:54:33Z</time>
      <extensions><power>193</power><gpxtpx:TrackPointExtension>
        <gpxtpx:atemp>4</gpxtpx:atemp>
        <gpxtpx:hr>122</gpxtpx:hr>
        <gpxtpx:cad>90</gpxtpx:cad>
      </gpxtpx:TrackPointExtension></extensions>
    </trkpt>
    <trkpt lat="50.3352480" lon="6.9466348">
      <ele>479.3</ele>
      <time>2024-07-15T17:54:34Z</time>
      <extensions><power>195</power><gpxtpx:TrackPointExtension>
        <gpxtpx:atemp>4</gpxtpx:atemp>
        <gpxtpx:hr>122</gpxtpx:hr>
        <gpxtpx:cad>90</gpxtpx:cad>
      </gpxtpx:TrackPointExtension></extensions>
    </trkpt>
    <trkpt lat="50.3353063" lon="6.9467753">
      <ele>479.4</ele>
      <time>2024-07-15T17:54:35Z</time>
      <extensions><power>196</power><gpxtpx:TrackPointExtension>
        <gpxtpx:atemp>4</gpxtpx:atemp>
        <gpxtpx:hr>123</gpxtpx:hr>
        <gpxtpx:cad>90</gpxtpx:cad>
      </gpxtpx:TrackPointExtension></extensions>
    </trkpt>
    <trkpt lat="50.3353648" lon="6.9469178">
      <ele>479.5</ele>
      <time>2024-07-15T17:54:36Z</time>
      <extensions><power>197</power><gpxtpx:TrackPointExtension>
        <gpxtpx:atemp>4</gpxtpx:atemp>
        <gpxtpx:hr>124</gpxtpx:hr>
        <gpxtpx:cad>89</gpxtpx:cad>
      </gpxtpx:TrackPointExtension></extensions>
    </trkpt>
    <trkpt lat="50.3354235" lon="6.9470620">
      <ele>479.6</ele>
      <time>2024-07-15T17:54:37Z</time>
      <extensions><power>199</power><gpxtpx:TrackPointExtension>
        <gpxtpx:atemp>4</gpxtpx:atemp>
        <gpxtpx:hr>124</gpxtpx:hr>
        <gpxtpx:cad>89</gpxtpx:cad>
      </gpxtpx:TrackPointExtension></extensions>
    </trkpt>
    <trkpt lat="50.3354822" lon="6.9472073">
      <ele>479.7</ele>
      <time>2024-07-15T17:54:38Z</time>
      <extensions><power>201</power><gpxtpx:TrackPointExtension>
        <gpxtpx:atemp>4</gpxtpx:atemp>
        <gpxtpx:hr>125</gpxtpx:hr>
        <gpxtpx:cad>89</gpxtpx:cad>
      </gpxtpx:TrackPointExtension></extensions>
    </trkpt>
    <trkpt lat="50.3355411" lon="6.9473535">
      <ele>479.8</ele>
      <time>2024-07-15T17:54:39Z</time>
      <extensions><power>203</power><gpxtpx:TrackPointExtension>
        <gpxtpx:atemp>4</gpxtpx:atemp>
        <gpxtpx:hr>126</gpxtpx:hr>
        <gpxtpx:cad>89</gpxtpx:cad>
      </gpxtpx:TrackPointExtension></extensions>
    </trkpt>
    <trkpt lat="50.3356000" lon="6.9475000">
      <ele>480.0</ele>
      <time>2024-07-15T17:54:40Z</time>
      <extensions><power>205</power><gpxtpx:TrackPointExtension>
        <gpxtpx:atemp>4</gpxtpx:atemp>
        <gpxtpx:hr>128</gpxtpx:hr>
        <gpxtpx:cad>89</gpxtpx:cad>
      </gpxtpx:TrackPointExtension></extensions>
    </trkpt>
    <trkpt lat="50.3356589" lon="6.9476465">
      <ele>480.2</ele>
      <time>2024-07-15T17:54:41Z</time>
      <extensions><power>206</power><gpxtpx:TrackPointExtension>
        <gpxtpx:atemp>4</gpxtpx:atemp>
        <gpxtpx:hr>129</gpxtpx:hr>
        <gpxtpx:cad>89</gpxtpx:cad>
      </gpxtpx:TrackPointExtension></extensions>
    </trkpt>
    <trkpt lat="50.3357178" lon="6.9477927">
      <ele>480.3</ele>
      <time>2024-07-15T17:54:42Z</time>
      <extensions><power>208</power><gpxtpx:TrackPointExtension>
        <gpxtpx:atemp>4</gpxtpx:atemp>
        <gpxtpx:hr>130</gpxtpx:hr>
        <gpxtpx:cad>89</gpxtpx:cad>
      </gpxtpx:TrackPointExtension></extensions>
    </trkpt>
    <trkpt lat="50.3357765" lon="6.9479380">
      <ele>480.5</ele>
      <time>2024-07-15T17:54:43Z</time>
      <extensions><power>210</power><gpxtpx:TrackPointExtension>
        <gpxtpx:atemp>4</gpxtpx:atemp>
        <gpxtpx:hr>131</gpxtpx:hr>
        <gpxtpx:cad>89</gpxtpx:cad>
      </gpxtpx:TrackPointExtension></extensions>
    </trkpt>
    <trkpt lat="50.3358352" lon="6.9480822">
      <ele>480.7</ele>
      <time>2024-07-15T17:54:44Z</time>
      <extensions><power>212</power><gpxtpx:TrackPointExtension>
        <gpxtpx:atemp>4</gpxtpx:atemp>
        <gpxtpx:hr>132</gpxtpx:hr>
        <gpxtpx:cad>88</gpxtpx:cad>
      </gpxtpx:TrackPointExtension></extensions>
    </trkpt>
    <trkpt lat="50.3358937" lon="6.9482247">
      <ele>480.9</ele>
      <time>2024-07-15T17:54:45Z</time>
      <extensions><power>214</power><gpxtpx:TrackPointExtension>
        <gpxtpx:atemp>4</gpxtpx:atemp>
        <gpxtpx:hr>132</gpxtpx:hr>
        <gpxtpx:cad>88</gpxtpx:cad>
      </gpxtpx:TrackPointExtension></extensions>
    </trkpt>
    <trkpt lat="50.3359520" lon="6.9483652">
      <ele>481.1</ele>
      <time>2024-07-15T17:54:46Z</time>
      <extensions><power>216</power><gpxtpx:TrackPointExtension>
        <gpxtpx:atemp>4</gpxtpx:atemp>
        <gpxtpx:hr>133</gpxtpx:hr>
        <gpxtpx:cad>88</gpxtpx:cad>
      </gpxtpx:TrackPointExtension></extensions>
    </trkpt>
    <trkpt lat="50.3360100" lon="6.9485034">
      <ele>481.3</ele>
      <time>2024-07-15T17:54:47Z</time>
      <extensions><power>217</power><gpxtpx:TrackPointExtension>
        <gpxtpx:atemp>4</gpxtpx:atemp>
        <gpxtpx:hr>134</gpxtpx:hr>
        <gpxtpx:cad>88</gpxtpx:cad>
      </gpxtpx:TrackPointExtension></extensions>
    </trkpt>
    <trkpt lat="50.3360678" lon="6.9486389">
      <ele>481.5</ele>
      <time>2024-07-15T17:54:48Z</time>
      <extensions><power>219</power><gpxtpx:TrackPointExtension>
        <gpxtpx:atemp>4</gpxtpx:atemp>
        <gpxtpx:hr>134</gpxtpx:hr>
        <gpxtpx:cad>88</gpxtpx:cad>
      </gpxtpx:TrackPointExtension></extensions>
    </trkpt>
    <trkpt lat="50.3361253" lon="6.9487712">
      <ele>481.7</ele>
      <time>2024-07-15T17:54:49Z</time>
      <extensions><power>220</power><gpxtpx:TrackPointExtension>
        <gpxtpx:atemp>4</gpxtpx:atemp>
        <gpxtpx:hr>134</gpxtpx:hr>
        <gpxtpx:cad>88</gpxtpx:cad>
      </gpxtpx:TrackPointExtension></extensions>
    </trkpt>
    <trkpt lat="50.3361823" lon="6.9489000">
      <ele>481.9</ele>
      <time>2024-07-15T17:54:50Z</time>
      <extensions><power>222</power><gpxtpx:TrackPointExtension>
        <gpxtpx:atemp>4</gpxtpx:atemp>
        <gpxtpx:hr>134</gpxtpx:hr>
        <gpxtpx:cad>87</gpxtpx:cad>
      </gpxtpx:TrackPointExtension></extensions>
    </trkpt>
    <trkpt lat="50.3362390" lon="6.9490250">
      <ele>482.1</ele>
      <time>2024-07-15T17:54:51Z</time>
      <extensions><power>223</power><gpxtpx:TrackPointExtension>
        <gpxtpx:atemp>4</gpxtpx:atemp>
        <gpxtpx:hr>134</gpxtpx:hr>
        <gpxtpx:cad>87</gpxtpx:cad>
      </gpxtpx:TrackPointExtension></extensions>
    </trkpt>
    <trkpt lat="50.3362953" lon="6.9491458">
      <ele>482.4</ele>
      <time>2024-07-15T17:54:52Z</time>
      <extensions><power>224</power><gpxtpx:TrackPointExtension>
        <gpxtpx:atemp>4</gpxtpx:atemp>
        <gpxtpx:hr>133</gpxtpx:hr>
        <gpxtpx:cad>87</gpxtpx:cad>
      </gpxtpx:TrackPointExtension></extensions>
    </trkpt>
    <trkpt lat="50.3363511" lon="6.9492621">
      <ele>482.6</ele>
      <time>2024-07-15T17:54:53Z</time>
      <extensions><power>225</power><gpxtpx:TrackPointExtension>
        <gpxtpx:atemp>3</gpxtpx:atemp>
        <gpxtpx:hr>133</gpxtpx:hr>
        <gpxtpx:cad>87</gpxtpx:cad>
      </gpxtpx:TrackPointExtension></extensions>
    </trkpt>
    <trkpt lat="50.3364063" lon="6.9493736">
      <ele>482.8</ele>
      <time>2024-07-15T17:54:54Z</time>
      <extensions><power>226</power><gpxtpx:TrackPointExtension>
        <gpxtpx:atemp>3</gpxtpx:atemp>
        <gpxtpx:hr>132</gpxtpx:hr>
        <gpxtpx:cad>87</gpxtpx:cad>
      </gpxtpx:TrackPointExtension></extensions>
    </trkpt>
    <trkpt lat="50.3364610" lon="6.9494799">
      <ele>483.0</ele>
      <time>2024-07-15T17:54:55Z</time>
      <extensions><power>226</power><gpxtpx:TrackPointExtension>
        <gpxtpx:atemp>3</gpxtpx:atemp>
        <gpxtpx:hr>131</gpxtpx:hr>
        <gpxtpx:cad>86</gpxtpx:cad>
      </gpxtpx:TrackPointExtension></extensions>
    </trkpt>
    <trkpt lat="50.3365152" lon="6.9495808">
      <ele>483.2</ele>
      <time>2024-07-15T17:54:56Z</time>
      <extensions><power>227</power><gpxtpx:TrackPointExtension>
        <gpxtpx:atemp>3</gpxtpx:atemp>
        <gpxtpx:hr>130</gpxtpx:hr>
        <gpxtpx:cad>86</gpxtpx:cad>
      </gpxtpx:TrackPointExtension></extensions>
    </trkpt>
    <trkpt lat="50.3365686" lon="6.9496760">
      <ele>483.4</ele>
      <time>2024-07-15T17:54:57Z</time>
      <extensions><power>227</power><gpxtpx:TrackPointExtension>
        <gpxtpx:atemp>3</gpxtpx:atemp>
        <gpxtpx:hr>129</gpxtpx:hr>
        <gpxtpx:cad>86</gpxtpx:cad>
      </gpxtpx:TrackPointExtension></extensions>
    </trkpt>
    <trkpt lat="50.3366215" lon="6.9497652">
      <ele>483.6</ele>
      <time>2024-07-15T17:54:58Z</time>
      <extensions><power>227</power><gpxtpx:TrackPointExtension>
        <gpxtpx:atemp>3</gpxtpx:atemp>
        <gpxtpx:hr>128</gpxtpx:hr>
        <gpxtpx:cad>86</gpxtpx:cad>
      </gpxtpx:TrackPointExtension></extensions>
    </trkpt>
    <trkpt lat="50.3366736" lon="6.9498483">
      <ele>483.8</ele>
      <time>2024-07-15T17:54:59Z</time>
      <extensions><power>227</power><gpxtpx:TrackPointExtension>
        <gpxtpx:atemp>3</gpxtpx:atemp>
        <gpxtpx:hr>128</gpxtpx:hr>
        <gpxtpx:cad>86</gpxtpx:cad>
      </gpxtpx:TrackPointExtension></extensions>
    </trkpt>
    <trkpt lat="50.3367250" lon="6.9499249">
      <ele>484.0</ele>
      <time>2024-07-15T17:55:00Z</time>
      <extensions><power>226</power><gpxtpx:TrackPointExtension>
        <gpxtpx:atemp>3</gpxtpx:atemp>
        <gpxtpx:hr>127</gpxtpx:hr>
        <gpxtpx:cad>85</gpxtpx:cad>
      </gpxtpx:TrackPointExtension></extensions>
    </trkpt>
    <trkpt lat="50.3367756" lon="6.9499948">
      <ele>484.2</ele>
      <time>2024-07-15T17:55:01Z</time>
      <extensions><power>226</power><gpxtpx:TrackPointExtension>
        <gpxtpx:atemp>3</gpxtpx:atemp>
        <gpxtpx:hr>126</gpxtpx:hr>
        <gpxtpx:cad>85</gpxtpx:cad>
      </gpxtpx:TrackPointExtension></extensions>
    </trkpt>
    <trkpt lat="50.3368254" lon="6.9500579">
      <ele>484.4</ele>
      <time>2024-07-15T17:55:02Z</time>
      <extensions><power>226</power><gpxtpx:TrackPointExtension>
        <gpxtpx:atemp>3</gpxtpx:atemp>
        <gpxtpx:hr>126</gpxtpx:hr>
        <gpxtpx:cad>85</gpxtpx:cad>
      </gpxtpx:TrackPointExtension></extensions>
    </trkpt>
    <trkpt lat="50.3368744" lon="6.9501140">
      <ele>484.6</ele>
      <time>2024-07-15T17:55:03Z</time>
      <extensions><power>225</power><gpxtpx:TrackPointExtension>
        <gpxtpx:atemp>2</gpxtpx:atemp>
        <gpxtpx:hr>125</gpxtpx:hr>
        <gpxtpx:cad>85</gpxtpx:cad>
      </gpxtpx:TrackPointExtension></extensions>
    </trkpt>
    <trkpt lat="50.3369225" lon="6.9501630">
      <ele>484.8</ele>
      <time>2024-07-15T17:55:04Z</time>
      <extensions><power>224</power><gpxtpx:TrackPointExtension>
        <gpxtpx:atemp>2</gpxtpx:atemp>
        <gpxtpx:hr>125</gpxtpx:hr>
        <gpxtpx:cad>85</gpxtpx:cad>
      </gpxtpx:TrackPointExtension></extensions>
    </trkpt>
    <trkpt lat="50.3369697" lon="6.9502046">
      <ele>484.9</ele>
      <time>2024-07-15T17:55:05Z</time>
      <extensions><power>223</power><gpxtpx:TrackPointExtension>
        <gpxtpx:atemp>2</gpxtpx:atemp>
        <gpxtpx:hr>125</gpxtpx:hr>
        <gpxtpx:cad>84</gpxtpx:cad>
      </gpxtpx:TrackPointExtension></extensions>
    </trkpt>
    <trkpt lat="50.3370160" lon="6.9502388">
      <ele>485.1</ele>
      <time>2024-07-15T17:55:06Z</time>
      <extensions><power>222</power><gpxtpx:TrackPointExtension>
        <gpxtpx:atemp>2</gpxtpx:atemp>
        <gpxtpx:hr>125</gpxtpx:hr>
        <gpxtpx:cad>84</gpxtpx:cad>
      </gpxtpx:TrackPointExtension></extensions>
    </trkpt>
    <trkpt lat="50.3370613" lon="6.9502655">
      <ele>485.3</ele>
      <time>2024-07-15T17:55:07Z</time>
      <extensions><power>221</power><gpxtpx:TrackPointExtension>
        <gpxtpx:atemp>2</gpxtpx:atemp>
        <gpxtpx:hr>126</gpxtpx:hr>
        <gpxtpx:cad>84</gpxtpx:cad>
      </gpxtpx:TrackPointExtension></extensions>
    </trkpt>
    <trkpt lat="50.3371055" lon="6.9502847">
      <ele>485.5</ele>
      <time>2024-07-15T17:55:08Z</time>
      <extensions><power>220</power><gpxtpx:TrackPointExtension>
        <gpxtpx:atemp>2</gpxtpx:atemp>
        <gpxtpx:hr>126</gpxtpx:hr>
        <gpxtpx:cad>84</gpxtpx:cad>
      </gpxtpx:TrackPointExtension></extensions>
    </trkpt>
    <trkpt lat="50.3371488" lon="6.9502962">
      <ele>485.6</ele>
      <time>2024-07-15T17:55:09Z</time>
      <extensions><power>219</power><gpxtpx:TrackPointExtension>
        <gpxtpx:atemp>2</gpxtpx:atemp>
        <gpxtpx:hr>127</gpxtpx:hr>
        <gpxtpx:cad>83</gpxtpx:cad>
      </gpxtpx:TrackPointExtension></extensions>
    </trkpt>
    <trkpt lat="50.3371910" lon="6.9503000">
      <ele>485.8</ele>
      <time>2024-07-15T17:55:10Z</time>
      <extensions><power>218</power><gpxtpx:TrackPointExtension>
        <gpxtpx:atemp>1</gpxtpx:atemp>
        <gpxtpx:hr>128</gpxtpx:hr>
        <gpxtpx:cad>83</gpxtpx:cad>
      </gpxtpx:TrackPointExtension></extensions>
    </trkpt>
    <trkpt lat="50.3372321" lon="6.9502962">
      <ele>486.0</ele>
      <time>2024-07-15T17:55:11Z</time>
      <extensions><power>217</power><gpxtpx:TrackPointExtension>
        <gpxtpx:atemp>1</gpxtpx:atemp>
        <gpxtpx:hr>129</gpxtpx:hr>
        <gpxtpx:cad>83</gpxtpx:cad>
      </gpxtpx:TrackPointExtension></extensions>
    </trkpt>
    <trkpt lat="50.3372721" lon="6.9502847">
      <ele>486.1</ele>
      <time>2024-07-15T17:55:12Z</time>
      <extensions><power>216</power><gpxtpx:TrackPointExtension>
        <gpxtpx:atemp>1</gpxtpx:atemp>
        <gpxtpx:hr>131</gpxtpx:hr>
        <gpxtpx:cad>83</gpxtpx:cad>
      </gpxtpx:TrackPointExtension></extensions>
    </trkpt>
    <trkpt lat="50.3373109" lon="6.9502655">
      <ele>486.3</ele>
      <time>2024-07-15T17:55:13Z</time>
      <extensions><power>216</power><gpxtpx:TrackPointExtension>
        <gpxtpx:atemp>1</gpxtpx:atemp>
        <gpxtpx:hr>132</gpxtpx:hr>
        <gpxtpx:cad>82</gpxtpx:cad>
      </gpxtpx:TrackPointExtension></extensions>
    </trkpt>
    <trkpt lat="50.3373486" lon="6.9502388">
      <ele>486.5</ele>
      <time>2024-07-15T17:55:14Z</time>
      <extensions><power>215</power><gpxtpx:TrackPointExtension>
        <gpxtpx:atemp>1</gpxtpx:atemp>
        <gpxtpx:hr>133</gpxtpx:hr>
        <gpxtpx:cad>82</gpxtpx:cad>
      </gpxtpx:TrackPointExtension></extensions>
    </trkpt>
    <trkpt lat="50.3373850" lon="6.9502046">
      <ele>486.6</ele>
      <time>2024-07-15T17:55:15Z</time>
      <extensions><power>214</power><gpxtpx:TrackPointExtension>
        <gpxtpx:atemp>0</gpxtpx:atemp>
        <gpxtpx:hr>135</gpxtpx:hr>
        <gpxtpx:cad>82</gpxtpx:cad>
      </gpxtpx:TrackPointExtension></extensions>
    </trkpt>
    <trkpt lat="50.3374203" lon="6.9501630">
      <ele>486.8</ele>
      <time>2024-07-15T17:55:16Z</time>
      <extensions><power>214</power><gpxtpx:TrackPointExtension>
        <gpxtpx:atemp>0</gpxtpx:atemp>
        <gpxtpx:hr>136</gpxtpx:hr>
        <gpxtpx:cad>82</gpxtpx:cad>
      </gpxtpx:TrackPointExtension></extensions>
    </trkpt>
    <trkpt lat="50.3374543" lon="6.9501140">
      <ele>487.0</ele>
      <time>2024-07-15T17:55:17Z</time>
      <extensions><power>213</power><gpxtpx:TrackPointExtension>
        <gpxtpx:atemp>0</gpxtpx:atemp>
        <gpxtpx:hr>138</gpxtpx:hr>
        <gpxtpx:cad>82</gpxtpx:cad>
      </gpxtpx:TrackPointExtension></extensions>
    </trkpt>
    <trkpt lat="50.3374870" lon="6.9500579">
      <ele>487.1</ele>
      <time>2024-07-15T17:55:18Z</time>
      <extensions><power>213</power><gpxtpx:TrackPointExtension>
        <gpxtpx:atemp>0</gpxtpx:atemp>
        <gpxtpx:hr>139</gpxtpx:hr>
        <gpxtpx:cad>81</gpxtpx:cad>
      </gpxtpx:TrackPointExtension></extensions>
    </trkpt>
    <trkpt lat="50.3375184" lon="6.9499948">
      <ele>487.3</ele>
      <time>2024-07-15T17:55:19Z</time>
      <extensions><power>213</power><gpxtpx:TrackPointExtension>
        <gpxtpx:atemp>0</gpxtpx:atemp>
        <gpxtpx:hr>140</gpxtpx:hr>
        <gpxtpx:cad>81</gpxtpx:cad>
      </gpxtpx:TrackPointExtension></extensions>
    </trkpt>
    <trkpt lat="50.3375486" lon="6.9499249">
      <ele>487.5</ele>
      <time>2024-07-15T17:55:20Z</time>
      <extensions><power>213</power><gpxtpx:TrackPointExtension>
        <gpxtpx:atemp>0</gpxtpx:atemp>
        <gpxtpx:hr>141</gpxtpx:hr>
        <gpxtpx:cad>81</gpxtpx:cad>
      </gpxtpx:TrackPointExtension></extensions>
    </trkpt>
    <trkpt lat="50.3375773" lon="6.9498483">
      <ele>487.7</ele>
      <time>2024-07-15T17:55:21Z</time>
      <extensions><power>213</power><gpxtpx:TrackPointExtension>
        <gpxtpx:atemp>-1</gpxtpx:atemp>
        <gpxtpx:hr>142</gpxtpx:hr>
        <gpxtpx:cad>81</gpxtpx:cad>
      </gpxtpx:TrackPointExtension></extensions>
    </trkpt>
    <trkpt lat="50.3376048" lon="6.9497652">
      <ele>487.9</ele>
      <time>2024-07-15T17:55:22Z</time>
      <extensions><power>213</power><gpxtpx:TrackPointExtension>
        <gpxtpx:atemp>-1</gpxtpx:atemp>
        <gpxtpx:hr>143</gpxtpx:hr>
        <gpxtpx:cad>80</gpxtpx:cad>
      </gpxtpx:TrackPointExtension></extensions>
    </trkpt>
    <trkpt lat="50.3376308" lon="6.9496760">
      <ele>488.1</ele>
      <time>2024-07-15T17:55:23Z</time>
      <extensions><power>214</power><gpxtpx:TrackPointExtension>
        <gpxtpx:atemp>-1</gpxtpx:atemp>
        <gpxtpx:hr>143</gpxtpx:hr>
        <gpxtpx:cad>80</gpxtpx:cad>
      </gpxtpx:TrackPointExtension></extensions>
    </trkpt>
    <trkpt lat="50.3376555" lon="6.9495808">
      <ele>488.3</ele>
      <time>2024-07-15T17:55:24Z</time>
      <extensions><power>215</power><gpxtpx:TrackPointExtension>
        <gpxtpx:atemp>-1</gpxtpx:atemp>
        <gpxtpx:hr>143</gpxtpx:hr>
        <gpxtpx:cad>80</gpxtpx:cad>
      </gpxtpx:TrackPointExtension></extensions>
    </trkpt>
    <trkpt lat="50.3376787" lon="6.9494799">
      <ele>488.5</ele>
      <time>2024-07-15T17:55:25Z</time>
      <extensions><power>216</power><gpxtpx:TrackPointExtension>
        <gpxtpx:atemp>-2</gpxtpx:atemp>
        <gpxtpx:hr>144</gpxtpx:hr>
        <gpxtpx:cad>80</gpxtpx:cad>
      </gpxtpx:TrackPointExtension></extensions>
    </trkpt>
    <trkpt lat="50.3377006" lon="6.9493736">
      <ele>488.7</ele>
      <time>2024-07-15T17:55:26Z</time>
      <extensions><power>217</power><gpxtpx:TrackPointExtension>
        <gpxtpx:atemp>-2</gpxtpx:atemp>
        <gpxtpx:hr>143</gpxtpx:hr>
        <gpxtpx:cad>79</gpxtpx:cad>
      </gpxtpx:TrackPointExtension></extensions>
    </trkpt>
    <trkpt lat="50.3377209" lon="6.9492621">
      <ele>488.9</ele>
      <time>2024-07-15T17:55:27Z</time>
      <extensions><power>219</power><gpxtpx:TrackPointExtension>
        <gpxtpx:atemp>-2</gpxtpx:atemp>
        <gpxtpx:hr>143</gpxtpx:hr>
        <gpxtpx:cad>79</gpxtpx:cad>
      </gpxtpx:TrackPointExtension></extensions>
    </trkpt>
    <trkpt lat="50.3377399" lon="6.9491458">
      <ele>489.2</ele>
      <time>2024-07-15T17:55:28Z</time>
      <extensions><power>220</power><gpxtpx:TrackPointExtension>
        <gpxtpx:atemp>-2</gpxtpx:atemp>
        <gpxtpx:hr>143</gpxtpx:hr>
        <gpxtpx:cad>79</gpxtpx:cad>
      </gpxtpx:TrackPointExtension></extensions>
    </trkpt>
    <trkpt lat="50.3377573" lon="6.9490250">
      <ele>489.4</ele>
      <time>2024-07-15T17:55:29Z</time>
      <extensions><power>222</power><gpxtpx:TrackPointExtension>
        <gpxtpx:atemp>-2</gpxtpx:atemp>
        <gpxtpx:hr>142</gpxtpx:hr>
        <gpxtpx:cad>79</gpxtpx:cad>
      </gpxtpx:TrackPointExtension></extensions>
    </trkpt>
    <trkpt lat="50.3377733" lon="6.9489000">
      <ele>489.7</ele>
      <time>2024-07-15T17:55:30Z</time>
      <extensions><power>224</power><gpxtpx:TrackPointExtension>
        <gpxtpx:atemp>-3</gpxtpx:atemp>
        <gpxtpx:hr>142</gpxtpx:hr>
        <gpxtpx:cad>79</gpxtpx:cad>
      </gpxtpx:TrackPointExtension></extensions>
    </trkpt>
    <trkpt lat="50.3377878" lon="6.9487712">
      <ele>490.0</ele>
      <time>2024-07-15T17:55:31Z</time>
      <extensions><power>226</power><gpxtpx:TrackPointExtension>
        <gpxtpx:atemp>-3</gpxtpx:atemp>
        <gpxtpx:hr>141</gpxtpx:hr>
        <gpxtpx:cad>78</gpxtpx:cad>
      </gpxtpx:TrackPointExtension></extensions>
    </trkpt>
    <trkpt lat="50.3378008" lon="6.9486389">
      <ele>490.3</ele>
      <time>2024-07-15T17:55:32Z</time>
      <extensions><power>229</power><gpxtpx:TrackPointExtension>
        <gpxtpx:atemp>-3</gpxtpx:atemp>
        <gpxtpx:hr>140</gpxtpx:hr>
        <gpxtpx:cad>78</gpxtpx:cad>
      </gpxtpx:TrackPointExtension></extensions>
    </trkpt>
    <trkpt lat="50.3378123" lon="6.9485034">
      <ele>490.6</ele>
      <time>2024-07-15T17:55:33Z</time>
      <extensions><power>231</power><gpxtpx:TrackPointExtension>
        <gpxtpx:atemp>-3</gpxtpx:atemp>
        <gpxtpx:hr>140</gpxtpx:hr>
        <gpxtpx:cad>78</gpxtpx:cad>
      </gpxtpx:TrackPointExtension></extensions>
    </trkpt>
    <trkpt lat="50.3378223" lon="6.9483652">
      <ele>490.9</ele>
      <time>2024-07-15T17:55:34Z</time>
      <extensions><power>234</power><gpxtpx:TrackPointExtension>
        <gpxtpx:atemp>-4</gpxtpx:atemp>
        <gpxtpx:hr>139</gpxtpx:hr>
        <gpxtpx:cad>78</gpxtpx:cad>
      </gpxtpx:TrackPointExtension></extensions>
    </trkpt>
    <trkpt lat="50.3378308" lon="6.9482247">
      <ele>491.2</ele>
      <time>2024-07-15T17:55:35Z</time>
      <extensions><power>237</power><gpxtpx:TrackPointExtension>
        <gpxtpx:atemp>-4</gpxtpx:atemp>
        <gpxtpx:hr>139</gpxtpx:hr>
        <gpxtpx:cad>77</gpxtpx:cad>
      </gpxtpx:TrackPointExtension></extensions>
    </trkpt>
    <trkpt lat="50.3378377" lon="6.9480822">
      <ele>491.5</ele>
      <time>2024-07-15T17:55:36Z</time>
      <extensions><power>240</power><gpxtpx:TrackPointExtension>
        <gpxtpx:atemp>-4</gpxtpx:atemp>
        <gpxtpx:hr>138</gpxtpx:hr>
        <gpxtpx:cad>77</gpxtpx:cad>
      </gpxtpx:TrackPointExtension></extensions>
    </trkpt>
    <trkpt lat="50.3378431" lon="6.9479380">
      <ele>491.9</ele>
      <time>2024-07-15T17:55:37Z</time>
      <extensions><power>243</power><gpxtpx:TrackPointExtension>
        <gpxtpx:atemp>-4</gpxtpx:atemp>
        <gpxtpx:hr>138</gpxtpx:hr>
        <gpxtpx:cad>77</gpxtpx:cad>
      </gpxtpx:TrackPointExtension></extensions>
    </trkpt>
    <trkpt lat="50.3378469" lon="6.9477927">
      <ele>492.2</ele>
      <time>2024-07-15T17:55:38Z</time>
      <extensions><power>246</power><gpxtpx:TrackPointExtension>
        <gpxtpx:atemp>-5</gpxtpx:atemp>
        <gpxtpx:hr>138</gpxtpx:hr>
        <gpxtpx:cad>77</gpxtpx:cad>
      </gpxtpx:TrackPointExtension></extensions>
    </trkpt>
    <trkpt lat="50.3378492" lon="6.9476465">
      <ele>492.6</ele>
      <time>2024-07-15T17:55:39Z</time>
      <extensions><power>249</power><gpxtpx:TrackPointExtension>
        <gpxtpx:atemp>-5</gpxtpx:atemp>
        <gpxtpx:hr>138</gpxtpx:hr>
        <gpxtpx:cad>77</gpxtpx:cad>
      </gpxtpx:TrackPointExtension></extensions>
    </trkpt>
    <trkpt lat="50.3378500" lon="6.9475000">
      <ele>493.0</ele>
      <time>2024-07-15T17:55:40Z</time>
      <extensions><power>252</power><gpxtpx:TrackPointExtension>
        <gpxtpx:atemp>-5</gpxtpx:atemp>
        <gpxtpx:hr>139</gpxtpx:hr>
        <gpxtpx:cad>76</gpxtpx:cad>
      </gpxtpx:TrackPointExtension></extensions>
    </trkpt>
    <trkpt lat="50.3378492" lon="6.9473535">
      <ele>493.4</ele>
      <time>2024-07-15T17:55:41Z</time>
      <extensions><power>255</power><gpxtpx:TrackPointExtension>
        <gpxtpx:atemp>-5</gpxtpx:atemp>
        <gpxtpx:hr>139</gpxtpx:hr>
        <gpxtpx:cad>76</gpxtpx:cad>
      </gpxtpx:TrackPointExtension></extensions>
    </trkpt>
    <trkpt lat="50.3378469" lon="6.9472073">
      <ele>493.8</ele>
      <time>2024-07-15T17:55:42Z</time>
      <extensions><power>258</power><gpxtpx:TrackPointExtension>
        <gpxtpx:atemp>-5</gpxtpx:atemp>
        <gpxtpx:hr>140</gpxtpx:hr>
        <gpxtpx:cad>76</gpxtpx:cad>
      </gpxtpx:TrackPointExtension></extensions>
    </trkpt>
    <trkpt lat="50.3378431" lon="6.9470620">
      <ele>494.2</ele>
      <time>2024-07-15T17:55:43Z</time>
      <extensions><power>261</power><gpxtpx:TrackPointExtension>
        <gpxtpx:atemp>-6</gpxtpx:atemp>
        <gpxtpx:hr>141</gpxtpx:hr>
        <gpxtpx:cad>76</gpxtpx:cad>
      </gpxtpx:TrackPointExtension></extensions>
    </trkpt>
    <trkpt lat="50.3378377" lon="6.9469178">
      <ele>494.7</ele>
      <time>2024-07-15T17:55:44Z</time>
      <extensions><power>264</power><gpxtpx:TrackPointExtension>
        <gpxtpx:atemp>-6</gpxtpx:atemp>
        <gpxtpx:hr>142</gpxtpx:hr>
        <gpxtpx:cad>76</gpxtpx:cad>
      </gpxtpx:TrackPointExtension></extensions>
    </trkpt>
    <trkpt lat="50.3378308" lon="6.9467753">
      <ele>495.1</ele>
      <time>2024-07-15T17:55:45Z</time>
      <extensions><power>267</power><gpxtpx:TrackPointExtension>
        <gpxtpx:atemp>-6</gpxtpx:atemp>
        <gpxtpx:hr>143</gpxtpx:hr>
        <gpxtpx:cad>75</gpxtpx:cad>
      </gpxtpx:TrackPointExtension></extensions>
    </trkpt>
    <trkpt lat="50.3378223" lon="6.9466348">
      <ele>495.6</ele>
      <time>2024-07-15T17:55:46Z</time>
      <extensions><power>270</power><gpxtpx:TrackPointExtension>
        <gpxtpx:atemp>-6</gpxtpx:atemp>
        <gpxtpx:hr>144</gpxtpx:hr>
        <gpxtpx:cad>75</gpxtpx:cad>
      </gpxtpx:TrackPointExtension></extensions>
    </trkpt>
    <trkpt lat="50.3378123" lon="6.9464966">
      <ele>496.0</ele>
      <time>2024-07-15T17:55:47Z</time>
      <extensions><power>273</power><gpxtpx:TrackPointExtension>
        <gpxtpx:atemp>-7</gpxtpx:atemp>
        <gpxtpx:hr>146</gpxtpx:hr>
        <gpxtpx:cad>75</gpxtpx:cad>
      </gpxtpx:TrackPointExtension></extensions>
    </trkpt>
    <trkpt lat="50.3378008" lon="6.9463611">
      <ele>496.5</ele>
      <time>2024-07-15T17:55:48Z</time>
      <extensions><power>275</power><gpxtpx:TrackPointExtension>
        <gpxtpx:atemp>-7</gpxtpx:atemp>
        <gpxtpx:hr>147</gpxtpx:hr>
        <gpxtpx:cad>75</gpxtpx:cad>
      </gpxtpx:TrackPointExtension></extensions>
    </trkpt>
    <trkpt lat="50.3377878" lon="6.9462288">
      <ele>497.0</ele>
      <time>2024-07-15T17:55:49Z</time>
      <extensions><power>278</power><gpxtpx:TrackPointExtension>
        <gpxtpx:atemp>-7</gpxtpx:atemp>
        <gpxtpx:hr>149</gpxtpx:hr>
        <gpxtpx:cad>75</gpxtpx:cad>
      </gpxtpx:TrackPointExtension></extensions>
    </trkpt>
    <trkpt lat="50.3377733" lon="6.9461000">
      <ele>497.5</ele>
      <time>2024-07-15T17:55:50Z</time>
      <extensions><power>280</power><gpxtpx:TrackPointExtension>
        <gpxtpx:atemp>-7</gpxtpx:atemp>
        <gpxtpx:hr>150</gpxtpx:hr>
        <gpxtpx:cad>75</gpxtpx:cad>
      </gpxtpx:TrackPointExtension></extensions>
    </trkpt>
    <trkpt lat="50.3377573" lon="6.9459750">
      <ele>498.0</ele>
      <time>2024-07-15T17:55:51Z</time>
      <extensions><power>282</power><gpxtpx:TrackPointExtension>
        <gpxtpx:atemp>-8</gpxtpx:atemp>
        <gpxtpx:hr>152</gpxtpx:hr>
        <gpxtpx:cad>75</gpxtpx:cad>
      </gpxtpx:TrackPointExtension></extensions>
    </trkpt>
    <trkpt lat="50.3377399" lon="6.9458542">
      <ele>498.5</ele>
      <time>2024-07-15T17:55:52Z</time>
      <extensions><power>284</power><gpxtpx:TrackPointExtension>
        <gpxtpx:atemp>-8</gpxtpx:atemp>
        <gpxtpx:hr>153</gpxtpx:hr>
        <gpxtpx:cad>74</gpxtpx:cad>
      </gpxtpx:TrackPointExtension></extensions>
    </trkpt>
    <trkpt lat="50.3377209" lon="6.9457379">
      <ele>499.0</ele>
      <time>2024-07-15T17:55:53Z</time>
      <extensions><power>285</power><gpxtpx:TrackPointExtension>
        <gpxtpx:atemp>-8</gpxtpx:atemp>
        <gpxtpx:hr>155</gpxtpx:hr>
        <gpxtpx:cad>74</gpxtpx:cad>
      </gpxtpx:TrackPointExtension></extensions>
    </trkpt>
    <trkpt lat="50.3377006" lon="6.9456264">
      <ele>499.5</ele>
      <time>2024-07-15T17:55:54Z</time>
      <extensions><power>287</power><gpxtpx:TrackPointExtension>
        <gpxtpx:atemp>-8</gpxtpx:atemp>
        <gpxtpx:hr>156</gpxtpx:hr>
        <gpxtpx:cad>74</gpxtpx:cad>
      </gpxtpx:TrackPointExtension></extensions>
    </trkpt>
    <trkpt lat="50.3376787" lon="6.9455201">
      <ele>500.0</ele>
      <time>2024-07-15T17:55:55Z</time>
      <extensions><power>288</power><gpxtpx:TrackPointExtension>
        <gpxtpx:atemp>-8</gpxtpx:atemp>
        <gpxtpx:hr>157</gpxtpx:hr>
        <gpxtpx:cad>74</gpxtpx:cad>
      </gpxtpx:TrackPointExtension></extensions>
    </trkpt>
    <trkpt lat="50.3376555" lon="6.9454192">
      <ele>500.5</ele>
      <time>2024-07-15T17:55:56Z</time>
      <extensions><power>289</power><gpxtpx:TrackPointExtension>
        <gpxtpx:atemp>-9</gpxtpx:atemp>
        <gpxtpx:hr>157</gpxtpx:hr>
        <gpxtpx:cad>74</gpxtpx:cad>
      </gpxtpx:TrackPointExtension></extensions>
    </trkpt>
    <trkpt lat="50.3376308" lon="6.9453240">
      <ele>501.0</ele>
      <time>2024-07-15T17:55:57Z</time>
      <extensions><power>290</power><gpxtpx:TrackPointExtension>
        <gpxtpx:atemp>-9</gpxtpx:atemp>
        <gpxtpx:hr>158</gpxtpx:hr>
        <gpxtpx:cad>74</gpxtpx:cad>
      </gpxtpx:TrackPointExtension></extensions>
    </trkpt>
    <trkpt lat="50.3376048" lon="6.9452348">
      <ele>501.5</ele>
      <time>2024-07-15T17:55:58Z</time>
      <extensions><power>291</power><gpxtpx:TrackPointExtension>
        <gpxtpx:atemp>-9</gpxtpx:atemp>
        <gpxtpx:hr>158</gpxtpx:hr>
        <gpxtpx:cad>74</gpxtpx:cad>
      </gpxtpx:TrackPointExtension></extensions>
    </trkpt>
    <trkpt lat="50.3375773" lon="6.9451517">
      <ele>502.0</ele>
      <time>2024-07-15T17:55:59Z</time>
      <extensions><power>291</power><gpxtpx:TrackPointExtension>
        <gpxtpx:atemp>-9</gpxtpx:atemp>
        <gpxtpx:hr>158</gpxtpx:hr>
        <gpxtpx:cad>73</gpxtpx:cad>
      </gpxtpx:TrackPointExtension></extensions>
    </trkpt>
    <trkpt lat="50.3375486" lon="6.9450751">
      <ele>502.5</ele>
      <time>2024-07-15T17:56:00Z</time>
      <extensions><power>291</power><gpxtpx:TrackPointExtension>
        <gpxtpx:atemp>-9</gpxtpx:atemp>
        <gpxtpx:hr>158</gpxtpx:hr>
        <gpxtpx:cad>73</gpxtpx:cad>
      </gpxtpx:TrackPointExtension></extensions>
    </trkpt>
    <trkpt lat="50.3375184" lon="6.9450052">
      <ele>503.0</ele>
      <time>2024-07-15T17:56:01Z</time>
      <extensions><power>291</power><gpxtpx:TrackPointExtension>
        <gpxtpx:atemp>-10</gpxtpx:atemp>
        <gpxtpx:hr>158</gpxtpx:hr>
        <gpxtpx:cad>73</gpxtpx:cad>
      </gpxtpx:TrackPointExtension></extensions>
    </trkpt>
    <trkpt lat="50.3374870" lon="6.9449421">
      <ele>503.5</ele>
      <time>2024-07-15T17:56:02Z</time>
      <extensions><power>291</power><gpxtpx:TrackPointExtension>
        <gpxtpx:atemp>-10</gpxtpx:atemp>
        <gpxtpx:hr>158</gpxtpx:hr>
        <gpxtpx:cad>73</gpxtpx:cad>
      </gpxtpx:TrackPointExtension></extensions>
    </trkpt>
    <trkpt lat="50.3374543" lon="6.9448860">
      <ele>504.0</ele>
      <time>2024-07-15T17:56:03Z</time>
      <extensions><power>291</power><gpxtpx:TrackPointExtension>
        <gpxtpx:atemp>-10</gpxtpx:atemp>
        <gpxtpx:hr>157</gpxtpx:hr>
        <gpxtpx:cad>73</gpxtpx:cad>
      </gpxtpx:TrackPointExtension></extensions>
    </trkpt>
    <trkpt lat="50.3374203" lon="6.9448370">
      <ele>504.4</ele>
      <time>2024-07-15T17:56:04Z</time>
      <extensions><power>290</power><gpxtpx:TrackPointExtension>
        <gpxtpx:atemp>-10</gpxtpx:atemp>
        <gpxtpx:hr>156</gpxtpx:hr>
        <gpxtpx:cad>73</gpxtpx:cad>
      </gpxtpx:TrackPointExtension></extensions>
    </trkpt>
    <trkpt lat="50.3373850" lon="6.9447954">
      <ele>504.9</ele>
      <time>2024-07-15T17:56:05Z</time>
      <extensions><power>290</power><gpxtpx:TrackPointExtension>
        <gpxtpx:atemp>-10</gpxtpx:atemp>
        <gpxtpx:hr>156</gpxtpx:hr>
        <gpxtpx:cad>73</gpxtpx:cad>
      </gpxtpx:TrackPointExtension></extensions>
    </trkpt>
    <trkpt lat="50.3373486" lon="6.9447612">
      <ele>505.3</ele>
      <time>2024-07-15T17:56:06Z</time>
      <extensions><power>289</power><gpxtpx:TrackPointExtension>
        <gpxtpx:atemp>-11</gpxtpx:atemp>
        <gpxtpx:hr>155</gpxtpx:hr>
        <gpxtpx:cad>73</gpxtpx:cad>
      </gpxtpx:TrackPointExtension></extensions>
    </trkpt>
    <trkpt lat="50.3373109" lon="6.9447345">
      <ele>505.8</ele>
      <time>2024-07-15T17:56:07Z</time>
      <extensions><power>288</power><gpxtpx:TrackPointExtension>
        <gpxtpx:atemp>-11</gpxtpx:atemp>
        <gpxtpx:hr>154</gpxtpx:hr>
        <gpxtpx:cad>73</gpxtpx:cad>
      </gpxtpx:TrackPointExtension></extensions>
    </trkpt>
    <trkpt lat="50.3372721" lon="6.9447153">
      <ele>506.2</ele>
      <time>2024-07-15T17:56:08Z</time>
      <extensions><power>288</power><gpxtpx:TrackPointExtension>
        <gpxtpx:atemp>-11</gpxtpx:atemp>
        <gpxtpx:hr>153</gpxtpx:hr>
        <gpxtpx:cad>73</gpxtpx:cad>
      </gpxtpx:TrackPointExtension></extensions>
    </trkpt>
    <trkpt lat="50.3372321" lon="6.9447038">
      <ele>506.6</ele>
      <time>2024-07-15T17:56:09Z</time>
      <extensions><power>287</power><gpxtpx:TrackPointExtension>
        <gpxtpx:atemp>-11</gpxtpx:atemp>
        <gpxtpx:hr>153</gpxtpx:hr>
        <gpxtpx:cad>73</gpxtpx:cad>
      </gpxtpx:TrackPointExtension></extensions>
    </trkpt>
    <trkpt lat="50.3371910" lon="6.9447000">
      <ele>507.0</ele>
      <time>2024-07-15T17:56:10Z</time>
      <extensions><power>286</power><gpxtpx:TrackPointExtension>
        <gpxtpx:atemp>-11</gpxtpx:atemp>
        <gpxtpx:hr>152</gpxtpx:hr>
        <gpxtpx:cad>73</gpxtpx:cad>
      </gpxtpx:TrackPointExtension></extensions>
    </trkpt>
    <trkpt lat="50.3371488" lon="6.9447038">
      <ele>507.4</ele>
      <time>2024-07-15T17:56:11Z</time>
      <extensions><power>285</power><gpxtpx:TrackPointExtension>
        <gpxtpx:atemp>-12</gpxtpx:atemp>
        <gpxtpx:hr>152</gpxtpx:hr>
        <gpxtpx:cad>73</gpxtpx:cad>
      </gpxtpx:TrackPointExtension></extensions>
    </trkpt>
    <trkpt lat="50.3371055" lon="6.9447153">
      <ele>507.8</ele>
      <time>2024-07-15T17:56:12Z</time>
      <extensions><power>284</power><gpxtpx:TrackPointExtension>
        <gpxtpx:atemp>-12</gpxtpx:atemp>
        <gpxtpx:hr>152</gpxtpx:hr>
        <gpxtpx:cad>73</gpxtpx:cad>
      </gpxtpx:TrackPointExtension></extensions>
    </trkpt>
    <trkpt lat="50.3370613" lon="6.9447345">
      <ele>508.1</ele>
      <time>2024-07-15T17:56:13Z</time>
      <extensions><power>283</power><gpxtpx:TrackPointExtension>
        <gpxtpx:atemp>-12</gpxtpx:atemp>
        <gpxtpx:hr>152</gpxtpx:hr>
        <gpxtpx:cad>73</gpxtpx:cad>
      </gpxtpx:TrackPointExtension></extensions>
    </trkpt>
    <trkpt lat="50.3370160" lon="6.9447612">
      <ele>508.4</ele>
      <time>2024-07-15T17:56:14Z</time>
      <extensions><power>282</power><gpxtpx:TrackPointExtension>
        <gpxtpx:atemp>-12</gpxtpx:atemp>
        <gpxtpx:hr>152</gpxtpx:hr>
        <gpxtpx:cad>73</gpxtpx:cad>
      </gpxtpx:TrackPointExtension></extensions>
    </trkpt>
    <trkpt lat="50.3369697" lon="6.9447954">
      <ele>508.7</ele>
      <time>2024-07-15T17:56:15Z</time>
      <extensions><power>281</power><gpxtpx:TrackPointExtension>
        <gpxtpx:atemp>-12</gpxtpx:atemp>
        <gpxtpx:hr>152</gpxtpx:hr>
        <gpxtpx:cad>73</gpxtpx:cad>
      </gpxtpx:TrackPointExtension></extensions>
    </trkpt>
    <trkpt lat="50.3369225" lon="6.9448370">
      <ele>509.0</ele>
      <time>2024-07-15T17:56:16Z</time>
      <extensions><power>280</power><gpxtpx:TrackPointExtension>
        <gpxtpx:atemp>-12</gpxtpx:atemp>
        <gpxtpx:hr>153</gpxtpx:hr>
        <gpxtpx:cad>73</gpxtpx:cad>
      </gpxtpx:TrackPointExtension></extensions>
    </trkpt>
    <trkpt lat="50.3368744" lon="6.9448860">
      <ele>509.3</ele>
      <time>2024-07-15T17:56:17Z</time>
      <extensions><power>279</power><gpxtpx:TrackPointExtension>
        <gpxtpx:atemp>-12</gpxtpx:atemp>
        <gpxtpx:hr>153</gpxtpx:hr>
        <gpxtpx:cad>73</gpxtpx:cad>
      </gpxtpx:TrackPointExtension></extensions>
    </trkpt>
    <trkpt lat="50.3368254" lon="6.9449421">
      <ele>509.6</ele>
      <time>2024-07-15T17:56:18Z</time>
      <extensions><power>278</power><gpxtpx:TrackPointExtension>
        <gpxtpx:atemp>-13</gpxtpx:atemp>
        <gpxtpx:hr>154</gpxtpx:hr>
        <gpxtpx:cad>73</gpxtpx:cad>
      </gpxtpx:TrackPointExtension></extensions>
    </trkpt>
    <trkpt lat="50.3367756" lon="6.9450052">
      <ele>509.8</ele>
      <time>2024-07-15T17:56:19Z</time>
      <extensions><power>278</power><gpxtpx:TrackPointExtension>
        <gpxtpx:atemp>-13</gpxtpx:atemp>
        <gpxtpx:hr>155</gpxtpx:hr>
        <gpxtpx:cad>73</gpxtpx:cad>
      </gpxtpx:TrackPointExtension></extensions>
    </trkpt>
    <trkpt lat="50.3367250" lon="6.9450751">
      <ele>510.0</ele>
      <time>2024-07-15T17:56:20Z</time>
      <extensions><power>278</power><gpxtpx:TrackPointExtension>
        <gpxtpx:atemp>-13</gpxtpx:atemp>
        <gpxtpx:hr>156</gpxtpx:hr>
        <gpxtpx:cad>73</gpxtpx:cad>
      </gpxtpx:TrackPointExtension></extensions>
    </trkpt>
    <trkpt lat="50.3366736" lon="6.9451517">
      <ele>510.2</ele>
      <time>2024-07-15T17:56:21Z</time>
      <extensions><power>277</power><gpxtpx:TrackPointExtension>
        <gpxtpx:atemp>-13</gpxtpx:atemp>
        <gpxtpx:hr>157</gpxtpx:hr>
        <gpxtpx:cad>73</gpxtpx:cad>
      </gpxtpx:TrackPointExtension></extensions>
    </trkpt>
    <trkpt lat="50.3366215" lon="6.9452348">
      <ele>510.3</ele>
      <time>2024-07-15T17:56:22Z</time>
      <extensions><power>277</power><gpxtpx:TrackPointExtension>
        <gpxtpx:atemp>-13</gpxtpx:atemp>
        <gpxtpx:hr>159</gpxtpx:hr>
        <gpxtpx:cad>73</gpxtpx:cad>
      </gpxtpx:TrackPointExtension></extensions>
    </trkpt>
    <trkpt lat="50.3365686" lon="6.9453240">
      <ele>510.5</ele>
      <time>2024-07-15T17:56:23Z</time>
      <extensions><power>277</power><gpxtpx:TrackPointExtension>
        <gpxtpx:atemp>-13</gpxtpx:atemp>
        <gpxtpx:hr>160</gpxtpx:hr>
        <gpxtpx:cad>73</gpxtpx:cad>
      </gpxtpx:TrackPointExtension></extensions>
    </trkpt>
    <trkpt lat="50.3365152" lon="6.9454192">
      <ele>510.6</ele>
      <time>2024-07-15T17:56:24Z</time>
      <extensions><power>277</power><gpxtpx:TrackPointExtension>
        <gpxtpx:atemp>-13</gpxtpx:atemp>
        <gpxtpx:hr>161</gpxtpx:hr>
        <gpxtpx:cad>73</gpxtpx:cad>
      </gpxtpx:TrackPointExtension></extensions>
    </trkpt>
    <trkpt lat="50.3364610" lon="6.9455201">
      <ele>510.7</ele>
      <time>2024-07-15T17:56:25Z</time>
      <extensions><power>278</power><gpxtpx:TrackPointExtension>
        <gpxtpx:atemp>-13</gpxtpx:atemp>
        <gpxtpx:hr>163</gpxtpx:hr>
        <gpxtpx:cad>73</gpxtpx:cad>
      </gpxtpx:TrackPointExtension></extensions>
    </trkpt>
    <trkpt lat="50.3364063" lon="6.9456264">
      <ele>510.8</ele>
      <time>2024-07-15T17:56:26Z</time>
      <extensions><power>278</power><gpxtpx:TrackPointExtension>
        <gpxtpx:atemp>-13</gpxtpx:atemp>
        <gpxtpx:hr>164</gpxtpx:hr>
        <gpxtpx:cad>73</gpxtpx:cad>
      </gpxtpx:TrackPointExtension></extensions>
    </trkpt>
    <trkpt lat="50.3363511" lon="6.9457379">
      <ele>510.8</ele>
      <time>2024-07-15T17:56:27Z</time>
      <extensions><power>279</power><gpxtpx:TrackPointExtension>
        <gpxtpx:atemp>-13</gpxtpx:atemp>
        <gpxtpx:hr>165</gpxtpx:hr>
        <gpxtpx:cad>73</gpxtpx:cad>
      </gpxtpx:TrackPointExtension></extensions>
    </trkpt>
    <trkpt lat="50.3362953" lon="6.9458542">
      <ele>510.9</ele>
      <time>2024-07-15T17:56:28Z</time>
      <extensions><power>280</power><gpxtpx:TrackPointExtension>
        <gpxtpx:atemp>-14</gpxtpx:atemp>
        <gpxtpx:hr>166</gpxtpx:hr>
        <gpxtpx:cad>73</gpxtpx:cad>
      </gpxtpx:TrackPointExtension></extensions>
    </trkpt>
    <trkpt lat="50.3362390" lon="6.9459750">
      <ele>510.9</ele>
      <time>2024-07-15T17:56:29Z</time>
      <extensions><power>281</power><gpxtpx:TrackPointExtension>
        <gpxtpx:atemp>-14</gpxtpx:atemp>
        <gpxtpx:hr>166</gpxtpx:hr>
        <gpxtpx:cad>73</gpxtpx:cad>
      </gpxtpx:TrackPointExtension></extensions>
    </trkpt>
    <trkpt lat="50.3361823" lon="6.9461000">
      <ele>510.9</ele>
      <time>2024-07-15T17:56:30Z</time>
      <extensions><power>282</power><gpxtpx:TrackPointExtension>
        <gpxtpx:atemp>-14</gpxtpx:atemp>
        <gpxtpx:hr>167</gpxtpx:hr>
        <gpxtpx:cad>73</gpxtpx:cad>
      </gpxtpx:TrackPointExtension></extensions>
    </trkpt>
    <trkpt lat="50.3361253" lon="6.9462288">
      <ele>510.9</ele>
      <time>2024-07-15T17:56:31Z</time>
      <extensions><power>284</power><gpxtpx:TrackPointExtension>
        <gpxtpx:atemp>-14</gpxtpx:atemp>
        <gpxtpx:hr>167</gpxtpx:hr>
        <gpxtpx:cad>73</gpxtpx:cad>
      </gpxtpx:TrackPointExtension></extensions>
    </trkpt>
    <trkpt lat="50.3360678" lon="6.9463611">
      <ele>510.8</ele>
      <time>2024-07-15T17:56:32Z</time>
      <extensions><power>285</power><gpxtpx:TrackPointExtension>
        <gpxtpx:atemp>-14</gpxtpx:atemp>
        <gpxtpx:hr>167</gpxtpx:hr>
        <gpxtpx:cad>73</gpxtpx:cad>
      </gpxtpx:TrackPointExtension></extensions>
    </trkpt>
    <trkpt lat="50.3360100" lon="6.9464966">
      <ele>510.8</ele>
      <time>2024-07-15T17:56:33Z</time>
      <extensions><power>287</power><gpxtpx:TrackPointExtension>
        <gpxtpx:atemp>-14</gpxtpx:atemp>
        <gpxtpx:hr>167</gpxtpx:hr>
        <gpxtpx:cad>73</gpxtpx:cad>
      </gpxtpx:TrackPointExtension></extensions>
    </trkpt>
    <trkpt lat="50.3359520" lon="6.9466348">
      <ele>510.7</ele>
      <time>2024-07-15T17:56:34Z</time>
      <extensions><power>288</power><gpxtpx:TrackPointExtension>
        <gpxtpx:atemp>-14</gpxtpx:atemp>
        <gpxtpx:hr>167</gpxtpx:hr>
        <gpxtpx:cad>73</gpxtpx:cad>
      </gpxtpx:TrackPointExtension></extensions>
    </trkpt>
    <trkpt lat="50.3358937" lon="6.9467753">
      <ele>510.6</ele>
      <time>2024-07-15T17:56:35Z</time>
      <extensions><power>290</power><gpxtpx:TrackPointExtension>
        <gpxtpx:atemp>-14</gpxtpx:atemp>
        <gpxtpx:hr>166</gpxtpx:hr>
        <gpxtpx:cad>73</gpxtpx:cad>
      </gpxtpx:TrackPointExtension></extensions>
    </trkpt>
    <trkpt lat="50.3358352" lon="6.9469178">
      <ele>510.5</ele>
      <time>2024-07-15T17:56:36Z</time>
      <extensions><power>292</power><gpxtpx:TrackPointExtension>
        <gpxtpx:atemp>-14</gpxtpx:atemp>
        <gpxtpx:hr>165</gpxtpx:hr>
        <gpxtpx:cad>74</gpxtpx:cad>
      </gpxtpx:TrackPointExtension></extensions>
    </trkpt>
    <trkpt lat="50.3357765" lon="6.9470620">
      <ele>510.4</ele>
      <time>2024-07-15T17:56:37Z</time>
      <extensions><power>294</power><gpxtpx:TrackPointExtension>
        <gpxtpx:atemp>-14</gpxtpx:atemp>
        <gpxtpx:hr>165</gpxtpx:hr>
        <gpxtpx:cad>74</gpxtpx:cad>
      </gpxtpx:TrackPointExtension></extensions>
    </trkpt>
    <trkpt lat="50.3357178" lon="6.9472073">
      <ele>510.3</ele>
      <time>2024-07-15T17:56:38Z</time>
      <extensions><power>296</power><gpxtpx:TrackPointExtension>
        <gpxtpx:atemp>-14</gpxtpx:atemp>
        <gpxtpx:hr>164</gpxtpx:hr>
        <gpxtpx:cad>74</gpxtpx:cad>
      </gpxtpx:TrackPointExtension></extensions>
    </trkpt>
    <trkpt lat="50.3356589" lon="6.9473535">
      <ele>510.2</ele>
      <time>2024-07-15T17:56:39Z</time>
      <extensions><power>298</power><gpxtpx:TrackPointExtension>
        <gpxtpx:atemp>-14</gpxtpx:atemp>
        <gpxtpx:hr>163</gpxtpx:hr>
        <gpxtpx:cad>74</gpxtpx:cad>
      </gpxtpx:TrackPointExtension></extensions>
    </trkpt>
    <trkpt lat="50.3356000" lon="6.9475000">
      <ele>510.0</ele>
      <time>2024-07-15T17:56:40Z</time>
      <extensions><power>300</power><gpxtpx:TrackPointExtension>
        <gpxtpx:atemp>-14</gpxtpx:atemp>
        <gpxtpx:hr>162</gpxtpx:hr>
        <gpxtpx:cad>74</gpxtpx:cad>
      </gpxtpx:TrackPointExtension></extensions>
    </trkpt>
    <trkpt lat="50.3355411" lon="6.9476465">
      <ele>509.8</ele>
      <time>2024-07-15T17:56:41Z</time>
      <extensions><power>301</power><gpxtpx:TrackPointExtension>
        <gpxtpx:atemp>-14</gpxtpx:atemp>
        <gpxtpx:hr>160</gpxtpx:hr>
        <gpxtpx:cad>74</gpxtpx:cad>
      </gpxtpx:TrackPointExtension></extensions>
    </trkpt>
    <trkpt lat="50.3354822" lon="6.9477927">
      <ele>509.7</ele>
      <time>2024-07-15T17:56:42Z</time>
      <extensions><power>303</power><gpxtpx:TrackPointExtension>
        <gpxtpx:atemp>-14</gpxtpx:atemp>
        <gpxtpx:hr>159</gpxtpx:hr>
        <gpxtpx:cad>74</gpxtpx:cad>
      </gpxtpx:TrackPointExtension></extensions>
    </trkpt>
    <trkpt lat="50.3354235" lon="6.9479380">
      <ele>509.5</ele>
      <time>2024-07-15T17:56:43Z</time>
      <extensions><power>305</power><gpxtpx:TrackPointExtension>
        <gpxtpx:atemp>-14</gpxtpx:atemp>
        <gpxtpx:hr>158</gpxtpx:hr>
        <gpxtpx:cad>74</gpxtpx:cad>
      </gpxtpx:TrackPointExtension></extensions>
    </trkpt>
    <trkpt lat="50.3353648" lon="6.9480822">
      <ele>509.3</ele>
      <time>2024-07-15T17:56:44Z</time>
      <extensions><power>307</power><gpxtpx:TrackPointExtension>
        <gpxtpx:atemp>-14</gpxtpx:atemp>
        <gpxtpx:hr>157</gpxtpx:hr>
        <gpxtpx:cad>75</gpxtpx:cad>
      </gpxtpx:TrackPointExtension></extensions>
    </trkpt>
    <trkpt lat="50.3353063" lon="6.9482247">
      <ele>509.1</ele>
      <time>2024-07-15T17:56:45Z</time>
      <extensions><power>308</power><gpxtpx:TrackPointExtension>
        <gpxtpx:atemp>-14</gpxtpx:atemp>
        <gpxtpx:hr>157</gpxtpx:hr>
        <gpxtpx:cad>75</gpxtpx:cad>
      </gpxtpx:TrackPointExtension></extensions>
    </trkpt>
    <trkpt lat="50.3352480" lon="6.9483652">
      <ele>508.9</ele>
      <time>2024-07-15T17:56:46Z</time>
      <extensions><power>309</power><gpxtpx:TrackPointExtension>
        <gpxtpx:atemp>-14</gpxtpx:atemp>
        <gpxtpx:hr>156</gpxtpx:hr>
        <gpxtpx:cad>75</gpxtpx:cad>
      </gpxtpx:TrackPointExtension></extensions>
    </trkpt>
    <trkpt lat="50.3351900" lon="6.9485034">
      <ele>508.7</ele>
      <time>2024-07-15T17:56:47Z</time>
      <extensions><power>311</power><gpxtpx:TrackPointExtension>
        <gpxtpx:atemp>-14</gpxtpx:atemp>
        <gpxtpx:hr>155</gpxtpx:hr>
        <gpxtpx:cad>75</gpxtpx:cad>
      </gpxtpx:TrackPointExtension></extensions>
    </trkpt>
    <trkpt lat="50.3351322" lon="6.9486389">
      <ele>508.5</ele>
      <time>2024-07-15T17:56:48Z</time>
      <extensions><power>312</power><gpxtpx:TrackPointExtension>
        <gpxtpx:atemp>-14</gpxtpx:atemp>
        <gpxtpx:hr>155</gpxtpx:hr>
        <gpxtpx:cad>75</gpxtpx:cad>
      </gpxtpx:TrackPointExtension></extensions>
    </trkpt>
    <trkpt lat="50.3350747" lon="6.9487712">
      <ele>508.3</ele>
      <time>2024-07-15T17:56:49Z</time>
      <extensions><power>313</power><gpxtpx:TrackPointExtension>
        <gpxtpx:atemp>-14</gpxtpx:atemp>
        <gpxtpx:hr>155</gpxtpx:hr>
        <gpxtpx:cad>75</gpxtpx:cad>
      </gpxtpx:TrackPointExtension></extensions>
    </trkpt>
    <trkpt lat="50.3350177" lon="6.9489000">
      <ele>508.1</ele>
      <time>2024-07-15T17:56:50Z</time>
      <extensions><power>313</power><gpxtpx:TrackPointExtension>
        <gpxtpx:atemp>-14</gpxtpx:atemp>
        <gpxtpx:hr>155</gpxtpx:hr>
        <gpxtpx:cad>76</gpxtpx:cad>
      </gpxtpx:TrackPointExtension></extensions>
    </trkpt>
    <trkpt lat="50.3349610" lon="6.9490250">
      <ele>507.9</ele>
      <time>2024-07-15T17:56:51Z</time>
      <extensions><power>314</power><gpxtpx:TrackPointExtension>
        <gpxtpx:atemp>-14</gpxtpx:atemp>
        <gpxtpx:hr>155</gpxtpx:hr>
        <gpxtpx:cad>76</gpxtpx:cad>
      </gpxtpx:TrackPointExtension></extensions>
    </trkpt>
    <trkpt lat="50.3349047" lon="6.9491458">
      <ele>507.6</ele>
      <time>2024-07-15T17:56:52Z</time>
      <extensions><power>314</power><gpxtpx:TrackPointExtension>
        <gpxtpx:atemp>-14</gpxtpx:atemp>
        <gpxtpx:hr>156</gpxtpx:hr>
        <gpxtpx:cad>76</gpxtpx:cad>
      </gpxtpx:TrackPointExtension></extensions>
    </trkpt>
    <trkpt lat="50.3348489" lon="6.9492621">
      <ele>507.4</ele>
      <time>2024-07-15T17:56:53Z</time>
      <extensions><power>314</power><gpxtpx:TrackPointExtension>
        <gpxtpx:atemp>-13</gpxtpx:atemp>
        <gpxtpx:hr>156</gpxtpx:hr>
        <gpxtpx:cad>76</gpxtpx:cad>
      </gpxtpx:TrackPointExtension></extensions>
    </trkpt>
    <trkpt lat="50.3347937" lon="6.9493736">
      <ele>507.2</ele>
      <time>2024-07-15T17:56:54Z</time>
      <extensions><power>314</power><gpxtpx:TrackPointExtension>
        <gpxtpx:atemp>-13</gpxtpx:atemp>
        <gpxtpx:hr>157</gpxtpx:hr>
        <gpxtpx:cad>76</gpxtpx:cad>
      </gpxtpx:TrackPointExtension></extensions>
    </trkpt>
    <trkpt lat="50.3347390" lon="6.9494799">
      <ele>507.0</ele>
      <time>2024-07-15T17:56:55Z</time>
      <extensions><power>314</power><gpxtpx:TrackPointExtension>
        <gpxtpx:atemp>-13</gpxtpx:atemp>
        <gpxtpx:hr>158</gpxtpx:hr>
        <gpxtpx:cad>77</gpxtpx:cad>
      </gpxtpx:TrackPointExtension></extensions>
    </trkpt>
    <trkpt lat="50.3346848" lon="6.9495808">
      <ele>506.8</ele>
      <time>2024-07-15T17:56:56Z</time>
      <extensions><power>313</power><gpxtpx:TrackPointExtension>
        <gpxtpx:atemp>-13</gpxtpx:atemp>
        <gpxtpx:hr>159</gpxtpx:hr>
        <gpxtpx:cad>77</gpxtpx:cad>
      </gpxtpx:TrackPointExtension></extensions>
    </trkpt>
    <trkpt lat="50.3346314" lon="6.9496760">
      <ele>506.6</ele>
      <time>2024-07-15T17:56:57Z</time>
      <extensions><power>312</power><gpxtpx:TrackPointExtension>
        <gpxtpx:atemp>-13</gpxtpx:atemp>
        <gpxtpx:hr>160</gpxtpx:hr>
        <gpxtpx:cad>77</gpxtpx:cad>
      </gpxtpx:TrackPointExtension></extensions>
    </trkpt>
    <trkpt lat="50.3345785" lon="6.9497652">
      <ele>506.4</ele>
      <time>2024-07-15T17:56:58Z</time>
      <extensions><power>311</power><gpxtpx:TrackPointExtension>
        <gpxtpx:atemp>-13</gpxtpx:atemp>
        <gpxtpx:hr>161</gpxtpx:hr>
        <gpxtpx:cad>77</gpxtpx:cad>
      </gpxtpx:TrackPointExtension></extensions>
    </trkpt>
    <trkpt lat="50.3345264" lon="6.9498483">
      <ele>506.2</ele>
      <time>2024-07-15T17:56:59Z</time>
      <extensions><power>310</power><gpxtpx:TrackPointExtension>
        <gpxtpx:atemp>-13</gpxtpx:atemp>
        <gpxtpx:hr>161</gpxtpx:hr>
        <gpxtpx:cad>77</gpxtpx:cad>
      </gpxtpx:TrackPointExtension></extensions>
    </trkpt>
    <trkpt lat="50.3344750" lon="6.9499249">
      <ele>506.0</ele>
      <time>2024-07-15T17:57:00Z</time>
      <extensions><power>309</power><gpxtpx:TrackPointExtension>
        <gpxtpx:atemp>-13</gpxtpx:atemp>
        <gpxtpx:hr>162</gpxtpx:hr>
        <gpxtpx:cad>78</gpxtpx:cad>
      </gpxtpx:TrackPointExtension></extensions>
    </trkpt>
    <trkpt lat="50.3344244" lon="6.9499948">
      <ele>505.8</ele>
      <time>2024-07-15T17:57:01Z</time>
      <extensions><power>307</power><gpxtpx:TrackPointExtension>
        <gpxtpx:atemp>-13</gpxtpx:atemp>
        <gpxtpx:hr>163</gpxtpx:hr>
        <gpxtpx:cad>78</gpxtpx:cad>
      </gpxtpx:TrackPointExtension></extensions>
    </trkpt>
    <trkpt lat="50.3343746" lon="6.9500579">
      <ele>505.6</ele>
      <time>2024-07-15T17:57:02Z</time>
      <extensions><power>305</power><gpxtpx:TrackPointExtension>
        <gpxtpx:atemp>-13</gpxtpx:atemp>
        <gpxtpx:hr>163</gpxtpx:hr>
        <gpxtpx:cad>78</gpxtpx:cad>
      </gpxtpx:TrackPointExtension></extensions>
    </trkpt>
    <trkpt lat="50.3343256" lon="6.9501140">
      <ele>505.4</ele>
      <time>2024-07-15T17:57:03Z</time>
      <extensions><power>303</power><gpxtpx:TrackPointExtension>
        <gpxtpx:atemp>-12</gpxtpx:atemp>
        <gpxtpx:hr>164</gpxtpx:hr>
        <gpxtpx:cad>78</gpxtpx:cad>
      </gpxtpx:TrackPointExtension></extensions>
    </trkpt>
    <trkpt lat="50.3342775" lon="6.9501630">
      <ele>505.2</ele>
      <time>2024-07-15T17:57:04Z</time>
      <extensions><power>301</power><gpxtpx:TrackPointExtension>
        <gpxtpx:atemp>-12</gpxtpx:atemp>
        <gpxtpx:hr>164</gpxtpx:hr>
        <gpxtpx:cad>78</gpxtpx:cad>
      </gpxtpx:TrackPointExtension></extensions>
    </trkpt>
    <trkpt lat="50.3342303" lon="6.9502046">
      <ele>505.1</ele>
      <time>2024-07-15T17:57:05Z</time>
      <extensions><power>299</power><gpxtpx:TrackPointExtension>
        <gpxtpx:atemp>-12</gpxtpx:atemp>
        <gpxtpx:hr>164</gpxtpx:hr>
        <gpxtpx:cad>79</gpxtpx:cad>
      </gpxtpx:TrackPointExtension></extensions>
    </trkpt>
    <trkpt lat="50.3341840" lon="6.9502388">
      <ele>504.9</ele>
      <time>2024-07-15T17:57:06Z</time>
      <extensions><power>296</power><gpxtpx:TrackPointExtension>
        <gpxtpx:atemp>-12</gpxtpx:atemp>
        <gpxtpx:hr>164</gpxtpx:hr>
        <gpxtpx:cad>79</gpxtpx:cad>
      </gpxtpx:TrackPointExtension></extensions>
    </trkpt>
    <trkpt lat="50.3341387" lon="6.9502655">
      <ele>504.7</ele>
      <time>2024-07-15T17:57:07Z</time>
      <extensions><power>294</power><gpxtpx:TrackPointExtension>
        <gpxtpx:atemp>-12</gpxtpx:atemp>
        <gpxtpx:hr>163</gpxtpx:hr>
        <gpxtpx:cad>79</gpxtpx:cad>
      </gpxtpx:TrackPointExtension></extensions>
    </trkpt>
    <trkpt lat="50.3340945" lon="6.9502847">
      <ele>504.5</ele>
      <time>2024-07-15T17:57:08Z</time>
      <extensions><power>291</power><gpxtpx:TrackPointExtension>
        <gpxtpx:atemp>-12</gpxtpx:atemp>
        <gpxtpx:hr>163</gpxtpx:hr>
        <gpxtpx:cad>79</gpxtpx:cad>
      </gpxtpx:TrackPointExtension></extensions>
    </trkpt>
    <trkpt lat="50.3340512" lon="6.9502962">
      <ele>504.4</ele>
      <time>2024-07-15T17:57:09Z</time>
      <extensions><power>288</power><gpxtpx:TrackPointExtension>
        <gpxtpx:atemp>-12</gpxtpx:atemp>
        <gpxtpx:hr>162</gpxtpx:hr>
        <gpxtpx:cad>80</gpxtpx:cad>
      </gpxtpx:TrackPointExtension></extensions>
    </trkpt>
    <trkpt lat="50.3340090" lon="6.9503000">
      <ele>504.2</ele>
      <time>2024-07-15T17:57:10Z</time>
      <extensions><power>286</power><gpxtpx:TrackPointExtension>
        <gpxtpx:atemp>-11</gpxtpx:atemp>
        <gpxtpx:hr>161</gpxtpx:hr>
        <gpxtpx:cad>80</gpxtpx:cad>
      </gpxtpx:TrackPointExtension></extensions>
    </trkpt>
    <trkpt lat="50.3339679" lon="6.9502962">
      <ele>504.0</ele>
      <time>2024-07-15T17:57:11Z</time>
      <extensions><power>283</power><gpxtpx:TrackPointExtension>
        <gpxtpx:atemp>-11</gpxtpx:atemp>
        <gpxtpx:hr>160</gpxtpx:hr>
        <gpxtpx:cad>80</gpxtpx:cad>
      </gpxtpx:TrackPointExtension></extensions>
    </trkpt>
    <trkpt lat="50.3339279" lon="6.9502847">
      <ele>503.9</ele>
      <time>2024-07-15T17:57:12Z</time>
      <extensions><power>280</power><gpxtpx:TrackPointExtension>
        <gpxtpx:atemp>-11</gpxtpx:atemp>
        <gpxtpx:hr>158</gpxtpx:hr>
        <gpxtpx:cad>80</gpxtpx:cad>
      </gpxtpx:TrackPointExtension></extensions>
    </trkpt>
    <trkpt lat="50.3338891" lon="6.9502655">
      <ele>503.7</ele>
      <time>2024-07-15T17:57:13Z</time>
      <extensions><power>277</power><gpxtpx:TrackPointExtension>
        <gpxtpx:atemp>-11</gpxtpx:atemp>
        <gpxtpx:hr>157</gpxtpx:hr>
        <gpxtpx:cad>81</gpxtpx:cad>
      </gpxtpx:TrackPointExtension></extensions>
    </trkpt>
    <trkpt lat="50.3338514" lon="6.9502388">
      <ele>503.5</ele>
      <time>2024-07-15T17:57:14Z</time>
      <extensions><power>275</power><gpxtpx:TrackPointExtension>
        <gpxtpx:atemp>-11</gpxtpx:atemp>
        <gpxtpx:hr>156</gpxtpx:hr>
        <gpxtpx:cad>81</gpxtpx:cad>
      </gpxtpx:TrackPointExtension></extensions>
    </trkpt>
    <trkpt lat="50.3338150" lon="6.9502046">
      <ele>503.4</ele>
      <time>2024-07-15T17:57:15Z</time>
      <extensions><power>272</power><gpxtpx:TrackPointExtension>
        <gpxtpx:atemp>-10</gpxtpx:atemp>
        <gpxtpx:hr>154</gpxtpx:hr>
        <gpxtpx:cad>81</gpxtpx:cad>
      </gpxtpx:TrackPointExtension></extensions>
    </trkpt>
    <trkpt lat="50.3337797" lon="6.9501630">
      <ele>503.2</ele>
      <time>2024-07-15T17:57:16Z</time>
      <extensions><power>269</power><gpxtpx:TrackPointExtension>
        <gpxtpx:atemp>-10</gpxtpx:atemp>
        <gpxtpx:hr>153</gpxtpx:hr>
        <gpxtpx:cad>81</gpxtpx:cad>
      </gpxtpx:TrackPointExtension></extensions>
    </trkpt>
    <trkpt lat="50.3337457" lon="6.9501140">
      <ele>503.0</ele>
      <time>2024-07-15T17:57:17Z</time>
      <extensions><power>267</power><gpxtpx:TrackPointExtension>
        <gpxtpx:atemp>-10</gpxtpx:atemp>
        <gpxtpx:hr>151</gpxtpx:hr>
        <gpxtpx:cad>81</gpxtpx:cad>
      </gpxtpx:TrackPointExtension></extensions>
    </trkpt>
    <trkpt lat="50.3337130" lon="6.9500579">
      <ele>502.9</ele>
      <time>2024-07-15T17:57:18Z</time>
      <extensions><power>264</power><gpxtpx:TrackPointExtension>
        <gpxtpx:atemp>-10</gpxtpx:atemp>
        <gpxtpx:hr>150</gpxtpx:hr>
        <gpxtpx:cad>82</gpxtpx:cad>
      </gpxtpx:TrackPointExtension></extensions>
    </trkpt>
    <trkpt lat="50.3336816" lon="6.9499948">
      <ele>502.7</ele>
      <time>2024-07-15T17:57:19Z</time>
      <extensions><power>262</power><gpxtpx:TrackPointExtension>
        <gpxtpx:atemp>-10</gpxtpx:atemp>
        <gpxtpx:hr>149</gpxtpx:hr>
        <gpxtpx:cad>82</gpxtpx:cad>
      </gpxtpx:TrackPointExtension></extensions>
    </trkpt>
    <trkpt lat="50.3336514" lon="6.9499249">
      <ele>502.5</ele>
      <time>2024-07-15T17:57:20Z</time>
      <extensions><power>260</power><gpxtpx:TrackPointExtension>
        <gpxtpx:atemp>-10</gpxtpx:atemp>
        <gpxtpx:hr>148</gpxtpx:hr>
        <gpxtpx:cad>82</gpxtpx:cad>
      </gpxtpx:TrackPointExtension></extensions>
    </trkpt>
    <trkpt lat="50.3336227" lon="6.9498483">
      <ele>502.3</ele>
      <time>2024-07-15T17:57:21Z</time>
      <extensions><power>258</power><gpxtpx:TrackPointExtension>
        <gpxtpx:atemp>-9</gpxtpx:atemp>
        <gpxtpx:hr>147</gpxtpx:hr>
        <gpxtpx:cad>82</gpxtpx:cad>
      </gpxtpx:TrackPointExtension></extensions>
    </trkpt>
    <trkpt lat="50.3335952" lon="6.9497652">
      <ele>502.1</ele>
      <time>2024-07-15T17:57:22Z</time>
      <extensions><power>256</power><gpxtpx:TrackPointExtension>
        <gpxtpx:atemp>-9</gpxtpx:atemp>
        <gpxtpx:hr>146</gpxtpx:hr>
        <gpxtpx:cad>83</gpxtpx:cad>
      </gpxtpx:TrackPointExtension></extensions>
    </trkpt>
    <trkpt lat="50.3335692" lon="6.9496760">
      <ele>501.9</ele>
      <time>2024-07-15T17:57:23Z</time>
      <extensions><power>255</power><gpxtpx:TrackPointExtension>
        <gpxtpx:atemp>-9</gpxtpx:atemp>
        <gpxtpx:hr>146</gpxtpx:hr>
        <gpxtpx:cad>83</gpxtpx:cad>
      </gpxtpx:TrackPointExtension></extensions>
    </trkpt>
    <trkpt lat="50.3335445" lon="6.9495808">
      <ele>501.7</ele>
      <time>2024-07-15T17:57:24Z</time>
      <extensions><power>253</power><gpxtpx:TrackPointExtension>
        <gpxtpx:atemp>-9</gpxtpx:atemp>
        <gpxtpx:hr>146</gpxtpx:hr>
        <gpxtpx:cad>83</gpxtpx:cad>
      </gpxtpx:TrackPointExtension></extensions>
    </trkpt>
    <trkpt lat="50.3335213" lon="6.9494799">
      <ele>501.5</ele>
      <time>2024-07-15T17:57:25Z</time>
      <extensions><power>252</power><gpxtpx:TrackPointExtension>
        <gpxtpx:atemp>-8</gpxtpx:atemp>
        <gpxtpx:hr>145</gpxtpx:hr>
        <gpxtpx:cad>83</gpxtpx:cad>
      </gpxtpx:TrackPointExtension></extensions>
    </trkpt>
    <trkpt lat="50.3334994" lon="6.9493736">
      <ele>501.3</ele>
      <time>2024-07-15T17:57:26Z</time>
      <extensions><power>251</power><gpxtpx:TrackPointExtension>
        <gpxtpx:atemp>-8</gpxtpx:atemp>
        <gpxtpx:hr>146</gpxtpx:hr>
        <gpxtpx:cad>84</gpxtpx:cad>
      </gpxtpx:TrackPointExtension></extensions>
    </trkpt>
    <trkpt lat="50.3334791" lon="6.9492621">
      <ele>501.1</ele>
      <time>2024-07-15T17:57:27Z</time>
      <extensions><power>250</power><gpxtpx:TrackPointExtension>
        <gpxtpx:atemp>-8</gpxtpx:atemp>
        <gpxtpx:hr>146</gpxtpx:hr>
        <gpxtpx:cad>84</gpxtpx:cad>
      </gpxtpx:TrackPointExtension></extensions>
    </trkpt>
    <trkpt lat="50.3334601" lon="6.9491458">
      <ele>500.8</ele>
      <time>2024-07-15T17:57:28Z</time>
      <extensions><power>250</power><gpxtpx:TrackPointExtension>
        <gpxtpx:atemp>-8</gpxtpx:atemp>
        <gpxtpx:hr>146</gpxtpx:hr>
        <gpxtpx:cad>84</gpxtpx:cad>
      </gpxtpx:TrackPointExtension></extensions>
    </trkpt>
    <trkpt lat="50.3334427" lon="6.9490250">
      <ele>500.6</ele>
      <time>2024-07-15T17:57:29Z</time>
      <extensions><power>249</power><gpxtpx:TrackPointExtension>
        <gpxtpx:atemp>-8</gpxtpx:atemp>
        <gpxtpx:hr>147</gpxtpx:hr>
        <gpxtpx:cad>84</gpxtpx:cad>
      </gpxtpx:TrackPointExtension></extensions>
    </trkpt>
    <trkpt lat="50.3334267" lon="6.9489000">
      <ele>500.3</ele>
      <time>2024-07-15T17:57:30Z</time>
      <extensions><power>249</power><gpxtpx:TrackPointExtension>
        <gpxtpx:atemp>-7</gpxtpx:atemp>
        <gpxtpx:hr>147</gpxtpx:hr>
        <gpxtpx:cad>84</gpxtpx:cad>
      </gpxtpx:TrackPointExtension></extensions>
    </trkpt>
    <trkpt lat="50.3334122" lon="6.9487712">
      <ele>500.0</ele>
      <time>2024-07-15T17:57:31Z</time>
      <extensions><power>249</power><gpxtpx:TrackPointExtension>
        <gpxtpx:atemp>-7</gpxtpx:atemp>
        <gpxtpx:hr>148</gpxtpx:hr>
        <gpxtpx:cad>85</gpxtpx:cad>
      </gpxtpx:TrackPointExtension></extensions>
    </trkpt>
    <trkpt lat="50.3333992" lon="6.9486389">
      <ele>499.7</ele>
      <time>2024-07-15T17:57:32Z</time>
      <extensions><power>248</power><gpxtpx:TrackPointExtension>
        <gpxtpx:atemp>-7</gpxtpx:atemp>
        <gpxtpx:hr>149</gpxtpx:hr>
        <gpxtpx:cad>85</gpxtpx:cad>
      </gpxtpx:TrackPointExtension></extensions>
    </trkpt>
    <trkpt lat="50.3333877" lon="6.9485034">
      <ele>499.4</ele>
      <time>2024-07-15T17:57:33Z</time>
      <extensions><power>249</power><gpxtpx:TrackPointExtension>
        <gpxtpx:atemp>-7</gpxtpx:atemp>
        <gpxtpx:hr>149</gpxtpx:hr>
        <gpxtpx:cad>85</gpxtpx:cad>
      </gpxtpx:TrackPointExtension></extensions>
    </trkpt>
    <trkpt lat="50.3333777" lon="6.9483652">
      <ele>499.1</ele>
      <time>2024-07-15T17:57:34Z</time>
      <extensions><power>249</power><gpxtpx:TrackPointExtension>
        <gpxtpx:atemp>-6</gpxtpx:atemp>
        <gpxtpx:hr>150</gpxtpx:hr>
        <gpxtpx:cad>85</gpxtpx:cad>
      </gpxtpx:TrackPointExtension></extensions>
    </trkpt>
    <trkpt lat="50.3333692" lon="6.9482247">
      <ele>498.8</ele>
      <time>2024-07-15T17:57:35Z</time>
      <extensions><power>249</power><gpxtpx:TrackPointExtension>
        <gpxtpx:atemp>-6</gpxtpx:atemp>
        <gpxtpx:hr>150</gpxtpx:hr>
        <gpxtpx:cad>86</gpxtpx:cad>
      </gpxtpx:TrackPointExtension></extensions>
    </trkpt>
    <trkpt lat="50.3333623" lon="6.9480822">
      <ele>498.5</ele>
      <time>2024-07-15T17:57:36Z</time>
      <extensions><power>250</power><gpxtpx:TrackPointExtension>
        <gpxtpx:atemp>-6</gpxtpx:atemp>
        <gpxtpx:hr>151</gpxtpx:hr>
        <gpxtpx:cad>86</gpxtpx:cad>
      </gpxtpx:TrackPointExtension></extensions>
    </trkpt>
    <trkpt lat="50.3333569" lon="6.9479380">
      <ele>498.1</ele>
      <time>2024-07-15T17:57:37Z</time>
      <extensions><power>250</power><gpxtpx:TrackPointExtension>
        <gpxtpx:atemp>-6</gpxtpx:atemp>
        <gpxtpx:hr>151</gpxtpx:hr>
        <gpxtpx:cad>86</gpxtpx:cad>
      </gpxtpx:TrackPointExtension></extensions>
    </trkpt>
    <trkpt lat="50.3333531" lon="6.9477927">
      <ele>497.8</ele>
      <time>2024-07-15T17:57:38Z</time>
      <extensions><power>251</power><gpxtpx:TrackPointExtension>
        <gpxtpx:atemp>-5</gpxtpx:atemp>
        <gpxtpx:hr>151</gpxtpx:hr>
        <gpxtpx:cad>86</gpxtpx:cad>
      </gpxtpx:TrackPointExtension></extensions>
    </trkpt>
    <trkpt lat="50.3333508" lon="6.9476465">
      <ele>497.4</ele>
      <time>2024-07-15T17:57:39Z</time>
      <extensions><power>251</power><gpxtpx:TrackPointExtension>
        <gpxtpx:atemp>-5</gpxtpx:atemp>
        <gpxtpx:hr>151</gpxtpx:hr>
        <gpxtpx:cad>86</gpxtpx:cad>
      </gpxtpx:TrackPointExtension></extensions>
    </trkpt>
    <trkpt lat="50.3333500" lon="6.9475000">
      <ele>497.0</ele>
      <time>2024-07-15T17:57:40Z</time>
      <extensions><power>252</power><gpxtpx:TrackPointExtension>
        <gpxtpx:atemp>-5</gpxtpx:atemp>
        <gpxtpx:hr>151</gpxtpx:hr>
        <gpxtpx:cad>87</gpxtpx:cad>
      </gpxtpx:TrackPointExtension></extensions>
    </trkpt>
    <trkpt lat="50.3333508" lon="6.9473535">
      <ele>496.6</ele>
      <time>2024-07-15T17:57:41Z</time>
      <extensions><power>253</power><gpxtpx:TrackPointExtension>
        <gpxtpx:atemp>-5</gpxtpx:atemp>
        <gpxtpx:hr>150</gpxtpx:hr>
        <gpxtpx:cad>87</gpxtpx:cad>
      </gpxtpx:TrackPointExtension></extensions>
    </trkpt>
    <trkpt lat="50.3333531" lon="6.9472073">
      <ele>496.2</ele>
      <time>2024-07-15T17:57:42Z</time>
      <extensions><power>253</power><gpxtpx:TrackPointExtension>
        <gpxtpx:atemp>-5</gpxtpx:atemp>
        <gpxtpx:hr>149</gpxtpx:hr>
        <gpxtpx:cad>87</gpxtpx:cad>
      </gpxtpx:TrackPointExtension></extensions>
    </trkpt>
    <trkpt lat="50.3333569" lon="6.9470620">
      <ele>495.8</ele>
      <time>2024-07-15T17:57:43Z</time>
      <extensions><power>254</power><gpxtpx:TrackPointExtension>
        <gpxtpx:atemp>-4</gpxtpx:atemp>
        <gpxtpx:hr>148</gpxtpx:hr>
        <gpxtpx:cad>87</gpxtpx:cad>
      </gpxtpx:TrackPointExtension></extensions>
    </trkpt>
    <trkpt lat="50.3333623" lon="6.9469178">
      <ele>495.3</ele>
      <time>2024-07-15T17:57:44Z</time>
      <extensions><power>254</power><gpxtpx:TrackPointExtension>
        <gpxtpx:atemp>-4</gpxtpx:atemp>
        <gpxtpx:hr>147</gpxtpx:hr>
        <gpxtpx:cad>87</gpxtpx:cad>
      </gpxtpx:TrackPointExtension></extensions>
    </trkpt>
    <trkpt lat="50.3333692" lon="6.9467753">
      <ele>494.9</ele>
      <time>2024-07-15T17:57:45Z</time>
      <extensions><power>255</power><gpxtpx:TrackPointExtension>
        <gpxtpx:atemp>-4</gpxtpx:atemp>
        <gpxtpx:hr>146</gpxtpx:hr>
        <gpxtpx:cad>88</gpxtpx:cad>
      </gpxtpx:TrackPointExtension></extensions>
    </trkpt>
    <trkpt lat="50.3333777" lon="6.9466348">
      <ele>494.4</ele>
      <time>2024-07-15T17:57:46Z</time>
      <extensions><power>255</power><gpxtpx:TrackPointExtension>
        <gpxtpx:atemp>-4</gpxtpx:atemp>
        <gpxtpx:hr>145</gpxtpx:hr>
        <gpxtpx:cad>88</gpxtpx:cad>
      </gpxtpx:TrackPointExtension></extensions>
    </trkpt>
    <trkpt lat="50.3333877" lon="6.9464966">
      <ele>494.0</ele>
      <time>2024-07-15T17:57:47Z</time>
      <extensions><power>255</power><gpxtpx:TrackPointExtension>
        <gpxtpx:atemp>-3</gpxtpx:atemp>
        <gpxtpx:hr>143</gpxtpx:hr>
        <gpxtpx:cad>88</gpxtpx:cad>
      </gpxtpx:TrackPointExtension></extensions>
    </trkpt>
    <trkpt lat="50.3333992" lon="6.9463611">
      <ele>493.5</ele>
      <time>2024-07-15T17:57:48Z</time>
      <extensions><power>256</power><gpxtpx:TrackPointExtension>
        <gpxtpx:atemp>-3</gpxtpx:atemp>
        <gpxtpx:hr>142</gpxtpx:hr>
        <gpxtpx:cad>88</gpxtpx:cad>
      </gpxtpx:TrackPointExtension></extensions>
    </trkpt>
    <trkpt lat="50.3334122" lon="6.9462288">
      <ele>493.0</ele>
      <time>2024-07-15T17:57:49Z</time>
      <extensions><power>255</power><gpxtpx:TrackPointExtension>
        <gpxtpx:atemp>-3</gpxtpx:atemp>
        <gpxtpx:hr>140</gpxtpx:hr>
        <gpxtpx:cad>88</gpxtpx:cad>
      </gpxtpx:TrackPointExtension></extensions>
    </trkpt>
    <trkpt lat="50.3334267" lon="6.9461000">
      <ele>492.5</ele>
      <time>2024-07-15T17:57:50Z</time>
      <extensions><power>255</power><gpxtpx:TrackPointExtension>
        <gpxtpx:atemp>-3</gpxtpx:atemp>
        <gpxtpx:hr>139</gpxtpx:hr>
        <gpxtpx:cad>88</gpxtpx:cad>
      </gpxtpx:TrackPointExtension></extensions>
    </trkpt>
    <trkpt lat="50.3334427" lon="6.9459750">
      <ele>492.0</ele>
      <time>2024-07-15T17:57:51Z</time>
      <extensions><power>255</power><gpxtpx:TrackPointExtension>
        <gpxtpx:atemp>-2</gpxtpx:atemp>
        <gpxtpx:hr>137</gpxtpx:hr>
        <gpxtpx:cad>88</gpxtpx:cad>
      </gpxtpx:TrackPointExtension></extensions>
    </trkpt>
    <trkpt lat="50.3334601" lon="6.9458542">
      <ele>491.5</ele>
      <time>2024-07-15T17:57:52Z</time>
      <extensions><power>254</power><gpxtpx:TrackPointExtension>
        <gpxtpx:atemp>-2</gpxtpx:atemp>
        <gpxtpx:hr>136</gpxtpx:hr>
        <gpxtpx:cad>89</gpxtpx:cad>
      </gpxtpx:TrackPointExtension></extensions>
    </trkpt>
    <trkpt lat="50.3334791" lon="6.9457379">
      <ele>491.0</ele>
      <time>2024-07-15T17:57:53Z</time>
      <extensions><power>254</power><gpxtpx:TrackPointExtension>
        <gpxtpx:atemp>-2</gpxtpx:atemp>
        <gpxtpx:hr>134</gpxtpx:hr>
        <gpxtpx:cad>89</gpxtpx:cad>
      </gpxtpx:TrackPointExtension></extensions>
    </trkpt>
    <trkpt lat="50.3334994" lon="6.9456264">
      <ele>490.5</ele>
      <time>2024-07-15T17:57:54Z</time>
      <extensions><power>253</power><gpxtpx:TrackPointExtension>
        <gpxtpx:atemp>-2</gpxtpx:atemp>
        <gpxtpx:hr>133</gpxtpx:hr>
        <gpxtpx:cad>89</gpxtpx:cad>
      </gpxtpx:TrackPointExtension></extensions>
    </trkpt>
    <trkpt lat="50.3335213" lon="6.9455201">
      <ele>490.0</ele>
      <time>2024-07-15T17:57:55Z</time>
      <extensions><power>252</power><gpxtpx:TrackPointExtension>
        <gpxtpx:atemp>-2</gpxtpx:atemp>
        <gpxtpx:hr>132</gpxtpx:hr>
        <gpxtpx:cad>89</gpxtpx:cad>
      </gpxtpx:TrackPointExtension></extensions>
    </trkpt>
    <trkpt lat="50.3335445" lon="6.9454192">
      <ele>489.5</ele>
      <time>2024-07-15T17:57:56Z</time>
      <extensions><power>251</power><gpxtpx:TrackPointExtension>
        <gpxtpx:atemp>-1</gpxtpx:atemp>
        <gpxtpx:hr>132</gpxtpx:hr>
        <gpxtpx:cad>89</gpxtpx:cad>
      </gpxtpx:TrackPointExtension></extensions>
    </trkpt>
    <trkpt lat="50.3335692" lon="6.9453240">
      <ele>489.0</ele>
      <time>2024-07-15T17:57:57Z</time>
      <extensions><power>249</power><gpxtpx:TrackPointExtension>
        <gpxtpx:atemp>-1</gpxtpx:atemp>
        <gpxtpx:hr>131</gpxtpx:hr>
        <gpxtpx:cad>89</gpxtpx:cad>
      </gpxtpx:TrackPointExtension></extensions>
    </trkpt>
    <trkpt lat="50.3335952" lon="6.9452348">
      <ele>488.5</ele>
      <time>2024-07-15T17:57:58Z</time>
      <extensions><power>248</power><gpxtpx:TrackPointExtension>
        <gpxtpx:atemp>-1</gpxtpx:atemp>
        <gpxtpx:hr>131</gpxtpx:hr>
        <gpxtpx:cad>89</gpxtpx:cad>
      </gpxtpx:TrackPointExtension></extensions>
    </trkpt>
    <trkpt lat="50.3336227" lon="6.9451517">
      <ele>488.0</ele>
      <time>2024-07-15T17:57:59Z</time>
      <extensions><power>246</power><gpxtpx:TrackPointExtension>
        <gpxtpx:atemp>-1</gpxtpx:atemp>
        <gpxtpx:hr>131</gpxtpx:hr>
        <gpxtpx:cad>90</gpxtpx:cad>
      </gpxtpx:TrackPointExtension></extensions>
    </trkpt>
    <trkpt lat="50.3336514" lon="6.9450751">
      <ele>487.5</ele>
      <time>2024-07-15T17:58:00Z</time>
      <extensions><power>244</power><gpxtpx:TrackPointExtension>
        <gpxtpx:atemp>0</gpxtpx:atemp>
        <gpxtpx:hr>131</gpxtpx:hr>
        <gpxtpx:cad>90</gpxtpx:cad>
      </gpxtpx:TrackPointExtension></extensions>
    </trkpt>
    <trkpt lat="50.3336816" lon="6.9450052">
      <ele>487.0</ele>
      <time>2024-07-15T17:58:01Z</time>
      <extensions><power>242</power><gpxtpx:TrackPointExtension>
        <gpxtpx:atemp>0</gpxtpx:atemp>
        <gpxtpx:hr>131</gpxtpx:hr>
        <gpxtpx:cad>90</gpxtpx:cad>
      </gpxtpx:TrackPointExtension></extensions>
    </trkpt>
    <trkpt lat="50.3337130" lon="6.9449421">
      <ele>486.5</ele>
      <time>2024-07-15T17:58:02Z</time>
      <extensions><power>240</power><gpxtpx:TrackPointExtension>
        <gpxtpx:atemp>0</gpxtpx:atemp>
        <gpxtpx:hr>131</gpxtpx:hr>
        <gpxtpx:cad>90</gpxtpx:cad>
      </gpxtpx:TrackPointExtension></extensions>
    </trkpt>
    <trkpt lat="50.3337457" lon="6.9448860">
      <ele>486.0</ele>
      <time>2024-07-15T17:58:03Z</time>
      <extensions><power>237</power><gpxtpx:TrackPointExtension>
        <gpxtpx:atemp>0</gpxtpx:atemp>
        <gpxtpx:hr>132</gpxtpx:hr>
        <gpxtpx:cad>90</gpxtpx:cad>
      </gpxtpx:TrackPointExtension></extensions>
    </trkpt>
    <trkpt lat="50.3337797" lon="6.9448370">
      <ele>485.6</ele>
      <time>2024-07-15T17:58:04Z</time>
      <extensions><power>235</power><gpxtpx:TrackPointExtension>
        <gpxtpx:atemp>0</gpxtpx:atemp>
        <gpxtpx:hr>133</gpxtpx:hr>
        <gpxtpx:cad>90</gpxtpx:cad>
      </gpxtpx:TrackPointExtension></extensions>
    </trkpt>
    <trkpt lat="50.3338150" lon="6.9447954">
      <ele>485.1</ele>
      <time>2024-07-15T17:58:05Z</time>
      <extensions><power>232</power><gpxtpx:TrackPointExtension>
        <gpxtpx:atemp>0</gpxtpx:atemp>
        <gpxtpx:hr>133</gpxtpx:hr>
        <gpxtpx:cad>90</gpxtpx:cad>
      </gpxtpx:TrackPointExtension></extensions>
    </trkpt>
    <trkpt lat="50.3338514" lon="6.9447612">
      <ele>484.7</ele>
      <time>2024-07-15T17:58:06Z</time>
      <extensions><power>229</power><gpxtpx:TrackPointExtension>
        <gpxtpx:atemp>1</gpxtpx:atemp>
        <gpxtpx:hr>134</gpxtpx:hr>
        <gpxtpx:cad>90</gpxtpx:cad>
      </gpxtpx:TrackPointExtension></extensions>
    </trkpt>
    <trkpt lat="50.3338891" lon="6.9447345">
      <ele>484.2</ele>
      <time>2024-07-15T17:58:07Z</time>
      <extensions><power>227</power><gpxtpx:TrackPointExtension>
        <gpxtpx:atemp>1</gpxtpx:atemp>
        <gpxtpx:hr>135</gpxtpx:hr>
        <gpxtpx:cad>90</gpxtpx:cad>
      </gpxtpx:TrackPointExtension></extensions>
    </trkpt>
    <trkpt lat="50.3339279" lon="6.9447153">
      <ele>483.8</ele>
      <time>2024-07-15T17:58:08Z</time>
      <extensions><power>224</power><gpxtpx:TrackPointExtension>
        <gpxtpx:atemp>1</gpxtpx:atemp>
        <gpxtpx:hr>136</gpxtpx:hr>
        <gpxtpx:cad>90</gpxtpx:cad>
      </gpxtpx:TrackPointExtension></extensions>
    </trkpt>
    <trkpt lat="50.3339679" lon="6.9447038">
      <ele>483.4</ele>
      <time>2024-07-15T17:58:09Z</time>
      <extensions><power>221</power><gpxtpx:TrackPointExtension>
        <gpxtpx:atemp>1</gpxtpx:atemp>
        <gpxtpx:hr>136</gpxtpx:hr>
        <gpxtpx:cad>90</gpxtpx:cad>
      </gpxtpx:TrackPointExtension></extensions>
    </trkpt>
    <trkpt lat="50.3340090" lon="6.9447000">
      <ele>483.0</ele>
      <time>2024-07-15T17:58:10Z</time>
      <extensions><power>218</power><gpxtpx:TrackPointExtension>
        <gpxtpx:atemp>1</gpxtpx:atemp>
        <gpxtpx:hr>137</gpxtpx:hr>
        <gpxtpx:cad>90</gpxtpx:cad>
      </gpxtpx:TrackPointExtension></extensions>
    </trkpt>
    <trkpt lat="50.3340512" lon="6.9447038">
      <ele>482.6</ele>
      <time>2024-07-15T17:58:11Z</time>
      <extensions><power>216</power><gpxtpx:TrackPointExtension>
        <gpxtpx:atemp>2</gpxtpx:atemp>
        <gpxtpx:hr>137</gpxtpx:hr>
        <gpxtpx:cad>90</gpxtpx:cad>
      </gpxtpx:TrackPointExtension></extensions>
    </trkpt>
    <trkpt lat="50.3340945" lon="6.9447153">
      <ele>482.2</ele>
      <time>2024-07-15T17:58:12Z</time>
      <extensions><power>213</power><gpxtpx:TrackPointExtension>
        <gpxtpx:atemp>2</gpxtpx:atemp>
        <gpxtpx:hr>137</gpxtpx:hr>
        <gpxtpx:cad>90</gpxtpx:cad>
      </gpxtpx:TrackPointExtension></extensions>
    </trkpt>
    <trkpt lat="50.3341387" lon="6.9447345">
      <ele>481.9</ele>
      <time>2024-07-15T17:58:13Z</time>
      <extensions><power>210</power><gpxtpx:TrackPointExtension>
        <gpxtpx:atemp>2</gpxtpx:atemp>
        <gpxtpx:hr>137</gpxtpx:hr>
        <gpxtpx:cad>90</gpxtpx:cad>
      </gpxtpx:TrackPointExtension></extensions>
    </trkpt>
    <trkpt lat="50.3341840" lon="6.9447612">
      <ele>481.6</ele>
      <time>2024-07-15T17:58:14Z</time>
      <extensions><power>208</power><gpxtpx:TrackPointExtension>
        <gpxtpx:atemp>2</gpxtpx:atemp>
        <gpxtpx:hr>137</gpxtpx:hr>
        <gpxtpx:cad>90</gpxtpx:cad>
      </gpxtpx:TrackPointExtension></extensions>
    </trkpt>
    <trkpt lat="50.3342303" lon="6.9447954">
      <ele>481.3</ele>
      <time>2024-07-15T17:58:15Z</time>
      <extensions><power>205</power><gpxtpx:TrackPointExtension>
        <gpxtpx:atemp>2</gpxtpx:atemp>
        <gpxtpx:hr>137</gpxtpx:hr>
        <gpxtpx:cad>90</gpxtpx:cad>
      </gpxtpx:TrackPointExtension></extensions>
    </trkpt>
    <trkpt lat="50.3342775" lon="6.9448370">
      <ele>481.0</ele>
      <time>2024-07-15T17:58:16Z</time>
      <extensions><power>203</power><gpxtpx:TrackPointExtension>
        <gpxtpx:atemp>2</gpxtpx:atemp>
        <gpxtpx:hr>136</gpxtpx:hr>
        <gpxtpx:cad>90</gpxtpx:cad>
      </gpxtpx:TrackPointExtension></extensions>
    </trkpt>
    <trkpt lat="50.3343256" lon="6.9448860">
      <ele>480.7</ele>
      <time>2024-07-15T17:58:17Z</time>
      <extensions><power>201</power><gpxtpx:TrackPointExtension>
        <gpxtpx:atemp>2</gpxtpx:atemp>
        <gpxtpx:hr>136</gpxtpx:hr>
        <gpxtpx:cad>90</gpxtpx:cad>
      </gpxtpx:TrackPointExtension></extensions>
    </trkpt>
    <trkpt lat="50.3343746" lon="6.9449421">
      <ele>480.4</ele>
      <time>2024-07-15T17:58:18Z</time>
      <extensions><power>199</power><gpxtpx:TrackPointExtension>
        <gpxtpx:atemp>3</gpxtpx:atemp>
        <gpxtpx:hr>135</gpxtpx:hr>
        <gpxtpx:cad>90</gpxtpx:cad>
      </gpxtpx:TrackPointExtension></extensions>
    </trkpt>
    <trkpt lat="50.3344244" lon="6.9450052">
      <ele>480.2</ele>
      <time>2024-07-15T17:58:19Z</time>
      <extensions><power>197</power><gpxtpx:TrackPointExtension>
        <gpxtpx:atemp>3</gpxtpx:atemp>
        <gpxtpx:hr>134</gpxtpx:hr>
        <gpxtpx:cad>90</gpxtpx:cad>
      </gpxtpx:TrackPointExtension></extensions>
    </trkpt>
    <trkpt lat="50.3344750" lon="6.9450751">
      <ele>480.0</ele>
      <time>2024-07-15T17:58:20Z</time>
      <extensions><power>195</power><gpxtpx:TrackPointExtension>
        <gpxtpx:atemp>3</gpxtpx:atemp>
        <gpxtpx:hr>133</gpxtpx:hr>
        <gpxtpx:cad>90</gpxtpx:cad>
      </gpxtpx:TrackPointExtension></extensions>
    </trkpt>
    <trkpt lat="50.3345264" lon="6.9451517">
      <ele>479.8</ele>
      <time>2024-07-15T17:58:21Z</time>
      <extensions><power>194</power><gpxtpx:TrackPointExtension>
        <gpxtpx:atemp>3</gpxtpx:atemp>
        <gpxtpx:hr>132</gpxtpx:hr>
        <gpxtpx:cad>90</gpxtpx:cad>
      </gpxtpx:TrackPointExtension></extensions>
    </trkpt>
    <trkpt lat="50.3345785" lon="6.9452348">
      <ele>479.7</ele>
      <time>2024-07-15T17:58:22Z</time>
      <extensions><power>193</power><gpxtpx:TrackPointExtension>
        <gpxtpx:atemp>3</gpxtpx:atemp>
        <gpxtpx:hr>130</gpxtpx:hr>
        <gpxtpx:cad>90</gpxtpx:cad>
      </gpxtpx:TrackPointExtension></extensions>
    </trkpt>
    <trkpt lat="50.3346314" lon="6.9453240">
      <ele>479.5</ele>
      <time>2024-07-15T17:58:23Z</time>
      <extensions><power>192</power><gpxtpx:TrackPointExtension>
        <gpxtpx:atemp>3</gpxtpx:atemp>
        <gpxtpx:hr>129</gpxtpx:hr>
        <gpxtpx:cad>90</gpxtpx:cad>
      </gpxtpx:TrackPointExtension></extensions>
    </trkpt>
    <trkpt lat="50.3346848" lon="6.9454192">
      <ele>479.4</ele>
      <time>2024-07-15T17:58:24Z</time>
      <extensions><power>191</power><gpxtpx:TrackPointExtension>
        <gpxtpx:atemp>3</gpxtpx:atemp>
        <gpxtpx:hr>128</gpxtpx:hr>
        <gpxtpx:cad>90</gpxtpx:cad>
      </gpxtpx:TrackPointExtension></extensions>
    </trkpt>
    <trkpt lat="50.3347390" lon="6.9455201">
      <ele>479.3</ele>
      <time>2024-07-15T17:58:25Z</time>
      <extensions><power>190</power><gpxtpx:TrackPointExtension>
        <gpxtpx:atemp>3</gpxtpx:atemp>
        <gpxtpx:hr>126</gpxtpx:hr>
        <gpxtpx:cad>90</gpxtpx:cad>
      </gpxtpx:TrackPointExtension></extensions>
    </trkpt>
    <trkpt lat="50.3347937" lon="6.9456264">
      <ele>479.2</ele>
      <time>2024-07-15T17:58:26Z</time>
      <extensions><power>190</power><gpxtpx:TrackPointExtension>
        <gpxtpx:atemp>3</gpxtpx:atemp>
        <gpxtpx:hr>125</gpxtpx:hr>
        <gpxtpx:cad>90</gpxtpx:cad>
      </gpxtpx:TrackPointExtension></extensions>
    </trkpt>
    <trkpt lat="50.3348489" lon="6.9457379">
      <ele>479.2</ele>
      <time>2024-07-15T17:58:27Z</time>
      <extensions><power>190</power><gpxtpx:TrackPointExtension>
        <gpxtpx:atemp>3</gpxtpx:atemp>
        <gpxtpx:hr>124</gpxtpx:hr>
        <gpxtpx:cad>90</gpxtpx:cad>
      </gpxtpx:TrackPointExtension></extensions>
    </trkpt>
    <trkpt lat="50.3349047" lon="6.9458542">
      <ele>479.1</ele>
      <time>2024-07-15T17:58:28Z</time>
      <extensions><power>190</power><gpxtpx:TrackPointExtension>
        <gpxtpx:atemp>4</gpxtpx:atemp>
        <gpxtpx:hr>123</gpxtpx:hr>
        <gpxtpx:cad>90</gpxtpx:cad>
      </gpxtpx:TrackPointExtension></extensions>
    </trkpt>
    <trkpt lat="50.3349610" lon="6.9459750">
      <ele>479.1</ele>
      <time>2024-07-15T17:58:29Z</time>
      <extensions><power>190</power><gpxtpx:TrackPointExtension>
        <gpxtpx:atemp>4</gpxtpx:atemp>
        <gpxtpx:hr>123</gpxtpx:hr>
        <gpxtpx:cad>90</gpxtpx:cad>
      </gpxtpx:TrackPointExtension></extensions>
    </trkpt>
    <trkpt lat="50.3350177" lon="6.9461000">
      <ele>479.1</ele>
      <time>2024-07-15T17:58:30Z</time>
      <extensions><power>191</power><gpxtpx:TrackPointExtension>
        <gpxtpx:atemp>4</gpxtpx:atemp>
        <gpxtpx:hr>122</gpxtpx:hr>
        <gpxtpx:cad>90</gpxtpx:cad>
      </gpxtpx:TrackPointExtension></extensions>
    </trkpt>
    <trkpt lat="50.3350747" lon="6.9462288">
      <ele>479.1</ele>
      <time>2024-07-15T17:58:31Z</time>
      <extensions><power>191</power><gpxtpx:TrackPointExtension>
        <gpxtpx:atemp>4</gpxtpx:atemp>
        <gpxtpx:hr>122</gpxtpx:hr>
        <gpxtpx:cad>90</gpxtpx:cad>
      </gpxtpx:TrackPointExtension></extensions>
    </trkpt>
    <trkpt lat="50.3351322" lon="6.9463611">
      <ele>479.2</ele>
      <time>2024-07-15T17:58:32Z</time>
      <extensions><power>192</power><gpxtpx:TrackPointExtension>
        <gpxtpx:atemp>4</gpxtpx:atemp>
        <gpxtpx:hr>122</gpxtpx:hr>
        <gpxtpx:cad>90</gpxtpx:cad>
      </gpxtpx:TrackPointExtension></extensions>
    </trkpt>
    <trkpt lat="50.3351900" lon="6.9464966">
      <ele>479.2</ele>
      <time>2024-07-15T17:58:33Z</time>
      <extensions><power>193</power><gpxtpx:TrackPointExtension>
        <gpxtpx:atemp>4</gpxtpx:atemp>
        <gpxtpx:hr>122</gpxtpx:hr>
        <gpxtpx:cad>90</gpxtpx:cad>
      </gpxtpx:TrackPointExtension></extensions>
    </trkpt>
    <trkpt lat="50.3352480" lon="6.9466348">
      <ele>479.3</ele>
      <time>2024-07-15T17:58:34Z</time>
      <extensions><power>195</power><gpxtpx:TrackPointExtension>
        <gpxtpx:atemp>4</gpxtpx:atemp>
        <gpxtpx:hr>122</gpxtpx:hr>
        <gpxtpx:cad>90</gpxtpx:cad>
      </gpxtpx:TrackPointExtension></extensions>
    </trkpt>
    <trkpt lat="50.3353063" lon="6.9467753">
      <ele>479.4</ele>
      <time>2024-07-15T17:58:35Z</time>
      <extensions><power>196</power><gpxtpx:TrackPointExtension>
        <gpxtpx:atemp>4</gpxtpx:atemp>
        <gpxtpx:hr>123</gpxtpx:hr>
        <gpxtpx:cad>90</gpxtpx:cad>
      </gpxtpx:TrackPointExtension></extensions>
    </trkpt>
    <trkpt lat="50.3353648" lon="6.9469178">
      <ele>479.5</ele>
      <time>2024-07-15T17:58:36Z</time>
      <extensions><power>197</power><gpxtpx:TrackPointExtension>
        <gpxtpx:atemp>4</gpxtpx:atemp>
        <gpxtpx:hr>124</gpxtpx:hr>
        <gpxtpx:cad>89</gpxtpx:cad>
      </gpxtpx:TrackPointExtension></extensions>
    </trkpt>
    <trkpt lat="50.3354235" lon="6.9470620">
      <ele>479.6</ele>
      <time>2024-07-15T17:58:37Z</time>
      <extensions><power>199</power><gpxtpx:TrackPointExtension>
        <gpxtpx:atemp>4</gpxtpx:atemp>
        <gpxtpx:hr>124</gpxtpx:hr>
        <gpxtpx:cad>89</gpxtpx:cad>
      </gpxtpx:TrackPointExtension></extensions>
    </trkpt>
    <trkpt lat="50.3354822" lon="6.9472073">
      <ele>479.7</ele>
      <time>2024-07-15T17:58:38Z</time>
      <extensions><power>201</power><gpxtpx:TrackPointExtension>
        <gpxtpx:atemp>4</gpxtpx:atemp>
        <gpxtpx:hr>125</gpxtpx:hr>
        <gpxtpx:cad>89</gpxtpx:cad>
      </gpxtpx:TrackPointExtension></extensions>
    </trkpt>
    <trkpt lat="50.3355411" lon="6.9473535">
      <ele>479.8</ele>
      <time>2024-07-15T17:58:39Z</time>
      <extensions><power>203</power><gpxtpx:TrackPointExtension>
        <gpxtpx:atemp>4</gpxtpx:atemp>
        <gpxtpx:hr>126</gpxtpx:hr>
        <gpxtpx:cad>89</gpxtpx:cad>
      </gpxtpx:TrackPointExtension></extensions>
    </trkpt>
    <trkpt lat="50.3356000" lon="6.9475000">
      <ele>480.0</ele>
      <time>2024-07-15T17:58:40Z</time>
      <extensions><power>205</power><gpxtpx:TrackPointExtension>
        <gpxtpx:atemp>4</gpxtpx:atemp>
        <gpxtpx:hr>128</gpxtpx:hr>
        <gpxtpx:cad>89</gpxtpx:cad>
      </gpxtpx:TrackPointExtension></extensions>
    </trkpt>
  </trkseg></trk>
</gpx>
